medicine_id,dosage_form,category,temperature,humidity,storage_min_temp,storage_max_temp,temp_deviation_below,temp_deviation_above,temp_deviation_magnitude,excursion_duration_hours,excursion_severity_index,requires_cold_chain,is_liquid_or_injection,has_humidity_requirement,humidity_deviation,days_to_expiry,near_expiry,risk_level
MED-013,Tablet,Endocrine (Thyroid Hormone),33.3,49.6,15.0,30.0,0.0,3.3,3.3,4.4,14.52,0,0,0,0.0,263,0,LOW
MED-008,Tablet,Antibiotic (Fluoroquinolone),21.6,43.3,20.0,25.0,0.0,0.0,0.0,3.0,0.0,0,0,0,0.0,636,0,LOW
MED-021,Tablet,Respiratory (Leukotriene Antagonist),33.7,74.8,15.0,30.0,0.0,3.7,3.7,35.2,130.24,0,0,0,0.0,569,0,HIGH
MED-009,Tablet,Analgesic / NSAID,24.8,29.8,20.0,25.0,0.0,0.0,0.0,2.4,0.0,0,0,0,0.0,702,0,LOW
MED-013,Tablet,Endocrine (Thyroid Hormone),39.5,48.8,15.0,30.0,0.0,9.5,9.5,25.4,241.3,0,0,0,0.0,241,0,HIGH
MED-023,Capsule,Anticonvulsant / Neuropathic,30.9,52.0,15.0,30.0,0.0,0.9,0.9,13.1,11.79,0,0,0,0.0,16,1,MODERATE
MED-025,Tablet,Diuretic / Antihypertensive,40.8,84.3,15.0,30.0,0.0,10.8,10.8,55.6,600.48,0,0,0,0.0,16,1,HIGH
MED-001,Tablet,Analgesic / Antipyretic,17.8,79.4,20.0,25.0,2.2,0.0,2.2,10.9,23.98,0,0,0,0.0,29,1,MODERATE
MED-013,Tablet,Endocrine (Thyroid Hormone),15.2,53.6,15.0,30.0,0.0,0.0,0.0,12.8,0.0,0,0,0,0.0,293,0,LOW
MED-012,Tablet,Antihypertensive (CCB),44.9,79.3,15.0,30.0,0.0,14.9,14.9,52.7,785.23,0,0,0,0.0,56,1,HIGH
MED-005,Tablet,Antihyperlipidemic (Statin),21.3,77.1,20.0,25.0,0.0,0.0,0.0,16.6,0.0,0,0,0,0.0,142,0,LOW
MED-020,Tablet,Antidepressant (SSRI),26.9,40.7,20.0,25.0,0.0,1.9,1.9,27.5,52.25,0,0,0,0.0,323,0,MODERATE
MED-005,Tablet,Antihyperlipidemic (Statin),29.0,64.6,20.0,25.0,0.0,4.0,4.0,28.0,112.0,0,0,0,0.0,485,0,MODERATE
MED-013,Tablet,Endocrine (Thyroid Hormone),32.7,78.0,15.0,30.0,0.0,2.7,2.7,16.5,44.55,0,0,0,0.0,231,0,MODERATE
MED-004,Tablet,Antidiabetic (Biguanide),42.0,77.9,20.0,25.0,0.0,17.0,17.0,44.7,759.9,0,0,0,0.0,354,0,HIGH
MED-002,Capsule,Antibiotic (Penicillin),17.2,49.1,20.0,25.0,2.8,0.0,2.8,3.1,8.68,0,0,0,0.0,381,0,LOW
MED-001,Tablet,Analgesic / Antipyretic,30.8,33.6,20.0,25.0,0.0,5.8,5.8,15.7,91.06,0,0,0,0.0,371,0,MODERATE
MED-004,Tablet,Antidiabetic (Biguanide),25.1,50.3,20.0,25.0,0.0,0.1,0.1,21.8,2.18,0,0,0,0.0,364,0,LOW
MED-002,Capsule,Antibiotic (Penicillin),29.2,57.9,20.0,25.0,0.0,4.2,4.2,28.9,121.38,0,0,0,0.0,328,0,HIGH
MED-016,Inhalation Aerosol,Respiratory (Bronchodilator),16.4,76.0,15.0,25.0,0.0,0.0,0.0,14.1,0.0,0,1,0,0.0,533,0,LOW
MED-016,Inhalation Aerosol,Respiratory (Bronchodilator),16.3,41.9,15.0,25.0,0.0,0.0,0.0,2.9,0.0,0,1,0,0.0,427,0,LOW
MED-022,Tablet,Antiplatelet / Hematologic,43.4,71.9,15.0,30.0,0.0,13.4,13.4,28.6,383.24,0,0,0,0.0,356,0,HIGH
MED-020,Tablet,Antidepressant (SSRI),24.6,65.5,20.0,25.0,0.0,0.0,0.0,1.6,0.0,0,0,0,0.0,294,0,LOW
MED-012,Tablet,Antihypertensive (CCB),33.7,84.6,15.0,30.0,0.0,3.7,3.7,7.6,28.12,0,0,0,0.0,582,0,MODERATE
MED-006,Delayed-Release Capsule,Gastrointestinal (PPI),16.2,49.9,15.0,30.0,0.0,0.0,0.0,12.6,0.0,0,0,0,0.0,453,0,LOW
MED-009,Tablet,Analgesic / NSAID,28.7,25.6,20.0,25.0,0.0,3.7,3.7,33.6,124.32,0,0,0,0.0,518,0,HIGH
MED-022,Tablet,Antiplatelet / Hematologic,42.1,76.9,15.0,30.0,0.0,12.1,12.1,51.6,624.36,0,0,0,0.0,265,0,HIGH
MED-019,Delayed-Release Tablet,Gastrointestinal (PPI),16.5,41.5,20.0,25.0,3.5,0.0,3.5,6.1,21.35,0,0,0,0.0,163,0,MODERATE
MED-019,Delayed-Release Tablet,Gastrointestinal (PPI),29.0,64.8,20.0,25.0,0.0,4.0,4.0,17.9,71.6,0,0,0,0.0,270,0,MODERATE
MED-024,Tablet,Corticosteroid / Anti-inflammatory,17.1,51.6,20.0,25.0,2.9,0.0,2.9,4.0,11.6,0,0,0,0.0,557,0,LOW
MED-020,Tablet,Antidepressant (SSRI),28.7,39.4,20.0,25.0,0.0,3.7,3.7,2.7,9.99,0,0,0,0.0,450,0,LOW
MED-013,Tablet,Endocrine (Thyroid Hormone),31.7,26.0,15.0,30.0,0.0,1.7,1.7,13.9,23.63,0,0,0,0.0,426,0,MODERATE
MED-010,Tablet,Antihistamine,25.0,25.2,20.0,25.0,0.0,0.0,0.0,17.2,0.0,0,0,0,0.0,571,0,LOW
MED-023,Capsule,Anticonvulsant / Neuropathic,32.1,29.3,15.0,30.0,0.0,2.1,2.1,3.6,7.56,0,0,0,0.0,44,1,LOW
MED-025,Tablet,Diuretic / Antihypertensive,47.6,36.2,15.0,30.0,0.0,17.6,17.6,53.2,936.32,0,0,0,0.0,342,0,HIGH
MED-021,Tablet,Respiratory (Leukotriene Antagonist),21.7,43.5,15.0,30.0,0.0,0.0,0.0,1.3,0.0,0,0,0,0.0,128,0,LOW
MED-005,Tablet,Antihyperlipidemic (Statin),25.2,54.3,20.0,25.0,0.0,0.2,0.2,12.5,2.5,0,0,0,0.0,238,0,LOW
MED-018,Capsule,Antibiotic (Tetracycline),24.7,21.3,20.0,25.0,0.0,0.0,0.0,1.0,0.0,0,0,0,0.0,600,0,LOW
MED-019,Delayed-Release Tablet,Gastrointestinal (PPI),24.1,66.2,20.0,25.0,0.0,0.0,0.0,25.2,0.0,0,0,0,0.0,74,0,LOW
MED-002,Capsule,Antibiotic (Penicillin),30.0,60.3,20.0,25.0,0.0,5.0,5.0,17.4,87.0,0,0,0,0.0,15,1,HIGH
MED-019,Delayed-Release Tablet,Gastrointestinal (PPI),23.9,29.7,20.0,25.0,0.0,0.0,0.0,0.5,0.0,0,0,0,0.0,565,0,LOW
MED-014,Subcutaneous Injection,Endocrine (Hormone),8.2,46.6,2.0,8.0,0.0,0.2,0.2,5.6,1.12,1,1,0,0.0,79,0,LOW
MED-025,Tablet,Diuretic / Antihypertensive,43.6,64.3,15.0,30.0,0.0,13.6,13.6,42.2,573.92,0,0,0,0.0,309,0,HIGH
MED-018,Capsule,Antibiotic (Tetracycline),37.9,62.9,20.0,25.0,0.0,12.9,12.9,43.0,554.7,0,0,0,0.0,50,1,HIGH
MED-020,Tablet,Antidepressant (SSRI),26.4,56.9,20.0,25.0,0.0,1.4,1.4,22.7,31.78,0,0,0,0.0,337,0,MODERATE
MED-019,Delayed-Release Tablet,Gastrointestinal (PPI),26.2,61.1,20.0,25.0,0.0,1.2,1.2,14.7,17.64,0,0,0,0.0,35,1,MODERATE
MED-004,Tablet,Antidiabetic (Biguanide),15.4,31.4,20.0,25.0,4.6,0.0,4.6,18.4,84.64,0,0,0,0.0,477,0,MODERATE
MED-005,Tablet,Antihyperlipidemic (Statin),20.6,56.7,20.0,25.0,0.0,0.0,0.0,2.7,0.0,0,0,0,0.0,274,0,LOW
MED-024,Tablet,Corticosteroid / Anti-inflammatory,16.7,66.0,20.0,25.0,3.3,0.0,3.3,1.7,5.61,0,0,0,0.0,200,0,LOW
MED-004,Tablet,Antidiabetic (Biguanide),34.0,42.1,20.0,25.0,0.0,9.0,9.0,8.4,75.6,0,0,0,0.0,171,0,MODERATE
MED-002,Capsule,Antibiotic (Penicillin),38.1,75.0,20.0,25.0,0.0,13.1,13.1,51.7,677.27,0,0,0,0.0,159,0,HIGH
MED-001,Tablet,Analgesic / Antipyretic,29.7,29.1,20.0,25.0,0.0,4.7,4.7,20.5,96.35,0,0,0,0.0,58,1,HIGH
MED-023,Capsule,Anticonvulsant / Neuropathic,19.1,75.4,15.0,30.0,0.0,0.0,0.0,3.6,0.0,0,0,0,0.0,688,0,LOW
MED-010,Tablet,Antihistamine,28.8,83.5,20.0,25.0,0.0,3.8,3.8,7.0,26.6,0,0,0,0.0,248,0,MODERATE
MED-016,Inhalation Aerosol,Respiratory (Bronchodilator),34.9,32.7,15.0,25.0,0.0,9.9,9.9,41.0,405.9,0,1,0,0.0,83,0,HIGH
MED-007,Tablet,Antibiotic (Macrolide),15.6,62.3,15.0,30.0,0.0,0.0,0.0,9.8,0.0,0,0,0,0.0,343,0,LOW
MED-021,Tablet,Respiratory (Leukotriene Antagonist),28.4,41.8,15.0,30.0,0.0,0.0,0.0,2.1,0.0,0,0,0,0.0,501,0,LOW
MED-022,Tablet,Antiplatelet / Hematologic,43.2,63.4,15.0,30.0,0.0,13.2,13.2,49.3,650.76,0,0,0,0.0,156,0,HIGH
MED-001,Tablet,Analgesic / Antipyretic,25.7,49.9,20.0,25.0,0.0,0.7,0.7,25.0,17.5,0,0,0,0.0,220,0,LOW
MED-015,Subcutaneous Injection,Endocrine (Hormone),6.1,48.7,2.0,8.0,0.0,0.0,0.0,0.6,0.0,1,1,0,0.0,324,0,LOW
MED-005,Tablet,Antihyperlipidemic (Statin),35.7,57.2,20.0,25.0,0.0,10.7,10.7,12.2,130.54,0,0,0,0.0,59,1,HIGH
MED-011,Tablet,Antihypertensive (ARB),43.7,67.7,15.0,30.0,0.0,13.7,13.7,48.6,665.82,0,0,0,0.0,280,0,HIGH
MED-005,Tablet,Antihyperlipidemic (Statin),-1.2,54.1,20.0,25.0,21.2,0.0,21.2,46.3,981.56,0,0,0,0.0,213,0,HIGH
MED-023,Capsule,Anticonvulsant / Neuropathic,11.2,54.7,15.0,30.0,3.8,0.0,3.8,3.3,12.54,0,0,0,0.0,229,0,LOW
MED-006,Delayed-Release Capsule,Gastrointestinal (PPI),29.4,27.0,15.0,30.0,0.0,0.0,0.0,1.1,0.0,0,0,0,0.0,624,0,LOW
MED-011,Tablet,Antihypertensive (ARB),41.3,22.2,15.0,30.0,0.0,11.3,11.3,64.9,733.37,0,0,0,0.0,19,1,HIGH
MED-023,Capsule,Anticonvulsant / Neuropathic,23.2,43.4,15.0,30.0,0.0,0.0,0.0,3.2,0.0,0,0,0,0.0,458,0,LOW
MED-022,Tablet,Antiplatelet / Hematologic,35.7,33.2,15.0,30.0,0.0,5.7,5.7,4.3,24.51,0,0,0,0.0,232,0,MODERATE
MED-010,Tablet,Antihistamine,27.9,69.0,20.0,25.0,0.0,2.9,2.9,17.4,50.46,0,0,0,0.0,314,0,MODERATE
MED-004,Tablet,Antidiabetic (Biguanide),29.0,33.4,20.0,25.0,0.0,4.0,4.0,6.8,27.2,0,0,0,0.0,324,0,MODERATE
MED-015,Subcutaneous Injection,Endocrine (Hormone),23.9,43.8,2.0,8.0,0.0,15.9,15.9,27.6,438.84,1,1,0,0.0,50,0,HIGH
MED-024,Tablet,Corticosteroid / Anti-inflammatory,27.2,49.8,20.0,25.0,0.0,2.2,2.2,4.4,9.68,0,0,0,0.0,390,0,LOW
MED-024,Tablet,Corticosteroid / Anti-inflammatory,43.7,40.6,20.0,25.0,0.0,18.7,18.7,38.3,716.21,0,0,0,0.0,74,0,HIGH
MED-013,Tablet,Endocrine (Thyroid Hormone),33.6,76.7,15.0,30.0,0.0,3.6,3.6,14.5,52.2,0,0,0,0.0,316,0,MODERATE
MED-006,Delayed-Release Capsule,Gastrointestinal (PPI),47.8,71.3,15.0,30.0,0.0,17.8,17.8,49.8,886.44,0,0,0,0.0,171,0,HIGH
MED-002,Capsule,Antibiotic (Penicillin),15.5,43.8,20.0,25.0,4.5,0.0,4.5,17.2,77.4,0,0,0,0.0,256,0,MODERATE
MED-003,Tablet,Antibiotic (Beta-lactamase inhibitor),39.6,26.5,15.0,25.0,0.0,14.6,14.6,38.5,562.1,0,0,0,0.0,105,0,HIGH
MED-008,Tablet,Antibiotic (Fluoroquinolone),24.7,22.1,20.0,25.0,0.0,0.0,0.0,34.3,0.0,0,0,0,0.0,294,0,LOW
MED-022,Tablet,Antiplatelet / Hematologic,14.2,55.2,15.0,30.0,0.8,0.0,0.8,15.1,12.08,0,0,0,0.0,130,0,LOW
MED-025,Tablet,Diuretic / Antihypertensive,13.5,47.3,15.0,30.0,1.5,0.0,1.5,10.8,16.2,0,0,0,0.0,385,0,LOW
MED-020,Tablet,Antidepressant (SSRI),44.7,76.3,20.0,25.0,0.0,19.7,19.7,63.8,1256.86,0,0,0,0.0,31,1,HIGH
MED-018,Capsule,Antibiotic (Tetracycline),21.9,81.7,20.0,25.0,0.0,0.0,0.0,1.5,0.0,0,0,0,0.0,168,0,LOW
MED-003,Tablet,Antibiotic (Beta-lactamase inhibitor),42.2,68.9,15.0,25.0,0.0,17.2,17.2,71.5,1229.8,0,0,0,0.0,298,0,HIGH
MED-017,Nasal Spray Suspension,Corticosteroid / Allergy,33.1,50.4,4.0,30.0,0.0,3.1,3.1,19.1,59.21,0,1,0,0.0,288,0,MODERATE
MED-018,Capsule,Antibiotic (Tetracycline),29.9,38.7,20.0,25.0,0.0,4.9,4.9,29.4,144.06,0,0,0,0.0,218,0,HIGH
MED-016,Inhalation Aerosol,Respiratory (Bronchodilator),17.0,80.6,15.0,25.0,0.0,0.0,0.0,2.2,0.0,0,1,0,0.0,249,0,LOW
MED-024,Tablet,Corticosteroid / Anti-inflammatory,29.8,35.3,20.0,25.0,0.0,4.8,4.8,2.6,12.48,0,0,0,0.0,432,0,LOW
MED-016,Inhalation Aerosol,Respiratory (Bronchodilator),13.9,75.3,15.0,25.0,1.1,0.0,1.1,16.8,18.48,0,1,0,0.0,271,0,LOW
MED-009,Tablet,Analgesic / NSAID,26.1,41.4,20.0,25.0,0.0,1.1,1.1,14.8,16.28,0,0,0,0.0,509,0,LOW
MED-008,Tablet,Antibiotic (Fluoroquinolone),16.9,53.1,20.0,25.0,3.1,0.0,3.1,10.8,33.48,0,0,0,0.0,464,0,MODERATE
MED-016,Inhalation Aerosol,Respiratory (Bronchodilator),27.4,20.4,15.0,25.0,0.0,2.4,2.4,2.2,5.28,0,1,0,0.0,409,0,LOW
MED-001,Tablet,Analgesic / Antipyretic,20.5,64.6,20.0,25.0,0.0,0.0,0.0,11.5,0.0,0,0,0,0.0,576,0,LOW
MED-003,Tablet,Antibiotic (Beta-lactamase inhibitor),28.6,80.0,15.0,25.0,0.0,3.6,3.6,34.8,125.28,0,0,0,0.0,343,0,HIGH
MED-002,Capsule,Antibiotic (Penicillin),20.4,63.5,20.0,25.0,0.0,0.0,0.0,1.0,0.0,0,0,0,0.0,368,0,LOW
MED-005,Tablet,Antihyperlipidemic (Statin),18.6,69.9,20.0,25.0,1.4,0.0,1.4,14.7,20.58,0,0,0,0.0,237,0,MODERATE
MED-019,Delayed-Release Tablet,Gastrointestinal (PPI),16.9,58.1,20.0,25.0,3.1,0.0,3.1,18.2,56.42,0,0,0,0.0,510,0,MODERATE
MED-025,Tablet,Diuretic / Antihypertensive,33.5,43.8,15.0,30.0,0.0,3.5,3.5,18.9,66.15,0,0,0,0.0,35,1,HIGH
MED-004,Tablet,Antidiabetic (Biguanide),23.1,53.1,20.0,25.0,0.0,0.0,0.0,29.6,0.0,0,0,0,0.0,237,0,LOW
MED-013,Tablet,Endocrine (Thyroid Hormone),40.7,72.9,15.0,30.0,0.0,10.7,10.7,17.7,189.39,0,0,0,0.0,117,0,HIGH
MED-004,Tablet,Antidiabetic (Biguanide),41.0,63.9,20.0,25.0,0.0,16.0,16.0,32.5,520.0,0,0,0,0.0,96,0,HIGH
MED-018,Capsule,Antibiotic (Tetracycline),39.6,58.6,20.0,25.0,0.0,14.6,14.6,47.5,693.5,0,0,0,0.0,100,0,HIGH
MED-008,Tablet,Antibiotic (Fluoroquinolone),29.3,37.1,20.0,25.0,0.0,4.3,4.3,8.2,35.26,0,0,0,0.0,209,0,MODERATE
MED-023,Capsule,Anticonvulsant / Neuropathic,40.3,34.0,15.0,30.0,0.0,10.3,10.3,49.5,509.85,0,0,0,0.0,117,0,HIGH
MED-010,Tablet,Antihistamine,20.8,44.3,20.0,25.0,0.0,0.0,0.0,2.0,0.0,0,0,0,0.0,429,0,LOW
MED-022,Tablet,Antiplatelet / Hematologic,44.6,75.2,15.0,30.0,0.0,14.6,14.6,24.6,359.16,0,0,0,0.0,19,1,HIGH
MED-007,Tablet,Antibiotic (Macrolide),14.0,57.8,15.0,30.0,1.0,0.0,1.0,7.6,7.6,0,0,0,0.0,208,0,LOW
MED-007,Tablet,Antibiotic (Macrolide),31.5,56.1,15.0,30.0,0.0,1.5,1.5,4.2,6.3,0,0,0,0.0,354,0,LOW
MED-018,Capsule,Antibiotic (Tetracycline),21.4,25.2,20.0,25.0,0.0,0.0,0.0,21.6,0.0,0,0,0,0.0,150,0,LOW
MED-007,Tablet,Antibiotic (Macrolide),45.3,82.7,15.0,30.0,0.0,15.3,15.3,10.5,160.65,0,0,0,0.0,227,0,HIGH
MED-019,Delayed-Release Tablet,Gastrointestinal (PPI),29.4,28.0,20.0,25.0,0.0,4.4,4.4,15.3,67.32,0,0,0,0.0,281,0,MODERATE
MED-018,Capsule,Antibiotic (Tetracycline),43.6,62.7,20.0,25.0,0.0,18.6,18.6,65.3,1214.58,0,0,0,0.0,305,0,HIGH
MED-015,Subcutaneous Injection,Endocrine (Hormone),12.1,62.0,2.0,8.0,0.0,4.1,4.1,4.1,16.81,1,1,0,0.0,263,0,MODERATE
MED-023,Capsule,Anticonvulsant / Neuropathic,34.6,68.5,15.0,30.0,0.0,4.6,4.6,8.1,37.26,0,0,0,0.0,360,0,MODERATE
MED-018,Capsule,Antibiotic (Tetracycline),1.1,82.8,20.0,25.0,18.9,0.0,18.9,24.2,457.38,0,0,0,0.0,179,0,HIGH
MED-025,Tablet,Diuretic / Antihypertensive,16.3,33.4,15.0,30.0,0.0,0.0,0.0,12.7,0.0,0,0,0,0.0,545,0,LOW
MED-019,Delayed-Release Tablet,Gastrointestinal (PPI),42.1,44.0,20.0,25.0,0.0,17.1,17.1,57.1,976.41,0,0,0,0.0,18,1,HIGH
MED-016,Inhalation Aerosol,Respiratory (Bronchodilator),12.6,63.8,15.0,25.0,2.4,0.0,2.4,1.5,3.6,0,1,0,0.0,194,0,LOW
MED-013,Tablet,Endocrine (Thyroid Hormone),47.3,33.3,15.0,30.0,0.0,17.3,17.3,37.7,652.21,0,0,0,0.0,60,1,HIGH
MED-015,Subcutaneous Injection,Endocrine (Hormone),7.8,55.8,2.0,8.0,0.0,0.0,0.0,1.9,0.0,1,1,0,0.0,211,0,LOW
MED-001,Tablet,Analgesic / Antipyretic,18.7,77.1,20.0,25.0,1.3,0.0,1.3,4.7,6.11,0,0,0,0.0,131,0,LOW
MED-001,Tablet,Analgesic / Antipyretic,21.7,22.2,20.0,25.0,0.0,0.0,0.0,10.0,0.0,0,0,0,0.0,162,0,LOW
MED-014,Subcutaneous Injection,Endocrine (Hormone),24.0,27.3,2.0,8.0,0.0,16.0,16.0,5.6,89.6,1,1,0,0.0,13,1,HIGH
MED-003,Tablet,Antibiotic (Beta-lactamase inhibitor),27.9,48.9,15.0,25.0,0.0,2.9,2.9,27.8,80.62,0,0,0,0.0,414,0,MODERATE
MED-014,Subcutaneous Injection,Endocrine (Hormone),33.6,63.7,2.0,8.0,0.0,25.6,25.6,5.2,133.12,1,1,0,0.0,26,1,HIGH
MED-007,Tablet,Antibiotic (Macrolide),30.7,66.1,15.0,30.0,0.0,0.7,0.7,6.0,4.2,0,0,0,0.0,218,0,LOW
MED-014,Subcutaneous Injection,Endocrine (Hormone),0.5,54.6,2.0,8.0,1.5,0.0,1.5,2.8,4.2,1,1,0,0.0,271,0,MODERATE
MED-011,Tablet,Antihypertensive (ARB),42.2,81.8,15.0,30.0,0.0,12.2,12.2,9.4,114.68,0,0,0,0.0,331,0,MODERATE
MED-018,Capsule,Antibiotic (Tetracycline),26.8,28.7,20.0,25.0,0.0,1.8,1.8,22.7,40.86,0,0,0,0.0,190,0,MODERATE
MED-019,Delayed-Release Tablet,Gastrointestinal (PPI),23.4,33.6,20.0,25.0,0.0,0.0,0.0,32.5,0.0,0,0,0,0.0,567,0,LOW
MED-005,Tablet,Antihyperlipidemic (Statin),30.6,52.2,20.0,25.0,0.0,5.6,5.6,4.5,25.2,0,0,0,0.0,319,0,MODERATE
MED-012,Tablet,Antihypertensive (CCB),23.1,48.7,15.0,30.0,0.0,0.0,0.0,3.2,0.0,0,0,0,0.0,523,0,LOW
MED-007,Tablet,Antibiotic (Macrolide),26.3,24.1,15.0,30.0,0.0,0.0,0.0,3.2,0.0,0,0,0,0.0,315,0,LOW
MED-024,Tablet,Corticosteroid / Anti-inflammatory,42.6,63.4,20.0,25.0,0.0,17.6,17.6,29.0,510.4,0,0,0,0.0,146,0,HIGH
MED-019,Delayed-Release Tablet,Gastrointestinal (PPI),27.6,79.5,20.0,25.0,0.0,2.6,2.6,23.0,59.8,0,0,0,0.0,561,0,MODERATE
MED-014,Subcutaneous Injection,Endocrine (Hormone),7.5,28.1,2.0,8.0,0.0,0.0,0.0,0.2,0.0,1,1,0,0.0,544,0,LOW
MED-005,Tablet,Antihyperlipidemic (Statin),16.6,72.8,20.0,25.0,3.4,0.0,3.4,20.9,71.06,0,0,0,0.0,138,0,MODERATE
MED-018,Capsule,Antibiotic (Tetracycline),30.1,73.9,20.0,25.0,0.0,5.1,5.1,5.8,29.58,0,0,0,0.0,223,0,MODERATE
MED-020,Tablet,Antidepressant (SSRI),21.8,33.8,20.0,25.0,0.0,0.0,0.0,2.3,0.0,0,0,0,0.0,349,0,LOW
MED-014,Subcutaneous Injection,Endocrine (Hormone),32.9,26.2,2.0,8.0,0.0,24.9,24.9,26.9,669.81,1,1,0,0.0,227,0,HIGH
MED-010,Tablet,Antihistamine,21.2,59.9,20.0,25.0,0.0,0.0,0.0,0.3,0.0,0,0,0,0.0,617,0,LOW
MED-002,Capsule,Antibiotic (Penicillin),25.9,79.9,20.0,25.0,0.0,0.9,0.9,36.0,32.4,0,0,0,0.0,94,0,MODERATE
MED-025,Tablet,Diuretic / Antihypertensive,13.0,29.2,15.0,30.0,2.0,0.0,2.0,11.6,23.2,0,0,0,0.0,296,0,MODERATE
MED-011,Tablet,Antihypertensive (ARB),18.6,44.4,15.0,30.0,0.0,0.0,0.0,2.2,0.0,0,0,0,0.0,653,0,LOW
MED-013,Tablet,Endocrine (Thyroid Hormone),32.9,24.2,15.0,30.0,0.0,2.9,2.9,8.4,24.36,0,0,0,0.0,408,0,MODERATE
MED-007,Tablet,Antibiotic (Macrolide),45.8,68.3,15.0,30.0,0.0,15.8,15.8,35.2,556.16,0,0,0,0.0,315,0,HIGH
MED-008,Tablet,Antibiotic (Fluoroquinolone),28.0,76.5,20.0,25.0,0.0,3.0,3.0,13.0,39.0,0,0,0,0.0,203,0,MODERATE
MED-012,Tablet,Antihypertensive (CCB),28.6,49.0,15.0,30.0,0.0,0.0,0.0,1.1,0.0,0,0,0,0.0,249,0,LOW
MED-012,Tablet,Antihypertensive (CCB),45.3,40.5,15.0,30.0,0.0,15.3,15.3,61.1,934.83,0,0,0,0.0,79,0,HIGH
MED-016,Inhalation Aerosol,Respiratory (Bronchodilator),20.8,46.9,15.0,25.0,0.0,0.0,0.0,1.1,0.0,0,1,0,0.0,175,0,LOW
MED-014,Subcutaneous Injection,Endocrine (Hormone),-2.9,24.7,2.0,8.0,4.9,0.0,4.9,47.8,234.22,1,1,0,0.0,27,1,HIGH
MED-013,Tablet,Endocrine (Thyroid Hormone),35.1,70.2,15.0,30.0,0.0,5.1,5.1,16.2,82.62,0,0,0,0.0,383,0,MODERATE
MED-006,Delayed-Release Capsule,Gastrointestinal (PPI),29.8,81.3,15.0,30.0,0.0,0.0,0.0,10.1,0.0,0,0,0,0.0,405,0,LOW
MED-013,Tablet,Endocrine (Thyroid Hormone),22.1,34.7,15.0,30.0,0.0,0.0,0.0,0.7,0.0,0,0,0,0.0,533,0,LOW
MED-023,Capsule,Anticonvulsant / Neuropathic,32.1,84.6,15.0,30.0,0.0,2.1,2.1,9.5,19.95,0,0,0,0.0,330,0,LOW
MED-009,Tablet,Analgesic / NSAID,19.8,78.0,20.0,25.0,0.2,0.0,0.2,24.0,4.8,0,0,0,0.0,95,0,LOW
MED-010,Tablet,Antihistamine,21.3,30.2,20.0,25.0,0.0,0.0,0.0,0.5,0.0,0,0,0,0.0,504,0,LOW
MED-019,Delayed-Release Tablet,Gastrointestinal (PPI),24.0,25.1,20.0,25.0,0.0,0.0,0.0,0.7,0.0,0,0,0,0.0,728,0,LOW
MED-013,Tablet,Endocrine (Thyroid Hormone),10.2,32.1,15.0,30.0,4.8,0.0,4.8,10.0,48.0,0,0,0,0.0,463,0,MODERATE
MED-011,Tablet,Antihypertensive (ARB),20.0,53.2,15.0,30.0,0.0,0.0,0.0,0.7,0.0,0,0,0,0.0,256,0,LOW
MED-021,Tablet,Respiratory (Leukotriene Antagonist),31.8,59.4,15.0,30.0,0.0,1.8,1.8,6.7,12.06,0,0,0,0.0,470,0,LOW
MED-005,Tablet,Antihyperlipidemic (Statin),36.1,69.5,20.0,25.0,0.0,11.1,11.1,23.6,261.96,0,0,0,0.0,272,0,HIGH
MED-002,Capsule,Antibiotic (Penicillin),26.0,83.7,20.0,25.0,0.0,1.0,1.0,6.9,6.9,0,0,0,0.0,176,0,LOW
MED-012,Tablet,Antihypertensive (CCB),23.4,29.4,15.0,30.0,0.0,0.0,0.0,1.5,0.0,0,0,0,0.0,377,0,LOW
MED-025,Tablet,Diuretic / Antihypertensive,15.1,77.5,15.0,30.0,0.0,0.0,0.0,19.5,0.0,0,0,0,0.0,302,0,LOW
MED-020,Tablet,Antidepressant (SSRI),39.0,80.4,20.0,25.0,0.0,14.0,14.0,10.6,148.4,0,0,0,0.0,177,0,HIGH
MED-011,Tablet,Antihypertensive (ARB),19.1,77.0,15.0,30.0,0.0,0.0,0.0,0.3,0.0,0,0,0,0.0,62,0,LOW
MED-023,Capsule,Anticonvulsant / Neuropathic,43.0,46.1,15.0,30.0,0.0,13.0,13.0,19.8,257.4,0,0,0,0.0,225,0,HIGH
MED-001,Tablet,Analgesic / Antipyretic,24.6,57.4,20.0,25.0,0.0,0.0,0.0,3.4,0.0,0,0,0,0.0,500,0,LOW
MED-005,Tablet,Antihyperlipidemic (Statin),24.6,53.7,20.0,25.0,0.0,0.0,0.0,17.8,0.0,0,0,0,0.0,535,0,LOW
MED-001,Tablet,Analgesic / Antipyretic,15.1,24.1,20.0,25.0,4.9,0.0,4.9,17.9,87.71,0,0,0,0.0,598,0,MODERATE
MED-024,Tablet,Corticosteroid / Anti-inflammatory,29.2,31.4,20.0,25.0,0.0,4.2,4.2,11.6,48.72,0,0,0,0.0,304,0,MODERATE
MED-011,Tablet,Antihypertensive (ARB),34.6,32.0,15.0,30.0,0.0,4.6,4.6,5.3,24.38,0,0,0,0.0,428,0,MODERATE
MED-009,Tablet,Analgesic / NSAID,34.8,52.8,20.0,25.0,0.0,9.8,9.8,34.1,334.18,0,0,0,0.0,151,0,HIGH
MED-004,Tablet,Antidiabetic (Biguanide),24.9,35.6,20.0,25.0,0.0,0.0,0.0,2.4,0.0,0,0,0,0.0,59,1,LOW
MED-001,Tablet,Analgesic / Antipyretic,25.6,47.9,20.0,25.0,0.0,0.6,0.6,18.9,11.34,0,0,0,0.0,187,0,LOW
MED-022,Tablet,Antiplatelet / Hematologic,29.7,44.3,15.0,30.0,0.0,0.0,0.0,24.5,0.0,0,0,0,0.0,315,0,LOW
MED-015,Subcutaneous Injection,Endocrine (Hormone),3.8,58.9,2.0,8.0,0.0,0.0,0.0,1.6,0.0,1,1,0,0.0,210,0,LOW
MED-008,Tablet,Antibiotic (Fluoroquinolone),0.8,31.2,20.0,25.0,19.2,0.0,19.2,56.8,1090.56,0,0,0,0.0,82,0,HIGH
MED-014,Subcutaneous Injection,Endocrine (Hormone),12.8,50.9,2.0,8.0,0.0,4.8,4.8,21.4,102.72,1,1,0,0.0,133,0,HIGH
MED-022,Tablet,Antiplatelet / Hematologic,31.6,78.1,15.0,30.0,0.0,1.6,1.6,15.0,24.0,0,0,0,0.0,64,0,MODERATE
MED-005,Tablet,Antihyperlipidemic (Statin),23.2,83.1,20.0,25.0,0.0,0.0,0.0,2.3,0.0,0,0,0,0.0,586,0,LOW
MED-014,Subcutaneous Injection,Endocrine (Hormone),6.6,50.6,2.0,8.0,0.0,0.0,0.0,7.2,0.0,1,1,0,0.0,358,0,LOW
MED-002,Capsule,Antibiotic (Penicillin),17.6,33.6,20.0,25.0,2.4,0.0,2.4,12.7,30.48,0,0,0,0.0,328,0,MODERATE
MED-017,Nasal Spray Suspension,Corticosteroid / Allergy,38.8,26.6,4.0,30.0,0.0,8.8,8.8,51.9,456.72,0,1,0,0.0,59,1,HIGH
MED-005,Tablet,Antihyperlipidemic (Statin),47.3,57.1,20.0,25.0,0.0,22.3,22.3,39.0,869.7,0,0,0,0.0,115,0,HIGH
MED-019,Delayed-Release Tablet,Gastrointestinal (PPI),44.9,58.3,20.0,25.0,0.0,19.9,19.9,11.2,222.88,0,0,0,0.0,17,1,HIGH
MED-009,Tablet,Analgesic / NSAID,36.9,47.9,20.0,25.0,0.0,11.9,11.9,47.4,564.06,0,0,0,0.0,159,0,HIGH
MED-015,Subcutaneous Injection,Endocrine (Hormone),5.4,56.2,2.0,8.0,0.0,0.0,0.0,3.9,0.0,1,1,0,0.0,89,0,LOW
MED-023,Capsule,Anticonvulsant / Neuropathic,24.6,43.9,15.0,30.0,0.0,0.0,0.0,3.8,0.0,0,0,0,0.0,150,0,LOW
MED-008,Tablet,Antibiotic (Fluoroquinolone),18.8,41.2,20.0,25.0,1.2,0.0,1.2,3.1,3.72,0,0,0,0.0,327,0,LOW
MED-024,Tablet,Corticosteroid / Anti-inflammatory,21.4,21.7,20.0,25.0,0.0,0.0,0.0,3.8,0.0,0,0,0,0.0,652,0,LOW
MED-015,Subcutaneous Injection,Endocrine (Hormone),3.0,72.0,2.0,8.0,0.0,0.0,0.0,2.7,0.0,1,1,0,0.0,662,0,LOW
MED-017,Nasal Spray Suspension,Corticosteroid / Allergy,5.8,65.3,4.0,30.0,0.0,0.0,0.0,2.0,0.0,0,1,0,0.0,478,0,LOW
MED-015,Subcutaneous Injection,Endocrine (Hormone),10.8,51.1,2.0,8.0,0.0,2.8,2.8,5.8,16.24,1,1,0,0.0,39,0,MODERATE
MED-010,Tablet,Antihistamine,21.8,66.0,20.0,25.0,0.0,0.0,0.0,1.2,0.0,0,0,0,0.0,262,0,LOW
MED-002,Capsule,Antibiotic (Penicillin),30.8,48.6,20.0,25.0,0.0,5.8,5.8,6.2,35.96,0,0,0,0.0,147,0,MODERATE
MED-008,Tablet,Antibiotic (Fluoroquinolone),26.8,33.0,20.0,25.0,0.0,1.8,1.8,8.6,15.48,0,0,0,0.0,65,0,LOW
MED-012,Tablet,Antihypertensive (CCB),14.2,26.3,15.0,30.0,0.8,0.0,0.8,8.5,6.8,0,0,0,0.0,238,0,LOW
MED-016,Inhalation Aerosol,Respiratory (Bronchodilator),16.9,73.1,15.0,25.0,0.0,0.0,0.0,3.4,0.0,0,1,0,0.0,215,0,LOW
MED-023,Capsule,Anticonvulsant / Neuropathic,32.9,20.8,15.0,30.0,0.0,2.9,2.9,8.2,23.78,0,0,0,0.0,452,0,MODERATE
MED-001,Tablet,Analgesic / Antipyretic,21.0,27.3,20.0,25.0,0.0,0.0,0.0,4.4,0.0,0,0,0,0.0,379,0,LOW
MED-007,Tablet,Antibiotic (Macrolide),31.0,64.0,15.0,30.0,0.0,1.0,1.0,15.6,15.6,0,0,0,0.0,26,1,MODERATE
MED-013,Tablet,Endocrine (Thyroid Hormone),47.2,58.8,15.0,30.0,0.0,17.2,17.2,38.7,665.64,0,0,0,0.0,313,0,HIGH
MED-004,Tablet,Antidiabetic (Biguanide),26.6,73.8,20.0,25.0,0.0,1.6,1.6,5.9,9.44,0,0,0,0.0,91,0,LOW
MED-013,Tablet,Endocrine (Thyroid Hormone),14.3,69.9,15.0,30.0,0.7,0.0,0.7,6.2,4.34,0,0,0,0.0,108,0,LOW
MED-021,Tablet,Respiratory (Leukotriene Antagonist),16.8,33.2,15.0,30.0,0.0,0.0,0.0,0.5,0.0,0,0,0,0.0,215,0,LOW
MED-003,Tablet,Antibiotic (Beta-lactamase inhibitor),29.3,62.5,15.0,25.0,0.0,4.3,4.3,10.4,44.72,0,0,0,0.0,411,0,MODERATE
MED-008,Tablet,Antibiotic (Fluoroquinolone),30.1,53.8,20.0,25.0,0.0,5.1,5.1,15.1,77.01,0,0,0,0.0,189,0,MODERATE
MED-024,Tablet,Corticosteroid / Anti-inflammatory,20.3,23.0,20.0,25.0,0.0,0.0,0.0,3.0,0.0,0,0,0,0.0,663,0,LOW
MED-002,Capsule,Antibiotic (Penicillin),23.2,45.3,20.0,25.0,0.0,0.0,0.0,33.3,0.0,0,0,0,0.0,347,0,LOW
MED-025,Tablet,Diuretic / Antihypertensive,35.8,40.4,15.0,30.0,0.0,5.8,5.8,10.0,58.0,0,0,0,0.0,159,0,MODERATE
MED-023,Capsule,Anticonvulsant / Neuropathic,30.9,38.6,15.0,30.0,0.0,0.9,0.9,21.4,19.26,0,0,0,0.0,18,1,MODERATE
MED-017,Nasal Spray Suspension,Corticosteroid / Allergy,42.3,67.8,4.0,30.0,0.0,12.3,12.3,60.8,747.84,0,1,0,0.0,332,0,HIGH
MED-008,Tablet,Antibiotic (Fluoroquinolone),19.8,49.7,20.0,25.0,0.2,0.0,0.2,5.6,1.12,0,0,0,0.0,152,0,LOW
MED-018,Capsule,Antibiotic (Tetracycline),24.8,74.5,20.0,25.0,0.0,0.0,0.0,2.1,0.0,0,0,0,0.0,687,0,LOW
MED-014,Subcutaneous Injection,Endocrine (Hormone),-4.6,28.9,2.0,8.0,6.6,0.0,6.6,28.9,190.74,1,1,0,0.0,292,0,HIGH
MED-022,Tablet,Antiplatelet / Hematologic,33.9,80.6,15.0,30.0,0.0,3.9,3.9,7.4,28.86,0,0,0,0.0,56,1,MODERATE
MED-002,Capsule,Antibiotic (Penicillin),17.4,30.5,20.0,25.0,2.6,0.0,2.6,5.5,14.3,0,0,0,0.0,15,1,MODERATE
MED-018,Capsule,Antibiotic (Tetracycline),43.3,70.0,20.0,25.0,0.0,18.3,18.3,17.0,311.1,0,0,0,0.0,276,0,HIGH
MED-023,Capsule,Anticonvulsant / Neuropathic,10.3,20.0,15.0,30.0,4.7,0.0,4.7,10.4,48.88,0,0,0,0.0,464,0,MODERATE
MED-019,Delayed-Release Tablet,Gastrointestinal (PPI),15.7,36.4,20.0,25.0,4.3,0.0,4.3,16.0,68.8,0,0,0,0.0,63,0,MODERATE
MED-018,Capsule,Antibiotic (Tetracycline),24.6,65.4,20.0,25.0,0.0,0.0,0.0,1.8,0.0,0,0,0,0.0,164,0,LOW
MED-002,Capsule,Antibiotic (Penicillin),26.8,53.0,20.0,25.0,0.0,1.8,1.8,3.7,6.66,0,0,0,0.0,322,0,LOW
MED-023,Capsule,Anticonvulsant / Neuropathic,28.0,45.5,15.0,30.0,0.0,0.0,0.0,4.3,0.0,0,0,0,0.0,401,0,LOW
MED-025,Tablet,Diuretic / Antihypertensive,15.1,80.4,15.0,30.0,0.0,0.0,0.0,2.2,0.0,0,0,0,0.0,170,0,LOW
MED-022,Tablet,Antiplatelet / Hematologic,37.3,45.1,15.0,30.0,0.0,7.3,7.3,8.8,64.24,0,0,0,0.0,578,0,MODERATE
MED-020,Tablet,Antidepressant (SSRI),18.8,29.2,20.0,25.0,1.2,0.0,1.2,21.1,25.32,0,0,0,0.0,467,0,MODERATE
MED-015,Subcutaneous Injection,Endocrine (Hormone),-0.8,48.9,2.0,8.0,2.8,0.0,2.8,22.0,61.6,1,1,0,0.0,114,0,HIGH
MED-011,Tablet,Antihypertensive (ARB),45.3,29.4,15.0,30.0,0.0,15.3,15.3,48.7,745.11,0,0,0,0.0,343,0,HIGH
MED-003,Tablet,Antibiotic (Beta-lactamase inhibitor),21.3,35.9,15.0,25.0,0.0,0.0,0.0,2.1,0.0,0,0,0,0.0,653,0,LOW
MED-025,Tablet,Diuretic / Antihypertensive,15.9,70.4,15.0,30.0,0.0,0.0,0.0,19.9,0.0,0,0,0,0.0,402,0,LOW
MED-020,Tablet,Antidepressant (SSRI),32.8,26.9,20.0,25.0,0.0,7.8,7.8,2.1,16.38,0,0,0,0.0,236,0,MODERATE
MED-016,Inhalation Aerosol,Respiratory (Bronchodilator),31.7,54.5,15.0,25.0,0.0,6.7,6.7,5.4,36.18,0,1,0,0.0,417,0,MODERATE
MED-002,Capsule,Antibiotic (Penicillin),30.7,59.2,20.0,25.0,0.0,5.7,5.7,1.2,6.84,0,0,0,0.0,379,0,MODERATE
MED-020,Tablet,Antidepressant (SSRI),38.5,28.7,20.0,25.0,0.0,13.5,13.5,58.7,792.45,0,0,0,0.0,353,0,HIGH
MED-022,Tablet,Antiplatelet / Hematologic,37.0,79.0,15.0,30.0,0.0,7.0,7.0,24.7,172.9,0,0,0,0.0,386,0,HIGH
MED-006,Delayed-Release Capsule,Gastrointestinal (PPI),34.6,70.7,15.0,30.0,0.0,4.6,4.6,8.1,37.26,0,0,0,0.0,239,0,MODERATE
MED-020,Tablet,Antidepressant (SSRI),26.5,68.2,20.0,25.0,0.0,1.5,1.5,4.0,6.0,0,0,0,0.0,66,0,LOW
MED-014,Subcutaneous Injection,Endocrine (Hormone),5.1,29.4,2.0,8.0,0.0,0.0,0.0,0.1,0.0,1,1,0,0.0,43,0,LOW
MED-002,Capsule,Antibiotic (Penicillin),23.2,59.3,20.0,25.0,0.0,0.0,0.0,30.0,0.0,0,0,0,0.0,296,0,LOW
MED-023,Capsule,Anticonvulsant / Neuropathic,14.1,45.2,15.0,30.0,0.9,0.0,0.9,10.9,9.81,0,0,0,0.0,424,0,LOW
MED-007,Tablet,Antibiotic (Macrolide),28.6,54.4,15.0,30.0,0.0,0.0,0.0,24.3,0.0,0,0,0,0.0,85,0,LOW
MED-004,Tablet,Antidiabetic (Biguanide),17.4,51.6,20.0,25.0,2.6,0.0,2.6,7.8,20.28,0,0,0,0.0,576,0,MODERATE
MED-014,Subcutaneous Injection,Endocrine (Hormone),11.0,67.2,2.0,8.0,0.0,3.0,3.0,5.6,16.8,1,1,0,0.0,409,0,MODERATE
MED-022,Tablet,Antiplatelet / Hematologic,33.4,22.0,15.0,30.0,0.0,3.4,3.4,12.6,42.84,0,0,0,0.0,235,0,MODERATE
MED-025,Tablet,Diuretic / Antihypertensive,29.1,24.5,15.0,30.0,0.0,0.0,0.0,29.3,0.0,0,0,0,0.0,360,0,LOW
MED-020,Tablet,Antidepressant (SSRI),27.6,75.0,20.0,25.0,0.0,2.6,2.6,10.1,26.26,0,0,0,0.0,256,0,MODERATE
MED-019,Delayed-Release Tablet,Gastrointestinal (PPI),27.9,78.3,20.0,25.0,0.0,2.9,2.9,9.7,28.13,0,0,0,0.0,85,0,MODERATE
MED-017,Nasal Spray Suspension,Corticosteroid / Allergy,35.7,21.9,4.0,30.0,0.0,5.7,5.7,3.1,17.67,0,1,0,0.0,235,0,MODERATE
MED-013,Tablet,Endocrine (Thyroid Hormone),33.6,34.5,15.0,30.0,0.0,3.6,3.6,15.7,56.52,0,0,0,0.0,96,0,MODERATE
MED-013,Tablet,Endocrine (Thyroid Hormone),37.0,59.0,15.0,30.0,0.0,7.0,7.0,25.2,176.4,0,0,0,0.0,198,0,HIGH
MED-019,Delayed-Release Tablet,Gastrointestinal (PPI),35.0,44.4,20.0,25.0,0.0,10.0,10.0,46.2,462.0,0,0,0,0.0,345,0,HIGH
MED-013,Tablet,Endocrine (Thyroid Hormone),47.2,55.9,15.0,30.0,0.0,17.2,17.2,23.1,397.32,0,0,0,0.0,52,1,HIGH
MED-021,Tablet,Respiratory (Leukotriene Antagonist),34.8,48.4,15.0,30.0,0.0,4.8,4.8,17.5,84.0,0,0,0,0.0,343,0,MODERATE
MED-012,Tablet,Antihypertensive (CCB),15.1,57.8,15.0,30.0,0.0,0.0,0.0,6.9,0.0,0,0,0,0.0,62,0,LOW
MED-009,Tablet,Analgesic / NSAID,41.0,78.8,20.0,25.0,0.0,16.0,16.0,67.4,1078.4,0,0,0,0.0,57,1,HIGH
MED-024,Tablet,Corticosteroid / Anti-inflammatory,34.0,21.9,20.0,25.0,0.0,9.0,9.0,51.4,462.6,0,0,0,0.0,359,0,HIGH
MED-011,Tablet,Antihypertensive (ARB),34.0,52.9,15.0,30.0,0.0,4.0,4.0,4.2,16.8,0,0,0,0.0,153,0,LOW
MED-006,Delayed-Release Capsule,Gastrointestinal (PPI),35.4,47.3,15.0,30.0,0.0,5.4,5.4,14.1,76.14,0,0,0,0.0,387,0,MODERATE
MED-008,Tablet,Antibiotic (Fluoroquinolone),24.9,42.8,20.0,25.0,0.0,0.0,0.0,26.0,0.0,0,0,0,0.0,551,0,LOW
MED-011,Tablet,Antihypertensive (ARB),25.8,30.4,15.0,30.0,0.0,0.0,0.0,0.8,0.0,0,0,0,0.0,621,0,LOW
MED-014,Subcutaneous Injection,Endocrine (Hormone),-2.8,34.8,2.0,8.0,4.8,0.0,4.8,21.7,104.16,1,1,0,0.0,448,0,HIGH
MED-010,Tablet,Antihistamine,26.6,51.3,20.0,25.0,0.0,1.6,1.6,17.1,27.36,0,0,0,0.0,99,0,MODERATE
MED-009,Tablet,Analgesic / NSAID,36.7,48.2,20.0,25.0,0.0,11.7,11.7,60.2,704.34,0,0,0,0.0,309,0,HIGH
MED-013,Tablet,Endocrine (Thyroid Hormone),38.2,76.3,15.0,30.0,0.0,8.2,8.2,29.3,240.26,0,0,0,0.0,153,0,HIGH
MED-019,Delayed-Release Tablet,Gastrointestinal (PPI),39.0,22.9,20.0,25.0,0.0,14.0,14.0,26.7,373.8,0,0,0,0.0,342,0,HIGH
MED-013,Tablet,Endocrine (Thyroid Hormone),33.3,62.8,15.0,30.0,0.0,3.3,3.3,22.7,74.91,0,0,0,0.0,292,0,MODERATE
MED-008,Tablet,Antibiotic (Fluoroquinolone),26.9,75.1,20.0,25.0,0.0,1.9,1.9,4.8,9.12,0,0,0,0.0,468,0,LOW
MED-024,Tablet,Corticosteroid / Anti-inflammatory,16.7,55.9,20.0,25.0,3.3,0.0,3.3,8.4,27.72,0,0,0,0.0,571,0,MODERATE
MED-008,Tablet,Antibiotic (Fluoroquinolone),21.4,68.8,20.0,25.0,0.0,0.0,0.0,1.8,0.0,0,0,0,0.0,118,0,LOW
MED-016,Inhalation Aerosol,Respiratory (Bronchodilator),29.2,21.5,15.0,25.0,0.0,4.2,4.2,10.2,42.84,0,1,0,0.0,343,0,MODERATE
MED-004,Tablet,Antidiabetic (Biguanide),21.5,45.1,20.0,25.0,0.0,0.0,0.0,3.5,0.0,0,0,0,0.0,49,1,LOW
MED-008,Tablet,Antibiotic (Fluoroquinolone),21.0,47.3,20.0,25.0,0.0,0.0,0.0,17.0,0.0,0,0,0,0.0,401,0,LOW
MED-023,Capsule,Anticonvulsant / Neuropathic,35.1,39.8,15.0,30.0,0.0,5.1,5.1,9.1,46.41,0,0,0,0.0,286,0,MODERATE
MED-006,Delayed-Release Capsule,Gastrointestinal (PPI),32.4,74.5,15.0,30.0,0.0,2.4,2.4,27.6,66.24,0,0,0,0.0,448,0,MODERATE
MED-017,Nasal Spray Suspension,Corticosteroid / Allergy,35.5,23.4,4.0,30.0,0.0,5.5,5.5,7.8,42.9,0,1,0,0.0,499,0,MODERATE
MED-013,Tablet,Endocrine (Thyroid Hormone),13.2,23.9,15.0,30.0,1.8,0.0,1.8,5.7,10.26,0,0,0,0.0,143,0,LOW
MED-019,Delayed-Release Tablet,Gastrointestinal (PPI),21.6,21.7,20.0,25.0,0.0,0.0,0.0,1.1,0.0,0,0,0,0.0,544,0,LOW
MED-021,Tablet,Respiratory (Leukotriene Antagonist),44.6,39.5,15.0,30.0,0.0,14.6,14.6,19.5,284.7,0,0,0,0.0,183,0,HIGH
MED-024,Tablet,Corticosteroid / Anti-inflammatory,34.2,82.0,20.0,25.0,0.0,9.2,9.2,20.2,185.84,0,0,0,0.0,331,0,HIGH
MED-022,Tablet,Antiplatelet / Hematologic,29.5,34.8,15.0,30.0,0.0,0.0,0.0,7.3,0.0,0,0,0,0.0,362,0,LOW
MED-019,Delayed-Release Tablet,Gastrointestinal (PPI),30.9,29.0,20.0,25.0,0.0,5.9,5.9,9.4,55.46,0,0,0,0.0,27,1,HIGH
MED-015,Subcutaneous Injection,Endocrine (Hormone),3.2,51.4,2.0,8.0,0.0,0.0,0.0,1.5,0.0,1,1,0,0.0,339,0,LOW
MED-012,Tablet,Antihypertensive (CCB),10.6,27.5,15.0,30.0,4.4,0.0,4.4,2.3,10.12,0,0,0,0.0,155,0,LOW
MED-014,Subcutaneous Injection,Endocrine (Hormone),11.3,48.5,2.0,8.0,0.0,3.3,3.3,2.0,6.6,1,1,0,0.0,374,0,LOW
MED-018,Capsule,Antibiotic (Tetracycline),40.2,83.2,20.0,25.0,0.0,15.2,15.2,42.5,646.0,0,0,0,0.0,210,0,HIGH
MED-003,Tablet,Antibiotic (Beta-lactamase inhibitor),22.9,73.7,15.0,25.0,0.0,0.0,0.0,0.7,0.0,0,0,0,0.0,362,0,LOW
MED-016,Inhalation Aerosol,Respiratory (Bronchodilator),29.0,62.8,15.0,25.0,0.0,4.0,4.0,6.3,25.2,0,1,0,0.0,247,0,MODERATE
MED-003,Tablet,Antibiotic (Beta-lactamase inhibitor),21.4,49.0,15.0,25.0,0.0,0.0,0.0,3.5,0.0,0,0,0,0.0,716,0,LOW
MED-011,Tablet,Antihypertensive (ARB),31.0,67.4,15.0,30.0,0.0,1.0,1.0,3.3,3.3,0,0,0,0.0,447,0,LOW
MED-021,Tablet,Respiratory (Leukotriene Antagonist),13.1,52.4,15.0,30.0,1.9,0.0,1.9,1.7,3.23,0,0,0,0.0,311,0,LOW
MED-020,Tablet,Antidepressant (SSRI),41.5,28.1,20.0,25.0,0.0,16.5,16.5,10.0,165.0,0,0,0,0.0,174,0,HIGH
MED-003,Tablet,Antibiotic (Beta-lactamase inhibitor),14.6,25.7,15.0,25.0,0.4,0.0,0.4,21.3,8.52,0,0,0,0.0,386,0,LOW
MED-025,Tablet,Diuretic / Antihypertensive,32.0,59.0,15.0,30.0,0.0,2.0,2.0,17.0,34.0,0,0,0,0.0,57,1,MODERATE
MED-008,Tablet,Antibiotic (Fluoroquinolone),36.4,84.1,20.0,25.0,0.0,11.4,11.4,61.0,695.4,0,0,0,0.0,234,0,HIGH
MED-016,Inhalation Aerosol,Respiratory (Bronchodilator),28.3,29.7,15.0,25.0,0.0,3.3,3.3,14.2,46.86,0,1,0,0.0,349,0,MODERATE
MED-021,Tablet,Respiratory (Leukotriene Antagonist),15.9,35.9,15.0,30.0,0.0,0.0,0.0,2.1,0.0,0,0,0,0.0,441,0,LOW
MED-014,Subcutaneous Injection,Endocrine (Hormone),13.1,69.4,2.0,8.0,0.0,5.1,5.1,7.2,36.72,1,1,0,0.0,296,0,MODERATE
MED-010,Tablet,Antihistamine,40.7,33.1,20.0,25.0,0.0,15.7,15.7,18.2,285.74,0,0,0,0.0,141,0,HIGH
MED-001,Tablet,Analgesic / Antipyretic,28.8,53.2,20.0,25.0,0.0,3.8,3.8,14.9,56.62,0,0,0,0.0,69,0,MODERATE
MED-001,Tablet,Analgesic / Antipyretic,26.3,65.0,20.0,25.0,0.0,1.3,1.3,3.3,4.29,0,0,0,0.0,182,0,LOW
MED-013,Tablet,Endocrine (Thyroid Hormone),15.5,52.9,15.0,30.0,0.0,0.0,0.0,3.8,0.0,0,0,0,0.0,519,0,LOW
MED-017,Nasal Spray Suspension,Corticosteroid / Allergy,13.3,30.4,4.0,30.0,0.0,0.0,0.0,1.6,0.0,0,1,0,0.0,236,0,LOW
MED-022,Tablet,Antiplatelet / Hematologic,16.2,57.3,15.0,30.0,0.0,0.0,0.0,3.7,0.0,0,0,0,0.0,715,0,LOW
MED-020,Tablet,Antidepressant (SSRI),27.6,32.3,20.0,25.0,0.0,2.6,2.6,3.7,9.62,0,0,0,0.0,466,0,LOW
MED-002,Capsule,Antibiotic (Penicillin),27.1,23.4,20.0,25.0,0.0,2.1,2.1,22.0,46.2,0,0,0,0.0,236,0,MODERATE
MED-009,Tablet,Analgesic / NSAID,4.4,62.4,20.0,25.0,15.6,0.0,15.6,24.3,379.08,0,0,0,0.0,29,1,HIGH
MED-012,Tablet,Antihypertensive (CCB),19.0,57.2,15.0,30.0,0.0,0.0,0.0,2.6,0.0,0,0,0,0.0,450,0,LOW
MED-001,Tablet,Analgesic / Antipyretic,15.5,42.1,20.0,25.0,4.5,0.0,4.5,23.0,103.5,0,0,0,0.0,133,0,MODERATE
MED-017,Nasal Spray Suspension,Corticosteroid / Allergy,31.2,58.4,4.0,30.0,0.0,1.2,1.2,22.9,27.48,0,1,0,0.0,203,0,MODERATE
MED-019,Delayed-Release Tablet,Gastrointestinal (PPI),16.3,25.0,20.0,25.0,3.7,0.0,3.7,11.4,42.18,0,0,0,0.0,449,0,MODERATE
MED-010,Tablet,Antihistamine,26.4,31.5,20.0,25.0,0.0,1.4,1.4,12.8,17.92,0,0,0,0.0,62,0,LOW
MED-004,Tablet,Antidiabetic (Biguanide),21.7,60.0,20.0,25.0,0.0,0.0,0.0,2.9,0.0,0,0,0,0.0,371,0,LOW
MED-022,Tablet,Antiplatelet / Hematologic,24.9,60.2,15.0,30.0,0.0,0.0,0.0,0.3,0.0,0,0,0,0.0,629,0,LOW
MED-012,Tablet,Antihypertensive (CCB),35.7,66.7,15.0,30.0,0.0,5.7,5.7,3.9,22.23,0,0,0,0.0,102,0,MODERATE
MED-001,Tablet,Analgesic / Antipyretic,29.5,25.0,20.0,25.0,0.0,4.5,4.5,15.0,67.5,0,0,0,0.0,462,0,MODERATE
MED-016,Inhalation Aerosol,Respiratory (Bronchodilator),15.7,58.5,15.0,25.0,0.0,0.0,0.0,4.1,0.0,0,1,0,0.0,347,0,LOW
MED-023,Capsule,Anticonvulsant / Neuropathic,17.6,26.7,15.0,30.0,0.0,0.0,0.0,3.3,0.0,0,0,0,0.0,622,0,LOW
MED-005,Tablet,Antihyperlipidemic (Statin),46.0,64.7,20.0,25.0,0.0,21.0,21.0,46.5,976.5,0,0,0,0.0,252,0,HIGH
MED-017,Nasal Spray Suspension,Corticosteroid / Allergy,14.1,77.3,4.0,30.0,0.0,0.0,0.0,3.7,0.0,0,1,0,0.0,399,0,LOW
MED-025,Tablet,Diuretic / Antihypertensive,35.8,68.9,15.0,30.0,0.0,5.8,5.8,14.3,82.94,0,0,0,0.0,238,0,MODERATE
MED-020,Tablet,Antidepressant (SSRI),17.9,49.4,20.0,25.0,2.1,0.0,2.1,7.2,15.12,0,0,0,0.0,334,0,LOW
MED-014,Subcutaneous Injection,Endocrine (Hormone),10.4,58.6,2.0,8.0,0.0,2.4,2.4,3.8,9.12,1,1,0,0.0,114,0,LOW
MED-009,Tablet,Analgesic / NSAID,15.4,58.1,20.0,25.0,4.6,0.0,4.6,14.5,66.7,0,0,0,0.0,359,0,MODERATE
MED-013,Tablet,Endocrine (Thyroid Hormone),31.7,54.0,15.0,30.0,0.0,1.7,1.7,12.5,21.25,0,0,0,0.0,75,0,MODERATE
MED-021,Tablet,Respiratory (Leukotriene Antagonist),31.9,46.4,15.0,30.0,0.0,1.9,1.9,11.6,22.04,0,0,0,0.0,97,0,MODERATE
MED-005,Tablet,Antihyperlipidemic (Statin),15.7,23.1,20.0,25.0,4.3,0.0,4.3,8.7,37.41,0,0,0,0.0,525,0,MODERATE
MED-001,Tablet,Analgesic / Antipyretic,16.3,22.7,20.0,25.0,3.7,0.0,3.7,8.2,30.34,0,0,0,0.0,489,0,MODERATE
MED-023,Capsule,Anticonvulsant / Neuropathic,13.2,32.1,15.0,30.0,1.8,0.0,1.8,9.1,16.38,0,0,0,0.0,154,0,LOW
MED-004,Tablet,Antidiabetic (Biguanide),24.1,70.3,20.0,25.0,0.0,0.0,0.0,13.2,0.0,0,0,0,0.0,408,0,LOW
MED-009,Tablet,Analgesic / NSAID,28.2,37.3,20.0,25.0,0.0,3.2,3.2,7.9,25.28,0,0,0,0.0,484,0,MODERATE
MED-002,Capsule,Antibiotic (Penicillin),30.0,67.1,20.0,25.0,0.0,5.0,5.0,35.4,177.0,0,0,0,0.0,320,0,HIGH
MED-018,Capsule,Antibiotic (Tetracycline),15.3,32.6,20.0,25.0,4.7,0.0,4.7,10.9,51.23,0,0,0,0.0,455,0,MODERATE
MED-007,Tablet,Antibiotic (Macrolide),46.6,35.8,15.0,30.0,0.0,16.6,16.6,14.8,245.68,0,0,0,0.0,321,0,HIGH
MED-006,Delayed-Release Capsule,Gastrointestinal (PPI),37.0,27.2,15.0,30.0,0.0,7.0,7.0,27.6,193.2,0,0,0,0.0,559,0,HIGH
MED-010,Tablet,Antihistamine,21.7,67.8,20.0,25.0,0.0,0.0,0.0,2.8,0.0,0,0,0,0.0,621,0,LOW
MED-012,Tablet,Antihypertensive (CCB),31.8,77.9,15.0,30.0,0.0,1.8,1.8,17.6,31.68,0,0,0,0.0,546,0,MODERATE
MED-012,Tablet,Antihypertensive (CCB),31.5,64.8,15.0,30.0,0.0,1.5,1.5,24.7,37.05,0,0,0,0.0,122,0,MODERATE
MED-019,Delayed-Release Tablet,Gastrointestinal (PPI),27.2,29.7,20.0,25.0,0.0,2.2,2.2,16.4,36.08,0,0,0,0.0,366,0,MODERATE
MED-002,Capsule,Antibiotic (Penicillin),-0.3,67.3,20.0,25.0,20.3,0.0,20.3,35.0,710.5,0,0,0,0.0,184,0,HIGH
MED-016,Inhalation Aerosol,Respiratory (Bronchodilator),16.8,66.5,15.0,25.0,0.0,0.0,0.0,0.5,0.0,0,1,0,0.0,676,0,LOW
MED-017,Nasal Spray Suspension,Corticosteroid / Allergy,33.9,82.7,4.0,30.0,0.0,3.9,3.9,11.7,45.63,0,1,0,0.0,365,0,MODERATE
MED-017,Nasal Spray Suspension,Corticosteroid / Allergy,38.6,83.7,4.0,30.0,0.0,8.6,8.6,56.7,487.62,0,1,0,0.0,332,0,HIGH
MED-010,Tablet,Antihistamine,33.3,69.2,20.0,25.0,0.0,8.3,8.3,64.3,533.69,0,0,0,0.0,213,0,HIGH
MED-023,Capsule,Anticonvulsant / Neuropathic,10.3,65.4,15.0,30.0,4.7,0.0,4.7,9.2,43.24,0,0,0,0.0,325,0,MODERATE
MED-018,Capsule,Antibiotic (Tetracycline),21.0,32.6,20.0,25.0,0.0,0.0,0.0,2.9,0.0,0,0,0,0.0,647,0,LOW
MED-006,Delayed-Release Capsule,Gastrointestinal (PPI),15.9,81.7,15.0,30.0,0.0,0.0,0.0,3.2,0.0,0,0,0,0.0,315,0,LOW
MED-004,Tablet,Antidiabetic (Biguanide),22.7,54.2,20.0,25.0,0.0,0.0,0.0,0.8,0.0,0,0,0,0.0,266,0,LOW
MED-013,Tablet,Endocrine (Thyroid Hormone),27.2,27.4,15.0,30.0,0.0,0.0,0.0,1.6,0.0,0,0,0,0.0,317,0,LOW
MED-002,Capsule,Antibiotic (Penicillin),33.6,21.7,20.0,25.0,0.0,8.6,8.6,35.8,307.88,0,0,0,0.0,165,0,HIGH
MED-004,Tablet,Antidiabetic (Biguanide),30.1,22.4,20.0,25.0,0.0,5.1,5.1,15.2,77.52,0,0,0,0.0,196,0,MODERATE
MED-011,Tablet,Antihypertensive (ARB),34.1,58.6,15.0,30.0,0.0,4.1,4.1,7.2,29.52,0,0,0,0.0,350,0,MODERATE
MED-005,Tablet,Antihyperlipidemic (Statin),27.2,54.1,20.0,25.0,0.0,2.2,2.2,17.8,39.16,0,0,0,0.0,121,0,MODERATE
MED-025,Tablet,Diuretic / Antihypertensive,15.9,36.1,15.0,30.0,0.0,0.0,0.0,1.2,0.0,0,0,0,0.0,307,0,LOW
MED-004,Tablet,Antidiabetic (Biguanide),27.7,34.2,20.0,25.0,0.0,2.7,2.7,35.7,96.39,0,0,0,0.0,282,0,MODERATE
MED-006,Delayed-Release Capsule,Gastrointestinal (PPI),20.6,33.1,15.0,30.0,0.0,0.0,0.0,0.1,0.0,0,0,0,0.0,144,0,LOW
MED-013,Tablet,Endocrine (Thyroid Hormone),31.9,25.4,15.0,30.0,0.0,1.9,1.9,2.8,5.32,0,0,0,0.0,409,0,LOW
MED-001,Tablet,Analgesic / Antipyretic,19.0,85.0,20.0,25.0,1.0,0.0,1.0,18.0,18.0,0,0,0,0.0,365,0,LOW
MED-003,Tablet,Antibiotic (Beta-lactamase inhibitor),34.4,74.0,15.0,25.0,0.0,9.4,9.4,23.7,222.78,0,0,0,0.0,248,0,HIGH
MED-003,Tablet,Antibiotic (Beta-lactamase inhibitor),31.0,56.1,15.0,25.0,0.0,6.0,6.0,31.4,188.4,0,0,0,0.0,110,0,HIGH
MED-022,Tablet,Antiplatelet / Hematologic,13.9,36.9,15.0,30.0,1.1,0.0,1.1,20.5,22.55,0,0,0,0.0,401,0,MODERATE
MED-025,Tablet,Diuretic / Antihypertensive,33.6,30.8,15.0,30.0,0.0,3.6,3.6,26.0,93.6,0,0,0,0.0,239,0,MODERATE
MED-020,Tablet,Antidepressant (SSRI),23.0,79.8,20.0,25.0,0.0,0.0,0.0,11.3,0.0,0,0,0,0.0,223,0,LOW
MED-007,Tablet,Antibiotic (Macrolide),32.7,41.7,15.0,30.0,0.0,2.7,2.7,8.9,24.03,0,0,0,0.0,92,0,MODERATE
MED-021,Tablet,Respiratory (Leukotriene Antagonist),37.2,59.3,15.0,30.0,0.0,7.2,7.2,28.6,205.92,0,0,0,0.0,134,0,HIGH
MED-017,Nasal Spray Suspension,Corticosteroid / Allergy,5.7,28.4,4.0,30.0,0.0,0.0,0.0,3.3,0.0,0,1,0,0.0,704,0,LOW
MED-015,Subcutaneous Injection,Endocrine (Hormone),8.8,50.0,2.0,8.0,0.0,0.8,0.8,13.5,10.8,1,1,0,0.0,318,0,LOW
MED-019,Delayed-Release Tablet,Gastrointestinal (PPI),25.7,81.7,20.0,25.0,0.0,0.7,0.7,20.3,14.21,0,0,0,0.0,358,0,LOW
MED-015,Subcutaneous Injection,Endocrine (Hormone),3.7,49.1,2.0,8.0,0.0,0.0,0.0,2.5,0.0,1,1,0,0.0,574,0,LOW
MED-024,Tablet,Corticosteroid / Anti-inflammatory,20.3,61.4,20.0,25.0,0.0,0.0,0.0,22.4,0.0,0,0,0,0.0,91,0,LOW
MED-004,Tablet,Antidiabetic (Biguanide),29.7,49.3,20.0,25.0,0.0,4.7,4.7,7.2,33.84,0,0,0,0.0,273,0,MODERATE
MED-018,Capsule,Antibiotic (Tetracycline),24.7,83.1,20.0,25.0,0.0,0.0,0.0,0.5,0.0,0,0,0,0.0,369,0,LOW
MED-013,Tablet,Endocrine (Thyroid Hormone),32.0,58.1,15.0,30.0,0.0,2.0,2.0,7.5,15.0,0,0,0,0.0,78,0,LOW
MED-008,Tablet,Antibiotic (Fluoroquinolone),39.0,44.2,20.0,25.0,0.0,14.0,14.0,53.6,750.4,0,0,0,0.0,229,0,HIGH
MED-006,Delayed-Release Capsule,Gastrointestinal (PPI),1.8,54.6,15.0,30.0,13.2,0.0,13.2,29.0,382.8,0,0,0,0.0,138,0,HIGH
MED-017,Nasal Spray Suspension,Corticosteroid / Allergy,18.3,73.1,4.0,30.0,0.0,0.0,0.0,1.5,0.0,0,1,0,0.0,258,0,LOW
MED-014,Subcutaneous Injection,Endocrine (Hormone),12.0,42.5,2.0,8.0,0.0,4.0,4.0,1.9,7.6,1,1,0,0.0,364,0,MODERATE
MED-007,Tablet,Antibiotic (Macrolide),11.2,51.5,15.0,30.0,3.8,0.0,3.8,12.3,46.74,0,0,0,0.0,85,0,MODERATE
MED-005,Tablet,Antihyperlipidemic (Statin),16.5,46.0,20.0,25.0,3.5,0.0,3.5,11.6,40.6,0,0,0,0.0,316,0,MODERATE
MED-023,Capsule,Anticonvulsant / Neuropathic,34.6,44.4,15.0,30.0,0.0,4.6,4.6,2.1,9.66,0,0,0,0.0,416,0,LOW
MED-003,Tablet,Antibiotic (Beta-lactamase inhibitor),28.9,75.0,15.0,25.0,0.0,3.9,3.9,3.8,14.82,0,0,0,0.0,46,1,MODERATE
MED-024,Tablet,Corticosteroid / Anti-inflammatory,30.4,56.9,20.0,25.0,0.0,5.4,5.4,14.7,79.38,0,0,0,0.0,400,0,MODERATE
MED-015,Subcutaneous Injection,Endocrine (Hormone),7.3,38.6,2.0,8.0,0.0,0.0,0.0,3.1,0.0,1,1,0,0.0,437,0,LOW
MED-003,Tablet,Antibiotic (Beta-lactamase inhibitor),32.7,71.6,15.0,25.0,0.0,7.7,7.7,10.6,81.62,0,0,0,0.0,528,0,MODERATE
MED-012,Tablet,Antihypertensive (CCB),21.6,70.4,15.0,30.0,0.0,0.0,0.0,4.0,0.0,0,0,0,0.0,119,0,LOW
MED-021,Tablet,Respiratory (Leukotriene Antagonist),31.0,30.8,15.0,30.0,0.0,1.0,1.0,28.5,28.5,0,0,0,0.0,350,0,MODERATE
MED-023,Capsule,Anticonvulsant / Neuropathic,32.1,56.9,15.0,30.0,0.0,2.1,2.1,11.4,23.94,0,0,0,0.0,290,0,MODERATE
MED-015,Subcutaneous Injection,Endocrine (Hormone),-1.9,54.8,2.0,8.0,3.9,0.0,3.9,18.8,73.32,1,1,0,0.0,516,0,HIGH
MED-014,Subcutaneous Injection,Endocrine (Hormone),14.6,72.9,2.0,8.0,0.0,6.6,6.6,7.2,47.52,1,1,0,0.0,281,0,MODERATE
MED-005,Tablet,Antihyperlipidemic (Statin),30.7,69.5,20.0,25.0,0.0,5.7,5.7,9.7,55.29,0,0,0,0.0,434,0,MODERATE
MED-016,Inhalation Aerosol,Respiratory (Bronchodilator),29.2,59.8,15.0,25.0,0.0,4.2,4.2,6.6,27.72,0,1,0,0.0,418,0,MODERATE
MED-019,Delayed-Release Tablet,Gastrointestinal (PPI),23.2,25.9,20.0,25.0,0.0,0.0,0.0,2.0,0.0,0,0,0,0.0,476,0,LOW
MED-004,Tablet,Antidiabetic (Biguanide),47.4,54.9,20.0,25.0,0.0,22.4,22.4,54.8,1227.52,0,0,0,0.0,47,1,HIGH
MED-023,Capsule,Anticonvulsant / Neuropathic,34.7,76.6,15.0,30.0,0.0,4.7,4.7,10.0,47.0,0,0,0,0.0,241,0,MODERATE
MED-024,Tablet,Corticosteroid / Anti-inflammatory,23.7,79.4,20.0,25.0,0.0,0.0,0.0,3.0,0.0,0,0,0,0.0,150,0,LOW
MED-004,Tablet,Antidiabetic (Biguanide),19.5,45.5,20.0,25.0,0.5,0.0,0.5,5.3,2.65,0,0,0,0.0,598,0,LOW
MED-014,Subcutaneous Injection,Endocrine (Hormone),0.3,75.4,2.0,8.0,1.7,0.0,1.7,4.5,7.65,1,1,0,0.0,290,0,MODERATE
MED-002,Capsule,Antibiotic (Penicillin),34.0,51.0,20.0,25.0,0.0,9.0,9.0,28.7,258.3,0,0,0,0.0,185,0,HIGH
MED-025,Tablet,Diuretic / Antihypertensive,42.9,53.6,15.0,30.0,0.0,12.9,12.9,11.1,143.19,0,0,0,0.0,54,1,HIGH
MED-001,Tablet,Analgesic / Antipyretic,22.4,50.0,20.0,25.0,0.0,0.0,0.0,1.4,0.0,0,0,0,0.0,96,0,LOW
MED-003,Tablet,Antibiotic (Beta-lactamase inhibitor),23.9,53.5,15.0,25.0,0.0,0.0,0.0,27.4,0.0,0,0,0,0.0,297,0,LOW
MED-018,Capsule,Antibiotic (Tetracycline),16.0,21.8,20.0,25.0,4.0,0.0,4.0,14.9,59.6,0,0,0,0.0,95,0,MODERATE
MED-014,Subcutaneous Injection,Endocrine (Hormone),-1.4,77.9,2.0,8.0,3.4,0.0,3.4,19.7,66.98,1,1,0,0.0,342,0,HIGH
MED-002,Capsule,Antibiotic (Penicillin),23.7,21.7,20.0,25.0,0.0,0.0,0.0,2.4,0.0,0,0,0,0.0,472,0,LOW
MED-003,Tablet,Antibiotic (Beta-lactamase inhibitor),26.5,62.8,15.0,25.0,0.0,1.5,1.5,24.7,37.05,0,0,0,0.0,481,0,MODERATE
MED-024,Tablet,Corticosteroid / Anti-inflammatory,25.2,66.6,20.0,25.0,0.0,0.2,0.2,23.9,4.78,0,0,0,0.0,153,0,LOW
MED-018,Capsule,Antibiotic (Tetracycline),33.4,53.7,20.0,25.0,0.0,8.4,8.4,49.3,414.12,0,0,0,0.0,205,0,HIGH
MED-016,Inhalation Aerosol,Respiratory (Bronchodilator),31.9,61.1,15.0,25.0,0.0,6.9,6.9,1.1,7.59,0,1,0,0.0,329,0,MODERATE
MED-013,Tablet,Endocrine (Thyroid Hormone),32.2,50.8,15.0,30.0,0.0,2.2,2.2,12.4,27.28,0,0,0,0.0,208,0,MODERATE
MED-023,Capsule,Anticonvulsant / Neuropathic,42.9,71.7,15.0,30.0,0.0,12.9,12.9,71.5,922.35,0,0,0,0.0,8,1,HIGH
MED-013,Tablet,Endocrine (Thyroid Hormone),29.1,58.5,15.0,30.0,0.0,0.0,0.0,0.8,0.0,0,0,0,0.0,436,0,LOW
MED-005,Tablet,Antihyperlipidemic (Statin),31.2,83.3,20.0,25.0,0.0,6.2,6.2,19.0,117.8,0,0,0,0.0,409,0,MODERATE
MED-007,Tablet,Antibiotic (Macrolide),45.1,65.9,15.0,30.0,0.0,15.1,15.1,39.7,599.47,0,0,0,0.0,248,0,HIGH
MED-002,Capsule,Antibiotic (Penicillin),24.2,70.0,20.0,25.0,0.0,0.0,0.0,1.6,0.0,0,0,0,0.0,241,0,LOW
MED-020,Tablet,Antidepressant (SSRI),17.7,46.7,20.0,25.0,2.3,0.0,2.3,4.8,11.04,0,0,0,0.0,547,0,LOW
MED-014,Subcutaneous Injection,Endocrine (Hormone),-3.8,28.1,2.0,8.0,5.8,0.0,5.8,41.7,241.86,1,1,0,0.0,301,0,HIGH
MED-010,Tablet,Antihistamine,29.8,21.4,20.0,25.0,0.0,4.8,4.8,6.3,30.24,0,0,0,0.0,356,0,MODERATE
MED-012,Tablet,Antihypertensive (CCB),41.4,57.1,15.0,30.0,0.0,11.4,11.4,65.1,742.14,0,0,0,0.0,255,0,HIGH
MED-022,Tablet,Antiplatelet / Hematologic,13.3,43.6,15.0,30.0,1.7,0.0,1.7,22.9,38.93,0,0,0,0.0,17,1,HIGH
MED-011,Tablet,Antihypertensive (ARB),23.3,40.4,15.0,30.0,0.0,0.0,0.0,0.7,0.0,0,0,0,0.0,107,0,LOW
MED-004,Tablet,Antidiabetic (Biguanide),32.6,41.5,20.0,25.0,0.0,7.6,7.6,30.6,232.56,0,0,0,0.0,317,0,HIGH
MED-023,Capsule,Anticonvulsant / Neuropathic,10.4,31.5,15.0,30.0,4.6,0.0,4.6,15.8,72.68,0,0,0,0.0,170,0,MODERATE
MED-004,Tablet,Antidiabetic (Biguanide),24.8,82.8,20.0,25.0,0.0,0.0,0.0,0.6,0.0,0,0,0,0.0,509,0,LOW
MED-007,Tablet,Antibiotic (Macrolide),31.2,23.9,15.0,30.0,0.0,1.2,1.2,13.1,15.72,0,0,0,0.0,186,0,LOW
MED-017,Nasal Spray Suspension,Corticosteroid / Allergy,43.3,72.7,4.0,30.0,0.0,13.3,13.3,27.4,364.42,0,1,0,0.0,345,0,HIGH
MED-010,Tablet,Antihistamine,27.3,59.5,20.0,25.0,0.0,2.3,2.3,13.3,30.59,0,0,0,0.0,372,0,MODERATE
MED-013,Tablet,Endocrine (Thyroid Hormone),40.9,83.3,15.0,30.0,0.0,10.9,10.9,16.7,182.03,0,0,0,0.0,103,0,HIGH
MED-001,Tablet,Analgesic / Antipyretic,43.1,23.5,20.0,25.0,0.0,18.1,18.1,35.0,633.5,0,0,0,0.0,253,0,HIGH
MED-013,Tablet,Endocrine (Thyroid Hormone),12.6,46.0,15.0,30.0,2.4,0.0,2.4,22.9,54.96,0,0,0,0.0,395,0,MODERATE
MED-021,Tablet,Respiratory (Leukotriene Antagonist),28.8,68.5,15.0,30.0,0.0,0.0,0.0,4.0,0.0,0,0,0,0.0,730,0,LOW
MED-023,Capsule,Anticonvulsant / Neuropathic,30.7,67.0,15.0,30.0,0.0,0.7,0.7,18.3,12.81,0,0,0,0.0,168,0,LOW
MED-017,Nasal Spray Suspension,Corticosteroid / Allergy,32.8,24.1,4.0,30.0,0.0,2.8,2.8,7.1,19.88,0,1,0,0.0,24,1,MODERATE
MED-016,Inhalation Aerosol,Respiratory (Bronchodilator),32.6,36.0,15.0,25.0,0.0,7.6,7.6,13.9,105.64,0,1,0,0.0,409,0,MODERATE
MED-007,Tablet,Antibiotic (Macrolide),31.0,60.9,15.0,30.0,0.0,1.0,1.0,9.0,9.0,0,0,0,0.0,62,0,LOW
MED-015,Subcutaneous Injection,Endocrine (Hormone),6.0,58.0,2.0,8.0,0.0,0.0,0.0,2.7,0.0,1,1,0,0.0,407,0,LOW
MED-005,Tablet,Antihyperlipidemic (Statin),33.8,34.9,20.0,25.0,0.0,8.8,8.8,41.8,367.84,0,0,0,0.0,61,0,HIGH
MED-003,Tablet,Antibiotic (Beta-lactamase inhibitor),13.5,49.8,15.0,25.0,1.5,0.0,1.5,8.5,12.75,0,0,0,0.0,318,0,LOW
MED-023,Capsule,Anticonvulsant / Neuropathic,45.6,64.8,15.0,30.0,0.0,15.6,15.6,29.9,466.44,0,0,0,0.0,256,0,HIGH
MED-022,Tablet,Antiplatelet / Hematologic,41.4,44.0,15.0,30.0,0.0,11.4,11.4,13.4,152.76,0,0,0,0.0,295,0,HIGH
MED-016,Inhalation Aerosol,Respiratory (Bronchodilator),38.9,48.0,15.0,25.0,0.0,13.9,13.9,21.7,301.63,0,1,0,0.0,256,0,HIGH
MED-009,Tablet,Analgesic / NSAID,4.0,31.6,20.0,25.0,16.0,0.0,16.0,49.7,795.2,0,0,0,0.0,355,0,HIGH
MED-009,Tablet,Analgesic / NSAID,20.0,67.8,20.0,25.0,0.0,0.0,0.0,1.3,0.0,0,0,0,0.0,555,0,LOW
MED-020,Tablet,Antidepressant (SSRI),15.2,54.2,20.0,25.0,4.8,0.0,4.8,8.0,38.4,0,0,0,0.0,62,0,MODERATE
MED-018,Capsule,Antibiotic (Tetracycline),15.6,83.4,20.0,25.0,4.4,0.0,4.4,14.2,62.48,0,0,0,0.0,70,0,MODERATE
MED-010,Tablet,Antihistamine,36.7,52.3,20.0,25.0,0.0,11.7,11.7,9.1,106.47,0,0,0,0.0,364,0,MODERATE
MED-019,Delayed-Release Tablet,Gastrointestinal (PPI),20.4,54.0,20.0,25.0,0.0,0.0,0.0,11.8,0.0,0,0,0,0.0,285,0,LOW
MED-023,Capsule,Anticonvulsant / Neuropathic,42.7,67.0,15.0,30.0,0.0,12.7,12.7,23.6,299.72,0,0,0,0.0,227,0,HIGH
MED-001,Tablet,Analgesic / Antipyretic,21.4,57.7,20.0,25.0,0.0,0.0,0.0,1.7,0.0,0,0,0,0.0,341,0,LOW
MED-022,Tablet,Antiplatelet / Hematologic,46.1,41.9,15.0,30.0,0.0,16.1,16.1,28.1,452.41,0,0,0,0.0,79,0,HIGH
MED-004,Tablet,Antidiabetic (Biguanide),17.7,82.2,20.0,25.0,2.3,0.0,2.3,6.7,15.41,0,0,0,0.0,113,0,LOW
MED-006,Delayed-Release Capsule,Gastrointestinal (PPI),12.0,82.5,15.0,30.0,3.0,0.0,3.0,4.2,12.6,0,0,0,0.0,538,0,LOW
MED-008,Tablet,Antibiotic (Fluoroquinolone),29.5,70.4,20.0,25.0,0.0,4.5,4.5,16.8,75.6,0,0,0,0.0,373,0,MODERATE
MED-012,Tablet,Antihypertensive (CCB),36.2,27.2,15.0,30.0,0.0,6.2,6.2,3.1,19.22,0,0,0,0.0,526,0,MODERATE
MED-002,Capsule,Antibiotic (Penicillin),23.9,58.8,20.0,25.0,0.0,0.0,0.0,1.9,0.0,0,0,0,0.0,625,0,LOW
MED-007,Tablet,Antibiotic (Macrolide),28.3,34.2,15.0,30.0,0.0,0.0,0.0,3.5,0.0,0,0,0,0.0,399,0,LOW
MED-021,Tablet,Respiratory (Leukotriene Antagonist),34.3,70.8,15.0,30.0,0.0,4.3,4.3,16.2,69.66,0,0,0,0.0,241,0,MODERATE
MED-002,Capsule,Antibiotic (Penicillin),23.8,78.3,20.0,25.0,0.0,0.0,0.0,1.3,0.0,0,0,0,0.0,125,0,LOW
MED-005,Tablet,Antihyperlipidemic (Statin),26.9,42.4,20.0,25.0,0.0,1.9,1.9,25.6,48.64,0,0,0,0.0,178,0,MODERATE
MED-017,Nasal Spray Suspension,Corticosteroid / Allergy,32.5,29.8,4.0,30.0,0.0,2.5,2.5,4.4,11.0,0,1,0,0.0,117,0,LOW
MED-023,Capsule,Anticonvulsant / Neuropathic,22.0,38.7,15.0,30.0,0.0,0.0,0.0,0.1,0.0,0,0,0,0.0,638,0,LOW
MED-017,Nasal Spray Suspension,Corticosteroid / Allergy,32.8,25.0,4.0,30.0,0.0,2.8,2.8,7.6,21.28,0,1,0,0.0,258,0,MODERATE
MED-021,Tablet,Respiratory (Leukotriene Antagonist),13.9,36.5,15.0,30.0,1.1,0.0,1.1,10.5,11.55,0,0,0,0.0,563,0,LOW
MED-011,Tablet,Antihypertensive (ARB),25.4,81.4,15.0,30.0,0.0,0.0,0.0,1.2,0.0,0,0,0,0.0,451,0,LOW
MED-004,Tablet,Antidiabetic (Biguanide),20.2,63.7,20.0,25.0,0.0,0.0,0.0,2.5,0.0,0,0,0,0.0,454,0,LOW
MED-022,Tablet,Antiplatelet / Hematologic,39.5,62.3,15.0,30.0,0.0,9.5,9.5,12.7,120.65,0,0,0,0.0,140,0,HIGH
MED-017,Nasal Spray Suspension,Corticosteroid / Allergy,6.9,39.6,4.0,30.0,0.0,0.0,0.0,1.2,0.0,0,1,0,0.0,463,0,LOW
MED-019,Delayed-Release Tablet,Gastrointestinal (PPI),44.5,34.6,20.0,25.0,0.0,19.5,19.5,15.7,306.15,0,0,0,0.0,34,1,HIGH
MED-004,Tablet,Antidiabetic (Biguanide),46.3,25.6,20.0,25.0,0.0,21.3,21.3,20.9,445.17,0,0,0,0.0,66,1,HIGH
MED-001,Tablet,Analgesic / Antipyretic,27.8,56.2,20.0,25.0,0.0,2.8,2.8,17.3,48.44,0,0,0,0.0,255,0,MODERATE
MED-019,Delayed-Release Tablet,Gastrointestinal (PPI),24.3,56.9,20.0,25.0,0.0,0.0,0.0,3.1,0.0,0,0,0,0.0,430,0,LOW
MED-017,Nasal Spray Suspension,Corticosteroid / Allergy,11.4,37.7,4.0,30.0,0.0,0.0,0.0,3.1,0.0,0,1,0,0.0,157,0,LOW
MED-019,Delayed-Release Tablet,Gastrointestinal (PPI),-0.3,35.9,20.0,25.0,20.3,0.0,20.3,20.6,418.18,0,0,0,0.0,187,0,HIGH
MED-011,Tablet,Antihypertensive (ARB),45.4,51.6,15.0,30.0,0.0,15.4,15.4,56.8,874.72,0,0,0,0.0,244,0,HIGH
MED-002,Capsule,Antibiotic (Penicillin),20.7,65.8,20.0,25.0,0.0,0.0,0.0,22.3,0.0,0,0,0,0.0,466,0,LOW
MED-016,Inhalation Aerosol,Respiratory (Bronchodilator),25.0,29.8,15.0,25.0,0.0,0.0,0.0,9.6,0.0,0,1,0,0.0,447,0,LOW
MED-025,Tablet,Diuretic / Antihypertensive,14.1,56.0,15.0,30.0,0.9,0.0,0.9,4.3,3.87,0,0,0,0.0,160,0,LOW
MED-023,Capsule,Anticonvulsant / Neuropathic,43.8,79.6,15.0,30.0,0.0,13.8,13.8,14.2,195.96,0,0,0,0.0,131,0,HIGH
MED-015,Subcutaneous Injection,Endocrine (Hormone),-4.2,53.7,2.0,8.0,6.2,0.0,6.2,24.8,153.76,1,1,0,0.0,181,0,HIGH
MED-017,Nasal Spray Suspension,Corticosteroid / Allergy,13.6,54.4,4.0,30.0,0.0,0.0,0.0,0.2,0.0,0,1,0,0.0,460,0,LOW
MED-004,Tablet,Antidiabetic (Biguanide),21.7,26.2,20.0,25.0,0.0,0.0,0.0,2.9,0.0,0,0,0,0.0,260,0,LOW
MED-011,Tablet,Antihypertensive (ARB),32.9,76.5,15.0,30.0,0.0,2.9,2.9,2.1,6.09,0,0,0,0.0,108,0,LOW
MED-021,Tablet,Respiratory (Leukotriene Antagonist),14.5,48.5,15.0,30.0,0.5,0.0,0.5,23.4,11.7,0,0,0,0.0,101,0,LOW
MED-012,Tablet,Antihypertensive (CCB),13.1,33.2,15.0,30.0,1.9,0.0,1.9,1.6,3.04,0,0,0,0.0,76,0,LOW
MED-023,Capsule,Anticonvulsant / Neuropathic,33.2,66.5,15.0,30.0,0.0,3.2,3.2,4.2,13.44,0,0,0,0.0,99,0,LOW
MED-001,Tablet,Analgesic / Antipyretic,41.5,75.7,20.0,25.0,0.0,16.5,16.5,58.7,968.55,0,0,0,0.0,261,0,HIGH
MED-010,Tablet,Antihistamine,1.3,56.5,20.0,25.0,18.7,0.0,18.7,13.4,250.58,0,0,0,0.0,175,0,HIGH
MED-013,Tablet,Endocrine (Thyroid Hormone),14.4,21.4,15.0,30.0,0.6,0.0,0.6,16.9,10.14,0,0,0,0.0,295,0,LOW
MED-024,Tablet,Corticosteroid / Anti-inflammatory,20.9,29.5,20.0,25.0,0.0,0.0,0.0,3.4,0.0,0,0,0,0.0,151,0,LOW
MED-012,Tablet,Antihypertensive (CCB),29.6,26.2,15.0,30.0,0.0,0.0,0.0,0.3,0.0,0,0,0,0.0,499,0,LOW
MED-017,Nasal Spray Suspension,Corticosteroid / Allergy,34.3,22.9,4.0,30.0,0.0,4.3,4.3,12.6,54.18,0,1,0,0.0,122,0,MODERATE
MED-019,Delayed-Release Tablet,Gastrointestinal (PPI),34.9,67.9,20.0,25.0,0.0,9.9,9.9,11.4,112.86,0,0,0,0.0,64,0,MODERATE
MED-005,Tablet,Antihyperlipidemic (Statin),23.0,42.4,20.0,25.0,0.0,0.0,0.0,28.8,0.0,0,0,0,0.0,242,0,LOW
MED-007,Tablet,Antibiotic (Macrolide),28.5,48.2,15.0,30.0,0.0,0.0,0.0,21.9,0.0,0,0,0,0.0,349,0,LOW
MED-012,Tablet,Antihypertensive (CCB),29.9,39.0,15.0,30.0,0.0,0.0,0.0,28.6,0.0,0,0,0,0.0,14,1,MODERATE
MED-002,Capsule,Antibiotic (Penicillin),22.1,77.4,20.0,25.0,0.0,0.0,0.0,3.1,0.0,0,0,0,0.0,706,0,LOW
MED-012,Tablet,Antihypertensive (CCB),33.7,37.0,15.0,30.0,0.0,3.7,3.7,8.3,30.71,0,0,0,0.0,583,0,MODERATE
MED-009,Tablet,Analgesic / NSAID,31.1,48.9,20.0,25.0,0.0,6.1,6.1,35.9,218.99,0,0,0,0.0,420,0,HIGH
MED-021,Tablet,Respiratory (Leukotriene Antagonist),15.6,43.2,15.0,30.0,0.0,0.0,0.0,15.4,0.0,0,0,0,0.0,319,0,LOW
MED-005,Tablet,Antihyperlipidemic (Statin),27.5,28.0,20.0,25.0,0.0,2.5,2.5,15.1,37.75,0,0,0,0.0,346,0,MODERATE
MED-015,Subcutaneous Injection,Endocrine (Hormone),-2.4,56.8,2.0,8.0,4.4,0.0,4.4,21.3,93.72,1,1,0,0.0,461,0,HIGH
MED-020,Tablet,Antidepressant (SSRI),23.0,27.0,20.0,25.0,0.0,0.0,0.0,0.2,0.0,0,0,0,0.0,79,0,LOW
MED-009,Tablet,Analgesic / NSAID,34.4,43.6,20.0,25.0,0.0,9.4,9.4,30.7,288.58,0,0,0,0.0,362,0,HIGH
MED-025,Tablet,Diuretic / Antihypertensive,41.5,78.5,15.0,30.0,0.0,11.5,11.5,21.9,251.85,0,0,0,0.0,210,0,HIGH
MED-010,Tablet,Antihistamine,35.9,47.1,20.0,25.0,0.0,10.9,10.9,44.4,483.96,0,0,0,0.0,11,1,HIGH
MED-022,Tablet,Antiplatelet / Hematologic,31.8,59.4,15.0,30.0,0.0,1.8,1.8,18.0,32.4,0,0,0,0.0,213,0,MODERATE
MED-008,Tablet,Antibiotic (Fluoroquinolone),44.1,62.3,20.0,25.0,0.0,19.1,19.1,52.1,995.11,0,0,0,0.0,130,0,HIGH
MED-011,Tablet,Antihypertensive (ARB),13.5,46.1,15.0,30.0,1.5,0.0,1.5,9.7,14.55,0,0,0,0.0,553,0,LOW
MED-012,Tablet,Antihypertensive (CCB),31.7,59.0,15.0,30.0,0.0,1.7,1.7,13.0,22.1,0,0,0,0.0,146,0,MODERATE
MED-014,Subcutaneous Injection,Endocrine (Hormone),1.1,30.2,2.0,8.0,0.9,0.0,0.9,22.6,20.34,1,1,0,0.0,29,1,MODERATE
MED-008,Tablet,Antibiotic (Fluoroquinolone),16.9,63.1,20.0,25.0,3.1,0.0,3.1,17.2,53.32,0,0,0,0.0,239,0,MODERATE
MED-021,Tablet,Respiratory (Leukotriene Antagonist),10.8,64.3,15.0,30.0,4.2,0.0,4.2,13.2,55.44,0,0,0,0.0,589,0,MODERATE
MED-004,Tablet,Antidiabetic (Biguanide),18.4,43.8,20.0,25.0,1.6,0.0,1.6,12.5,20.0,0,0,0,0.0,439,0,MODERATE
MED-010,Tablet,Antihistamine,29.0,32.6,20.0,25.0,0.0,4.0,4.0,3.2,12.8,0,0,0,0.0,286,0,LOW
MED-013,Tablet,Endocrine (Thyroid Hormone),42.6,81.9,15.0,30.0,0.0,12.6,12.6,36.9,464.94,0,0,0,0.0,220,0,HIGH
MED-008,Tablet,Antibiotic (Fluoroquinolone),21.4,62.8,20.0,25.0,0.0,0.0,0.0,17.4,0.0,0,0,0,0.0,328,0,LOW
MED-016,Inhalation Aerosol,Respiratory (Bronchodilator),24.7,21.5,15.0,25.0,0.0,0.0,0.0,27.4,0.0,0,1,0,0.0,291,0,LOW
MED-015,Subcutaneous Injection,Endocrine (Hormone),14.4,41.5,2.0,8.0,0.0,6.4,6.4,5.0,32.0,1,1,0,0.0,277,0,MODERATE
MED-007,Tablet,Antibiotic (Macrolide),31.5,21.9,15.0,30.0,0.0,1.5,1.5,14.7,22.05,0,0,0,0.0,229,0,MODERATE
MED-012,Tablet,Antihypertensive (CCB),28.4,36.3,15.0,30.0,0.0,0.0,0.0,3.4,0.0,0,0,0,0.0,561,0,LOW
MED-019,Delayed-Release Tablet,Gastrointestinal (PPI),20.8,50.3,20.0,25.0,0.0,0.0,0.0,0.7,0.0,0,0,0,0.0,141,0,LOW
MED-024,Tablet,Corticosteroid / Anti-inflammatory,44.3,73.0,20.0,25.0,0.0,19.3,19.3,46.4,895.52,0,0,0,0.0,132,0,HIGH
MED-025,Tablet,Diuretic / Antihypertensive,15.6,36.4,15.0,30.0,0.0,0.0,0.0,0.4,0.0,0,0,0,0.0,593,0,LOW
MED-004,Tablet,Antidiabetic (Biguanide),30.6,35.6,20.0,25.0,0.0,5.6,5.6,6.9,38.64,0,0,0,0.0,188,0,MODERATE
MED-022,Tablet,Antiplatelet / Hematologic,22.9,31.3,15.0,30.0,0.0,0.0,0.0,1.3,0.0,0,0,0,0.0,519,0,LOW
MED-004,Tablet,Antidiabetic (Biguanide),22.0,30.5,20.0,25.0,0.0,0.0,0.0,5.2,0.0,0,0,0,0.0,113,0,LOW
MED-006,Delayed-Release Capsule,Gastrointestinal (PPI),41.4,74.3,15.0,30.0,0.0,11.4,11.4,40.0,456.0,0,0,0,0.0,63,0,HIGH
MED-001,Tablet,Analgesic / Antipyretic,31.6,62.7,20.0,25.0,0.0,6.6,6.6,29.8,196.68,0,0,0,0.0,156,0,HIGH
MED-012,Tablet,Antihypertensive (CCB),37.2,22.5,15.0,30.0,0.0,7.2,7.2,4.0,28.8,0,0,0,0.0,240,0,MODERATE
MED-016,Inhalation Aerosol,Respiratory (Bronchodilator),28.7,84.9,15.0,25.0,0.0,3.7,3.7,13.7,50.69,0,1,0,0.0,392,0,MODERATE
MED-003,Tablet,Antibiotic (Beta-lactamase inhibitor),35.6,79.6,15.0,25.0,0.0,10.6,10.6,24.3,257.58,0,0,0,0.0,222,0,HIGH
MED-016,Inhalation Aerosol,Respiratory (Bronchodilator),37.1,41.0,15.0,25.0,0.0,12.1,12.1,49.4,597.74,0,1,0,0.0,13,1,HIGH
MED-021,Tablet,Respiratory (Leukotriene Antagonist),32.3,38.9,15.0,30.0,0.0,2.3,2.3,3.6,8.28,0,0,0,0.0,69,0,LOW
MED-025,Tablet,Diuretic / Antihypertensive,29.9,67.1,15.0,30.0,0.0,0.0,0.0,28.9,0.0,0,0,0,0.0,348,0,LOW
MED-017,Nasal Spray Suspension,Corticosteroid / Allergy,25.0,53.4,4.0,30.0,0.0,0.0,0.0,1.8,0.0,0,1,0,0.0,486,0,LOW
MED-013,Tablet,Endocrine (Thyroid Hormone),33.2,49.2,15.0,30.0,0.0,3.2,3.2,16.2,51.84,0,0,0,0.0,396,0,MODERATE
MED-018,Capsule,Antibiotic (Tetracycline),30.5,73.8,20.0,25.0,0.0,5.5,5.5,5.9,32.45,0,0,0,0.0,491,0,MODERATE
MED-016,Inhalation Aerosol,Respiratory (Bronchodilator),18.0,71.9,15.0,25.0,0.0,0.0,0.0,3.1,0.0,0,1,0,0.0,518,0,LOW
MED-013,Tablet,Endocrine (Thyroid Hormone),35.7,48.8,15.0,30.0,0.0,5.7,5.7,11.4,64.98,0,0,0,0.0,315,0,MODERATE
MED-002,Capsule,Antibiotic (Penicillin),23.5,82.3,20.0,25.0,0.0,0.0,0.0,3.8,0.0,0,0,0,0.0,17,1,LOW
MED-014,Subcutaneous Injection,Endocrine (Hormone),1.8,51.5,2.0,8.0,0.2,0.0,0.2,1.1,0.22,1,1,0,0.0,331,0,MODERATE
MED-013,Tablet,Endocrine (Thyroid Hormone),32.1,31.8,15.0,30.0,0.0,2.1,2.1,8.9,18.69,0,0,0,0.0,206,0,LOW
MED-009,Tablet,Analgesic / NSAID,16.4,73.6,20.0,25.0,3.6,0.0,3.6,16.7,60.12,0,0,0,0.0,415,0,MODERATE
MED-006,Delayed-Release Capsule,Gastrointestinal (PPI),43.9,42.9,15.0,30.0,0.0,13.9,13.9,20.6,286.34,0,0,0,0.0,273,0,HIGH
MED-003,Tablet,Antibiotic (Beta-lactamase inhibitor),38.9,76.4,15.0,25.0,0.0,13.9,13.9,31.7,440.63,0,0,0,0.0,11,1,HIGH
MED-016,Inhalation Aerosol,Respiratory (Bronchodilator),13.6,23.5,15.0,25.0,1.4,0.0,1.4,2.7,3.78,0,1,0,0.0,352,0,LOW
MED-002,Capsule,Antibiotic (Penicillin),27.2,31.7,20.0,25.0,0.0,2.2,2.2,14.0,30.8,0,0,0,0.0,102,0,MODERATE
MED-024,Tablet,Corticosteroid / Anti-inflammatory,21.9,71.8,20.0,25.0,0.0,0.0,0.0,7.5,0.0,0,0,0,0.0,241,0,LOW
MED-003,Tablet,Antibiotic (Beta-lactamase inhibitor),30.9,38.5,15.0,25.0,0.0,5.9,5.9,10.7,63.13,0,0,0,0.0,73,0,MODERATE
MED-024,Tablet,Corticosteroid / Anti-inflammatory,23.8,33.2,20.0,25.0,0.0,0.0,0.0,1.3,0.0,0,0,0,0.0,510,0,LOW
MED-002,Capsule,Antibiotic (Penicillin),27.2,26.3,20.0,25.0,0.0,2.2,2.2,2.2,4.84,0,0,0,0.0,48,1,LOW
MED-023,Capsule,Anticonvulsant / Neuropathic,23.2,39.5,15.0,30.0,0.0,0.0,0.0,1.2,0.0,0,0,0,0.0,96,0,LOW
MED-012,Tablet,Antihypertensive (CCB),39.6,80.9,15.0,30.0,0.0,9.6,9.6,19.0,182.4,0,0,0,0.0,321,0,HIGH
MED-016,Inhalation Aerosol,Respiratory (Bronchodilator),16.6,68.9,15.0,25.0,0.0,0.0,0.0,8.4,0.0,0,1,0,0.0,545,0,LOW
MED-017,Nasal Spray Suspension,Corticosteroid / Allergy,29.6,52.3,4.0,30.0,0.0,0.0,0.0,32.0,0.0,0,1,0,0.0,505,0,LOW
MED-001,Tablet,Analgesic / Antipyretic,40.7,66.2,20.0,25.0,0.0,15.7,15.7,33.3,522.81,0,0,0,0.0,60,1,HIGH
MED-022,Tablet,Antiplatelet / Hematologic,30.9,38.4,15.0,30.0,0.0,0.9,0.9,8.8,7.92,0,0,0,0.0,227,0,LOW
MED-007,Tablet,Antibiotic (Macrolide),46.9,50.9,15.0,30.0,0.0,16.9,16.9,60.3,1019.07,0,0,0,0.0,93,0,HIGH
MED-008,Tablet,Antibiotic (Fluoroquinolone),26.7,65.9,20.0,25.0,0.0,1.7,1.7,10.2,17.34,0,0,0,0.0,83,0,LOW
MED-004,Tablet,Antidiabetic (Biguanide),28.4,79.1,20.0,25.0,0.0,3.4,3.4,33.8,114.92,0,0,0,0.0,361,0,MODERATE
MED-021,Tablet,Respiratory (Leukotriene Antagonist),31.6,32.3,15.0,30.0,0.0,1.6,1.6,3.1,4.96,0,0,0,0.0,480,0,LOW
MED-003,Tablet,Antibiotic (Beta-lactamase inhibitor),24.9,36.4,15.0,25.0,0.0,0.0,0.0,10.0,0.0,0,0,0,0.0,480,0,LOW
MED-008,Tablet,Antibiotic (Fluoroquinolone),32.9,25.7,20.0,25.0,0.0,7.9,7.9,31.2,246.48,0,0,0,0.0,85,0,HIGH
MED-001,Tablet,Analgesic / Antipyretic,29.4,60.7,20.0,25.0,0.0,4.4,4.4,14.7,64.68,0,0,0,0.0,75,0,MODERATE
MED-007,Tablet,Antibiotic (Macrolide),15.1,55.0,15.0,30.0,0.0,0.0,0.0,6.1,0.0,0,0,0,0.0,219,0,LOW
MED-003,Tablet,Antibiotic (Beta-lactamase inhibitor),20.5,57.9,15.0,25.0,0.0,0.0,0.0,3.3,0.0,0,0,0,0.0,182,0,LOW
MED-024,Tablet,Corticosteroid / Anti-inflammatory,18.2,46.5,20.0,25.0,1.8,0.0,1.8,23.0,41.4,0,0,0,0.0,75,0,MODERATE
MED-022,Tablet,Antiplatelet / Hematologic,32.1,68.7,15.0,30.0,0.0,2.1,2.1,12.5,26.25,0,0,0,0.0,303,0,MODERATE
MED-009,Tablet,Analgesic / NSAID,25.9,39.1,20.0,25.0,0.0,0.9,0.9,16.4,14.76,0,0,0,0.0,345,0,LOW
MED-001,Tablet,Analgesic / Antipyretic,4.7,72.5,20.0,25.0,15.3,0.0,15.3,16.8,257.04,0,0,0,0.0,170,0,HIGH
MED-006,Delayed-Release Capsule,Gastrointestinal (PPI),15.2,24.1,15.0,30.0,0.0,0.0,0.0,17.8,0.0,0,0,0,0.0,482,0,LOW
MED-015,Subcutaneous Injection,Endocrine (Hormone),2.8,57.8,2.0,8.0,0.0,0.0,0.0,2.6,0.0,1,1,0,0.0,585,0,LOW
MED-005,Tablet,Antihyperlipidemic (Statin),38.6,20.8,20.0,25.0,0.0,13.6,13.6,40.7,553.52,0,0,0,0.0,364,0,HIGH
MED-017,Nasal Spray Suspension,Corticosteroid / Allergy,3.6,23.5,4.0,30.0,0.4,0.0,0.4,6.6,2.64,0,1,0,0.0,294,0,LOW
MED-019,Delayed-Release Tablet,Gastrointestinal (PPI),24.6,79.0,20.0,25.0,0.0,0.0,0.0,2.3,0.0,0,0,0,0.0,56,1,LOW
MED-015,Subcutaneous Injection,Endocrine (Hormone),6.9,78.1,2.0,8.0,0.0,0.0,0.0,25.9,0.0,1,1,0,0.0,555,0,LOW
MED-023,Capsule,Anticonvulsant / Neuropathic,35.3,31.0,15.0,30.0,0.0,5.3,5.3,3.8,20.14,0,0,0,0.0,48,1,MODERATE
MED-025,Tablet,Diuretic / Antihypertensive,24.6,33.1,15.0,30.0,0.0,0.0,0.0,1.8,0.0,0,0,0,0.0,209,0,LOW
MED-001,Tablet,Analgesic / Antipyretic,26.8,21.5,20.0,25.0,0.0,1.8,1.8,1.3,2.34,0,0,0,0.0,275,0,LOW
MED-002,Capsule,Antibiotic (Penicillin),22.0,63.7,20.0,25.0,0.0,0.0,0.0,19.4,0.0,0,0,0,0.0,312,0,LOW
MED-013,Tablet,Endocrine (Thyroid Hormone),22.5,25.2,15.0,30.0,0.0,0.0,0.0,2.0,0.0,0,0,0,0.0,308,0,LOW
MED-019,Delayed-Release Tablet,Gastrointestinal (PPI),20.1,63.0,20.0,25.0,0.0,0.0,0.0,2.9,0.0,0,0,0,0.0,682,0,LOW
MED-024,Tablet,Corticosteroid / Anti-inflammatory,30.0,59.5,20.0,25.0,0.0,5.0,5.0,12.0,60.0,0,0,0,0.0,154,0,MODERATE
MED-021,Tablet,Respiratory (Leukotriene Antagonist),16.7,74.9,15.0,30.0,0.0,0.0,0.0,8.1,0.0,0,0,0,0.0,219,0,LOW
MED-006,Delayed-Release Capsule,Gastrointestinal (PPI),12.5,71.1,15.0,30.0,2.5,0.0,2.5,21.9,54.75,0,0,0,0.0,79,0,MODERATE
MED-011,Tablet,Antihypertensive (ARB),15.7,59.1,15.0,30.0,0.0,0.0,0.0,18.9,0.0,0,0,0,0.0,412,0,LOW
MED-017,Nasal Spray Suspension,Corticosteroid / Allergy,45.2,20.5,4.0,30.0,0.0,15.2,15.2,41.6,632.32,0,1,0,0.0,213,0,HIGH
MED-008,Tablet,Antibiotic (Fluoroquinolone),29.6,66.5,20.0,25.0,0.0,4.6,4.6,11.3,51.98,0,0,0,0.0,427,0,MODERATE
MED-003,Tablet,Antibiotic (Beta-lactamase inhibitor),15.5,28.9,15.0,25.0,0.0,0.0,0.0,0.0,0.0,0,0,0,0.0,714,0,LOW
MED-012,Tablet,Antihypertensive (CCB),25.1,64.4,15.0,30.0,0.0,0.0,0.0,2.8,0.0,0,0,0,0.0,244,0,LOW
MED-025,Tablet,Diuretic / Antihypertensive,34.2,49.8,15.0,30.0,0.0,4.2,4.2,8.7,36.54,0,0,0,0.0,142,0,MODERATE
MED-017,Nasal Spray Suspension,Corticosteroid / Allergy,15.2,70.1,4.0,30.0,0.0,0.0,0.0,3.6,0.0,0,1,0,0.0,168,0,LOW
MED-023,Capsule,Anticonvulsant / Neuropathic,46.2,66.0,15.0,30.0,0.0,16.2,16.2,55.7,902.34,0,0,0,0.0,170,0,HIGH
MED-018,Capsule,Antibiotic (Tetracycline),27.1,72.0,20.0,25.0,0.0,2.1,2.1,11.9,24.99,0,0,0,0.0,475,0,MODERATE
MED-003,Tablet,Antibiotic (Beta-lactamase inhibitor),31.9,54.0,15.0,25.0,0.0,6.9,6.9,31.2,215.28,0,0,0,0.0,154,0,HIGH
MED-004,Tablet,Antidiabetic (Biguanide),39.0,60.4,20.0,25.0,0.0,14.0,14.0,18.7,261.8,0,0,0,0.0,267,0,HIGH
MED-022,Tablet,Antiplatelet / Hematologic,29.7,71.8,15.0,30.0,0.0,0.0,0.0,2.3,0.0,0,0,0,0.0,142,0,LOW
MED-021,Tablet,Respiratory (Leukotriene Antagonist),36.4,54.9,15.0,30.0,0.0,6.4,6.4,35.7,228.48,0,0,0,0.0,241,0,HIGH
MED-023,Capsule,Anticonvulsant / Neuropathic,11.2,51.2,15.0,30.0,3.8,0.0,3.8,10.7,40.66,0,0,0,0.0,296,0,MODERATE
MED-015,Subcutaneous Injection,Endocrine (Hormone),-2.9,66.2,2.0,8.0,4.9,0.0,4.9,37.7,184.73,1,1,0,0.0,12,1,HIGH
MED-023,Capsule,Anticonvulsant / Neuropathic,12.5,57.7,15.0,30.0,2.5,0.0,2.5,14.6,36.5,0,0,0,0.0,123,0,MODERATE
MED-017,Nasal Spray Suspension,Corticosteroid / Allergy,5.4,41.4,4.0,30.0,0.0,0.0,0.0,7.0,0.0,0,1,0,0.0,316,0,LOW
MED-009,Tablet,Analgesic / NSAID,23.3,44.2,20.0,25.0,0.0,0.0,0.0,1.0,0.0,0,0,0,0.0,125,0,LOW
MED-002,Capsule,Antibiotic (Penicillin),32.9,31.4,20.0,25.0,0.0,7.9,7.9,2.1,16.59,0,0,0,0.0,379,0,MODERATE
MED-018,Capsule,Antibiotic (Tetracycline),23.0,34.7,20.0,25.0,0.0,0.0,0.0,3.2,0.0,0,0,0,0.0,456,0,LOW
MED-009,Tablet,Analgesic / NSAID,20.4,70.7,20.0,25.0,0.0,0.0,0.0,0.8,0.0,0,0,0,0.0,269,0,LOW
MED-004,Tablet,Antidiabetic (Biguanide),28.0,83.3,20.0,25.0,0.0,3.0,3.0,4.0,12.0,0,0,0,0.0,335,0,LOW
MED-011,Tablet,Antihypertensive (ARB),16.1,53.6,15.0,30.0,0.0,0.0,0.0,1.9,0.0,0,0,0,0.0,687,0,LOW
MED-006,Delayed-Release Capsule,Gastrointestinal (PPI),24.4,74.7,15.0,30.0,0.0,0.0,0.0,2.5,0.0,0,0,0,0.0,566,0,LOW
MED-023,Capsule,Anticonvulsant / Neuropathic,19.5,75.9,15.0,30.0,0.0,0.0,0.0,2.8,0.0,0,0,0,0.0,554,0,LOW
MED-012,Tablet,Antihypertensive (CCB),46.4,79.0,15.0,30.0,0.0,16.4,16.4,22.4,367.36,0,0,0,0.0,205,0,HIGH
MED-014,Subcutaneous Injection,Endocrine (Hormone),3.3,42.4,2.0,8.0,0.0,0.0,0.0,2.0,0.0,1,1,0,0.0,309,0,LOW
MED-011,Tablet,Antihypertensive (ARB),35.5,59.4,15.0,30.0,0.0,5.5,5.5,17.9,98.45,0,0,0,0.0,282,0,MODERATE
MED-012,Tablet,Antihypertensive (CCB),12.4,45.2,15.0,30.0,2.6,0.0,2.6,2.1,5.46,0,0,0,0.0,590,0,LOW
MED-020,Tablet,Antidepressant (SSRI),40.0,76.4,20.0,25.0,0.0,15.0,15.0,10.6,159.0,0,0,0,0.0,237,0,HIGH
MED-007,Tablet,Antibiotic (Macrolide),44.9,78.4,15.0,30.0,0.0,14.9,14.9,60.5,901.45,0,0,0,0.0,289,0,HIGH
MED-007,Tablet,Antibiotic (Macrolide),15.3,72.5,15.0,30.0,0.0,0.0,0.0,16.6,0.0,0,0,0,0.0,524,0,LOW
MED-004,Tablet,Antidiabetic (Biguanide),29.3,81.7,20.0,25.0,0.0,4.3,4.3,11.9,51.17,0,0,0,0.0,585,0,MODERATE
MED-022,Tablet,Antiplatelet / Hematologic,-3.9,22.0,15.0,30.0,18.9,0.0,18.9,8.0,151.2,0,0,0,0.0,132,0,HIGH
MED-003,Tablet,Antibiotic (Beta-lactamase inhibitor),-1.9,69.1,15.0,25.0,16.9,0.0,16.9,56.7,958.23,0,0,0,0.0,123,0,HIGH
MED-005,Tablet,Antihyperlipidemic (Statin),26.7,34.2,20.0,25.0,0.0,1.7,1.7,11.9,20.23,0,0,0,0.0,395,0,MODERATE
MED-016,Inhalation Aerosol,Respiratory (Bronchodilator),15.5,25.7,15.0,25.0,0.0,0.0,0.0,0.0,0.0,0,1,0,0.0,187,0,LOW
MED-011,Tablet,Antihypertensive (ARB),27.9,40.6,15.0,30.0,0.0,0.0,0.0,1.5,0.0,0,0,0,0.0,720,0,LOW
MED-005,Tablet,Antihyperlipidemic (Statin),26.8,51.1,20.0,25.0,0.0,1.8,1.8,3.8,6.84,0,0,0,0.0,186,0,LOW
MED-010,Tablet,Antihistamine,22.3,31.4,20.0,25.0,0.0,0.0,0.0,0.4,0.0,0,0,0,0.0,300,0,LOW
MED-025,Tablet,Diuretic / Antihypertensive,-3.8,26.7,15.0,30.0,18.8,0.0,18.8,27.9,524.52,0,0,0,0.0,172,0,HIGH
MED-007,Tablet,Antibiotic (Macrolide),33.4,50.6,15.0,30.0,0.0,3.4,3.4,18.7,63.58,0,0,0,0.0,197,0,MODERATE
MED-006,Delayed-Release Capsule,Gastrointestinal (PPI),16.5,66.6,15.0,30.0,0.0,0.0,0.0,2.6,0.0,0,0,0,0.0,103,0,LOW
MED-006,Delayed-Release Capsule,Gastrointestinal (PPI),44.8,27.2,15.0,30.0,0.0,14.8,14.8,66.7,987.16,0,0,0,0.0,74,0,HIGH
MED-001,Tablet,Analgesic / Antipyretic,23.6,81.1,20.0,25.0,0.0,0.0,0.0,2.6,0.0,0,0,0,0.0,158,0,LOW
MED-009,Tablet,Analgesic / NSAID,28.9,54.0,20.0,25.0,0.0,3.9,3.9,23.4,91.26,0,0,0,0.0,286,0,MODERATE
MED-002,Capsule,Antibiotic (Penicillin),18.6,55.4,20.0,25.0,1.4,0.0,1.4,22.1,30.94,0,0,0,0.0,254,0,MODERATE
MED-006,Delayed-Release Capsule,Gastrointestinal (PPI),40.6,47.3,15.0,30.0,0.0,10.6,10.6,67.6,716.56,0,0,0,0.0,57,1,HIGH
MED-004,Tablet,Antidiabetic (Biguanide),16.5,29.7,20.0,25.0,3.5,0.0,3.5,11.9,41.65,0,0,0,0.0,400,0,MODERATE
MED-023,Capsule,Anticonvulsant / Neuropathic,37.7,77.7,15.0,30.0,0.0,7.7,7.7,14.5,111.65,0,0,0,0.0,308,0,MODERATE
MED-014,Subcutaneous Injection,Endocrine (Hormone),10.1,46.9,2.0,8.0,0.0,2.1,2.1,7.3,15.33,1,1,0,0.0,359,0,MODERATE
MED-024,Tablet,Corticosteroid / Anti-inflammatory,21.3,71.9,20.0,25.0,0.0,0.0,0.0,9.0,0.0,0,0,0,0.0,197,0,LOW
MED-025,Tablet,Diuretic / Antihypertensive,11.4,58.4,15.0,30.0,3.6,0.0,3.6,22.8,82.08,0,0,0,0.0,45,1,HIGH
MED-025,Tablet,Diuretic / Antihypertensive,28.4,27.5,15.0,30.0,0.0,0.0,0.0,2.7,0.0,0,0,0,0.0,135,0,LOW
MED-004,Tablet,Antidiabetic (Biguanide),23.2,30.9,20.0,25.0,0.0,0.0,0.0,1.3,0.0,0,0,0,0.0,271,0,LOW
MED-001,Tablet,Analgesic / Antipyretic,23.5,24.4,20.0,25.0,0.0,0.0,0.0,0.2,0.0,0,0,0,0.0,102,0,LOW
MED-013,Tablet,Endocrine (Thyroid Hormone),10.1,43.2,15.0,30.0,4.9,0.0,4.9,10.6,51.94,0,0,0,0.0,145,0,MODERATE
MED-018,Capsule,Antibiotic (Tetracycline),30.6,25.5,20.0,25.0,0.0,5.6,5.6,32.3,180.88,0,0,0,0.0,355,0,HIGH
MED-005,Tablet,Antihyperlipidemic (Statin),24.1,67.0,20.0,25.0,0.0,0.0,0.0,1.8,0.0,0,0,0,0.0,504,0,LOW
MED-021,Tablet,Respiratory (Leukotriene Antagonist),45.9,65.2,15.0,30.0,0.0,15.9,15.9,31.6,502.44,0,0,0,0.0,100,0,HIGH
MED-023,Capsule,Anticonvulsant / Neuropathic,34.2,35.5,15.0,30.0,0.0,4.2,4.2,4.5,18.9,0,0,0,0.0,478,0,LOW
MED-022,Tablet,Antiplatelet / Hematologic,35.2,40.2,15.0,30.0,0.0,5.2,5.2,6.8,35.36,0,0,0,0.0,342,0,MODERATE
MED-010,Tablet,Antihistamine,29.2,30.5,20.0,25.0,0.0,4.2,4.2,3.0,12.6,0,0,0,0.0,469,0,LOW
MED-024,Tablet,Corticosteroid / Anti-inflammatory,28.8,49.4,20.0,25.0,0.0,3.8,3.8,3.9,14.82,0,0,0,0.0,158,0,LOW
MED-019,Delayed-Release Tablet,Gastrointestinal (PPI),23.2,70.7,20.0,25.0,0.0,0.0,0.0,0.7,0.0,0,0,0,0.0,695,0,LOW
MED-002,Capsule,Antibiotic (Penicillin),22.0,52.6,20.0,25.0,0.0,0.0,0.0,0.3,0.0,0,0,0,0.0,591,0,LOW
MED-008,Tablet,Antibiotic (Fluoroquinolone),21.6,37.4,20.0,25.0,0.0,0.0,0.0,1.2,0.0,0,0,0,0.0,351,0,LOW
MED-011,Tablet,Antihypertensive (ARB),34.2,68.4,15.0,30.0,0.0,4.2,4.2,6.0,25.2,0,0,0,0.0,115,0,MODERATE
MED-013,Tablet,Endocrine (Thyroid Hormone),31.1,60.7,15.0,30.0,0.0,1.1,1.1,6.4,7.04,0,0,0,0.0,342,0,LOW
MED-018,Capsule,Antibiotic (Tetracycline),21.1,33.8,20.0,25.0,0.0,0.0,0.0,1.7,0.0,0,0,0,0.0,437,0,LOW
MED-013,Tablet,Endocrine (Thyroid Hormone),30.6,44.2,15.0,30.0,0.0,0.6,0.6,17.4,10.44,0,0,0,0.0,390,0,LOW
MED-021,Tablet,Respiratory (Leukotriene Antagonist),42.2,76.3,15.0,30.0,0.0,12.2,12.2,31.3,381.86,0,0,0,0.0,178,0,HIGH
MED-013,Tablet,Endocrine (Thyroid Hormone),31.6,78.3,15.0,30.0,0.0,1.6,1.6,13.1,20.96,0,0,0,0.0,353,0,MODERATE
MED-021,Tablet,Respiratory (Leukotriene Antagonist),35.7,65.1,15.0,30.0,0.0,5.7,5.7,16.3,92.91,0,0,0,0.0,542,0,MODERATE
MED-016,Inhalation Aerosol,Respiratory (Bronchodilator),25.8,27.8,15.0,25.0,0.0,0.8,0.8,6.4,5.12,0,1,0,0.0,270,0,LOW
MED-014,Subcutaneous Injection,Endocrine (Hormone),2.8,41.3,2.0,8.0,0.0,0.0,0.0,5.9,0.0,1,1,0,0.0,344,0,LOW
MED-020,Tablet,Antidepressant (SSRI),23.5,33.0,20.0,25.0,0.0,0.0,0.0,4.0,0.0,0,0,0,0.0,322,0,LOW
MED-022,Tablet,Antiplatelet / Hematologic,20.4,51.0,15.0,30.0,0.0,0.0,0.0,2.8,0.0,0,0,0,0.0,56,1,LOW
MED-023,Capsule,Anticonvulsant / Neuropathic,46.1,60.4,15.0,30.0,0.0,16.1,16.1,36.5,587.65,0,0,0,0.0,95,0,HIGH
MED-006,Delayed-Release Capsule,Gastrointestinal (PPI),39.7,76.7,15.0,30.0,0.0,9.7,9.7,12.3,119.31,0,0,0,0.0,122,0,MODERATE
MED-011,Tablet,Antihypertensive (ARB),45.5,41.0,15.0,30.0,0.0,15.5,15.5,69.4,1075.7,0,0,0,0.0,229,0,HIGH
MED-001,Tablet,Analgesic / Antipyretic,21.0,79.9,20.0,25.0,0.0,0.0,0.0,3.3,0.0,0,0,0,0.0,209,0,LOW
MED-023,Capsule,Anticonvulsant / Neuropathic,33.8,75.1,15.0,30.0,0.0,3.8,3.8,11.8,44.84,0,0,0,0.0,110,0,MODERATE
MED-010,Tablet,Antihistamine,35.9,27.8,20.0,25.0,0.0,10.9,10.9,48.2,525.38,0,0,0,0.0,138,0,HIGH
MED-024,Tablet,Corticosteroid / Anti-inflammatory,44.2,30.5,20.0,25.0,0.0,19.2,19.2,39.6,760.32,0,0,0,0.0,335,0,HIGH
MED-022,Tablet,Antiplatelet / Hematologic,10.1,64.3,15.0,30.0,4.9,0.0,4.9,19.4,95.06,0,0,0,0.0,493,0,MODERATE
MED-006,Delayed-Release Capsule,Gastrointestinal (PPI),18.7,54.7,15.0,30.0,0.0,0.0,0.0,1.0,0.0,0,0,0,0.0,132,0,LOW
MED-003,Tablet,Antibiotic (Beta-lactamase inhibitor),13.9,27.9,15.0,25.0,1.1,0.0,1.1,15.5,17.05,0,0,0,0.0,137,0,LOW
MED-008,Tablet,Antibiotic (Fluoroquinolone),21.5,75.5,20.0,25.0,0.0,0.0,0.0,1.6,0.0,0,0,0,0.0,517,0,LOW
MED-024,Tablet,Corticosteroid / Anti-inflammatory,25.1,37.0,20.0,25.0,0.0,0.1,0.1,33.3,3.33,0,0,0,0.0,441,0,LOW
MED-016,Inhalation Aerosol,Respiratory (Bronchodilator),23.5,66.0,15.0,25.0,0.0,0.0,0.0,1.2,0.0,0,1,0,0.0,276,0,LOW
MED-021,Tablet,Respiratory (Leukotriene Antagonist),-2.1,55.9,15.0,30.0,17.1,0.0,17.1,60.6,1036.26,0,0,0,0.0,226,0,HIGH
MED-016,Inhalation Aerosol,Respiratory (Bronchodilator),27.7,50.6,15.0,25.0,0.0,2.7,2.7,14.3,38.61,0,1,0,0.0,223,0,MODERATE
MED-007,Tablet,Antibiotic (Macrolide),38.1,22.7,15.0,30.0,0.0,8.1,8.1,52.3,423.63,0,0,0,0.0,254,0,HIGH
MED-018,Capsule,Antibiotic (Tetracycline),42.0,64.1,20.0,25.0,0.0,17.0,17.0,54.7,929.9,0,0,0,0.0,333,0,HIGH
MED-019,Delayed-Release Tablet,Gastrointestinal (PPI),29.6,50.7,20.0,25.0,0.0,4.6,4.6,19.9,91.54,0,0,0,0.0,600,0,MODERATE
MED-018,Capsule,Antibiotic (Tetracycline),22.4,40.4,20.0,25.0,0.0,0.0,0.0,0.6,0.0,0,0,0,0.0,200,0,LOW
MED-025,Tablet,Diuretic / Antihypertensive,24.6,24.4,15.0,30.0,0.0,0.0,0.0,2.7,0.0,0,0,0,0.0,166,0,LOW
MED-006,Delayed-Release Capsule,Gastrointestinal (PPI),31.1,66.3,15.0,30.0,0.0,1.1,1.1,3.5,3.85,0,0,0,0.0,21,1,LOW
MED-024,Tablet,Corticosteroid / Anti-inflammatory,31.1,66.0,20.0,25.0,0.0,6.1,6.1,34.1,208.01,0,0,0,0.0,492,0,HIGH
MED-012,Tablet,Antihypertensive (CCB),16.1,21.0,15.0,30.0,0.0,0.0,0.0,12.5,0.0,0,0,0,0.0,486,0,LOW
MED-025,Tablet,Diuretic / Antihypertensive,15.9,76.4,15.0,30.0,0.0,0.0,0.0,19.9,0.0,0,0,0,0.0,248,0,LOW
MED-021,Tablet,Respiratory (Leukotriene Antagonist),28.1,26.7,15.0,30.0,0.0,0.0,0.0,2.2,0.0,0,0,0,0.0,522,0,LOW
MED-012,Tablet,Antihypertensive (CCB),18.9,20.0,15.0,30.0,0.0,0.0,0.0,1.2,0.0,0,0,0,0.0,452,0,LOW
MED-004,Tablet,Antidiabetic (Biguanide),24.6,78.6,20.0,25.0,0.0,0.0,0.0,0.9,0.0,0,0,0,0.0,570,0,LOW
MED-019,Delayed-Release Tablet,Gastrointestinal (PPI),46.8,67.5,20.0,25.0,0.0,21.8,21.8,57.4,1251.32,0,0,0,0.0,276,0,HIGH
MED-009,Tablet,Analgesic / NSAID,27.7,29.9,20.0,25.0,0.0,2.7,2.7,34.1,92.07,0,0,0,0.0,332,0,MODERATE
MED-003,Tablet,Antibiotic (Beta-lactamase inhibitor),38.4,82.3,15.0,25.0,0.0,13.4,13.4,55.6,745.04,0,0,0,0.0,165,0,HIGH
MED-008,Tablet,Antibiotic (Fluoroquinolone),26.9,27.2,20.0,25.0,0.0,1.9,1.9,6.7,12.73,0,0,0,0.0,129,0,LOW
MED-002,Capsule,Antibiotic (Penicillin),44.4,24.9,20.0,25.0,0.0,19.4,19.4,40.2,779.88,0,0,0,0.0,64,0,HIGH
MED-002,Capsule,Antibiotic (Penicillin),40.3,48.4,20.0,25.0,0.0,15.3,15.3,14.9,227.97,0,0,0,0.0,223,0,HIGH
MED-010,Tablet,Antihistamine,42.9,41.5,20.0,25.0,0.0,17.9,17.9,66.6,1192.14,0,0,0,0.0,7,1,HIGH
MED-022,Tablet,Antiplatelet / Hematologic,11.7,69.0,15.0,30.0,3.3,0.0,3.3,23.4,77.22,0,0,0,0.0,455,0,MODERATE
MED-018,Capsule,Antibiotic (Tetracycline),22.7,76.4,20.0,25.0,0.0,0.0,0.0,2.7,0.0,0,0,0,0.0,380,0,LOW
MED-025,Tablet,Diuretic / Antihypertensive,25.2,61.0,15.0,30.0,0.0,0.0,0.0,0.2,0.0,0,0,0,0.0,376,0,LOW
MED-001,Tablet,Analgesic / Antipyretic,19.8,60.0,20.0,25.0,0.2,0.0,0.2,3.6,0.72,0,0,0,0.0,575,0,LOW
MED-002,Capsule,Antibiotic (Penicillin),27.0,73.8,20.0,25.0,0.0,2.0,2.0,8.1,16.2,0,0,0,0.0,153,0,LOW
MED-014,Subcutaneous Injection,Endocrine (Hormone),14.7,66.2,2.0,8.0,0.0,6.7,6.7,4.2,28.14,1,1,0,0.0,363,0,MODERATE
MED-004,Tablet,Antidiabetic (Biguanide),29.1,41.8,20.0,25.0,0.0,4.1,4.1,4.1,16.81,0,0,0,0.0,158,0,LOW
MED-004,Tablet,Antidiabetic (Biguanide),20.7,54.5,20.0,25.0,0.0,0.0,0.0,1.9,0.0,0,0,0,0.0,497,0,LOW
MED-011,Tablet,Antihypertensive (ARB),35.1,69.0,15.0,30.0,0.0,5.1,5.1,6.2,31.62,0,0,0,0.0,487,0,MODERATE
MED-006,Delayed-Release Capsule,Gastrointestinal (PPI),44.1,24.8,15.0,30.0,0.0,14.1,14.1,40.4,569.64,0,0,0,0.0,85,0,HIGH
MED-013,Tablet,Endocrine (Thyroid Hormone),27.6,76.0,15.0,30.0,0.0,0.0,0.0,1.5,0.0,0,0,0,0.0,370,0,LOW
MED-005,Tablet,Antihyperlipidemic (Statin),16.5,28.9,20.0,25.0,3.5,0.0,3.5,10.5,36.75,0,0,0,0.0,271,0,MODERATE
MED-019,Delayed-Release Tablet,Gastrointestinal (PPI),27.5,35.2,20.0,25.0,0.0,2.5,2.5,9.0,22.5,0,0,0,0.0,443,0,MODERATE
MED-012,Tablet,Antihypertensive (CCB),39.6,75.9,15.0,30.0,0.0,9.6,9.6,42.3,406.08,0,0,0,0.0,279,0,HIGH
MED-004,Tablet,Antidiabetic (Biguanide),29.2,70.4,20.0,25.0,0.0,4.2,4.2,11.3,47.46,0,0,0,0.0,282,0,MODERATE
MED-021,Tablet,Respiratory (Leukotriene Antagonist),30.5,39.9,15.0,30.0,0.0,0.5,0.5,5.2,2.6,0,0,0,0.0,84,0,LOW
MED-018,Capsule,Antibiotic (Tetracycline),19.0,25.4,20.0,25.0,1.0,0.0,1.0,4.2,4.2,0,0,0,0.0,70,0,LOW
MED-016,Inhalation Aerosol,Respiratory (Bronchodilator),16.0,76.9,15.0,25.0,0.0,0.0,0.0,3.9,0.0,0,1,0,0.0,377,0,LOW
MED-024,Tablet,Corticosteroid / Anti-inflammatory,31.3,78.4,20.0,25.0,0.0,6.3,6.3,31.4,197.82,0,0,0,0.0,270,0,HIGH
MED-005,Tablet,Antihyperlipidemic (Statin),20.2,39.0,20.0,25.0,0.0,0.0,0.0,0.2,0.0,0,0,0,0.0,310,0,LOW
MED-021,Tablet,Respiratory (Leukotriene Antagonist),16.7,49.5,15.0,30.0,0.0,0.0,0.0,1.7,0.0,0,0,0,0.0,378,0,LOW
MED-007,Tablet,Antibiotic (Macrolide),16.2,53.8,15.0,30.0,0.0,0.0,0.0,2.4,0.0,0,0,0,0.0,518,0,LOW
MED-016,Inhalation Aerosol,Respiratory (Bronchodilator),13.7,47.3,15.0,25.0,1.3,0.0,1.3,12.0,15.6,0,1,0,0.0,407,0,LOW
MED-025,Tablet,Diuretic / Antihypertensive,31.3,74.3,15.0,30.0,0.0,1.3,1.3,9.4,12.22,0,0,0,0.0,434,0,LOW
MED-017,Nasal Spray Suspension,Corticosteroid / Allergy,5.7,33.6,4.0,30.0,0.0,0.0,0.0,2.5,0.0,0,1,0,0.0,401,0,LOW
MED-014,Subcutaneous Injection,Endocrine (Hormone),10.1,28.9,2.0,8.0,0.0,2.1,2.1,1.6,3.36,1,1,0,0.0,402,0,LOW
MED-019,Delayed-Release Tablet,Gastrointestinal (PPI),20.6,76.4,20.0,25.0,0.0,0.0,0.0,2.7,0.0,0,0,0,0.0,556,0,LOW
MED-010,Tablet,Antihistamine,27.8,32.5,20.0,25.0,0.0,2.8,2.8,10.9,30.52,0,0,0,0.0,193,0,MODERATE
MED-012,Tablet,Antihypertensive (CCB),46.4,75.1,15.0,30.0,0.0,16.4,16.4,35.8,587.12,0,0,0,0.0,189,0,HIGH
MED-018,Capsule,Antibiotic (Tetracycline),26.1,77.5,20.0,25.0,0.0,1.1,1.1,13.0,14.3,0,0,0,0.0,106,0,LOW
MED-021,Tablet,Respiratory (Leukotriene Antagonist),13.5,21.6,15.0,30.0,1.5,0.0,1.5,5.3,7.95,0,0,0,0.0,409,0,LOW
MED-019,Delayed-Release Tablet,Gastrointestinal (PPI),16.4,25.1,20.0,25.0,3.6,0.0,3.6,5.1,18.36,0,0,0,0.0,426,0,LOW
MED-014,Subcutaneous Injection,Endocrine (Hormone),0.3,26.5,2.0,8.0,1.7,0.0,1.7,20.7,35.19,1,1,0,0.0,81,0,MODERATE
MED-024,Tablet,Corticosteroid / Anti-inflammatory,24.1,29.5,20.0,25.0,0.0,0.0,0.0,0.9,0.0,0,0,0,0.0,690,0,LOW
MED-005,Tablet,Antihyperlipidemic (Statin),24.7,36.1,20.0,25.0,0.0,0.0,0.0,0.3,0.0,0,0,0,0.0,606,0,LOW
MED-011,Tablet,Antihypertensive (ARB),12.5,44.1,15.0,30.0,2.5,0.0,2.5,6.5,16.25,0,0,0,0.0,214,0,LOW
MED-007,Tablet,Antibiotic (Macrolide),19.9,78.5,15.0,30.0,0.0,0.0,0.0,0.6,0.0,0,0,0,0.0,268,0,LOW
MED-021,Tablet,Respiratory (Leukotriene Antagonist),32.7,80.4,15.0,30.0,0.0,2.7,2.7,16.8,45.36,0,0,0,0.0,306,0,MODERATE
MED-017,Nasal Spray Suspension,Corticosteroid / Allergy,-0.1,37.1,4.0,30.0,4.1,0.0,4.1,9.8,40.18,0,1,0,0.0,484,0,HIGH
MED-015,Subcutaneous Injection,Endocrine (Hormone),-0.9,30.0,2.0,8.0,2.9,0.0,2.9,20.9,60.61,1,1,0,0.0,20,1,HIGH
MED-020,Tablet,Antidepressant (SSRI),42.4,26.3,20.0,25.0,0.0,17.4,17.4,10.3,179.22,0,0,0,0.0,318,0,HIGH
MED-011,Tablet,Antihypertensive (ARB),10.1,65.6,15.0,30.0,4.9,0.0,4.9,7.5,36.75,0,0,0,0.0,331,0,MODERATE
MED-013,Tablet,Endocrine (Thyroid Hormone),15.4,68.0,15.0,30.0,0.0,0.0,0.0,18.6,0.0,0,0,0,0.0,413,0,LOW
MED-007,Tablet,Antibiotic (Macrolide),31.2,66.4,15.0,30.0,0.0,1.2,1.2,18.8,22.56,0,0,0,0.0,235,0,MODERATE
MED-016,Inhalation Aerosol,Respiratory (Bronchodilator),27.3,39.5,15.0,25.0,0.0,2.3,2.3,14.7,33.81,0,1,0,0.0,231,0,MODERATE
MED-021,Tablet,Respiratory (Leukotriene Antagonist),32.4,50.2,15.0,30.0,0.0,2.4,2.4,11.5,27.6,0,0,0,0.0,319,0,MODERATE
MED-019,Delayed-Release Tablet,Gastrointestinal (PPI),30.7,40.3,20.0,25.0,0.0,5.7,5.7,2.7,15.39,0,0,0,0.0,95,0,MODERATE
MED-002,Capsule,Antibiotic (Penicillin),26.3,22.3,20.0,25.0,0.0,1.3,1.3,5.7,7.41,0,0,0,0.0,111,0,LOW
MED-022,Tablet,Antiplatelet / Hematologic,33.6,36.6,15.0,30.0,0.0,3.6,3.6,6.1,21.96,0,0,0,0.0,383,0,MODERATE
MED-014,Subcutaneous Injection,Endocrine (Hormone),19.3,52.6,2.0,8.0,0.0,11.3,11.3,40.3,455.39,1,1,0,0.0,346,0,HIGH
MED-022,Tablet,Antiplatelet / Hematologic,27.2,72.3,15.0,30.0,0.0,0.0,0.0,2.9,0.0,0,0,0,0.0,264,0,LOW
MED-003,Tablet,Antibiotic (Beta-lactamase inhibitor),45.9,21.5,15.0,25.0,0.0,20.9,20.9,65.3,1364.77,0,0,0,0.0,346,0,HIGH
MED-007,Tablet,Antibiotic (Macrolide),35.2,82.5,15.0,30.0,0.0,5.2,5.2,13.5,70.2,0,0,0,0.0,366,0,MODERATE
MED-018,Capsule,Antibiotic (Tetracycline),30.9,31.1,20.0,25.0,0.0,5.9,5.9,15.6,92.04,0,0,0,0.0,420,0,MODERATE
MED-009,Tablet,Analgesic / NSAID,-3.6,76.6,20.0,25.0,23.6,0.0,23.6,35.9,847.24,0,0,0,0.0,236,0,HIGH
MED-005,Tablet,Antihyperlipidemic (Statin),29.4,65.8,20.0,25.0,0.0,4.4,4.4,4.1,18.04,0,0,0,0.0,263,0,LOW
MED-004,Tablet,Antidiabetic (Biguanide),42.8,35.8,20.0,25.0,0.0,17.8,17.8,17.1,304.38,0,0,0,0.0,91,0,HIGH
MED-015,Subcutaneous Injection,Endocrine (Hormone),-5.0,77.4,2.0,8.0,7.0,0.0,7.0,10.5,73.5,1,1,0,0.0,207,0,HIGH
MED-019,Delayed-Release Tablet,Gastrointestinal (PPI),21.1,77.5,20.0,25.0,0.0,0.0,0.0,2.0,0.0,0,0,0,0.0,352,0,LOW
MED-012,Tablet,Antihypertensive (CCB),29.0,66.4,15.0,30.0,0.0,0.0,0.0,6.3,0.0,0,0,0,0.0,600,0,LOW
MED-004,Tablet,Antidiabetic (Biguanide),21.7,58.7,20.0,25.0,0.0,0.0,0.0,20.4,0.0,0,0,0,0.0,588,0,LOW
MED-012,Tablet,Antihypertensive (CCB),41.7,80.1,15.0,30.0,0.0,11.7,11.7,27.6,322.92,0,0,0,0.0,286,0,HIGH
MED-025,Tablet,Diuretic / Antihypertensive,34.1,32.0,15.0,30.0,0.0,4.1,4.1,14.9,61.09,0,0,0,0.0,475,0,MODERATE
MED-004,Tablet,Antidiabetic (Biguanide),24.5,54.0,20.0,25.0,0.0,0.0,0.0,10.9,0.0,0,0,0,0.0,520,0,LOW
MED-020,Tablet,Antidepressant (SSRI),43.2,46.5,20.0,25.0,0.0,18.2,18.2,25.5,464.1,0,0,0,0.0,209,0,HIGH
MED-012,Tablet,Antihypertensive (CCB),34.6,84.6,15.0,30.0,0.0,4.6,4.6,14.4,66.24,0,0,0,0.0,46,1,HIGH
MED-022,Tablet,Antiplatelet / Hematologic,34.6,63.8,15.0,30.0,0.0,4.6,4.6,33.0,151.8,0,0,0,0.0,21,1,HIGH
MED-019,Delayed-Release Tablet,Gastrointestinal (PPI),24.6,74.1,20.0,25.0,0.0,0.0,0.0,3.0,0.0,0,0,0,0.0,80,0,LOW
MED-008,Tablet,Antibiotic (Fluoroquinolone),27.1,21.6,20.0,25.0,0.0,2.1,2.1,14.4,30.24,0,0,0,0.0,597,0,MODERATE
MED-007,Tablet,Antibiotic (Macrolide),41.6,25.8,15.0,30.0,0.0,11.6,11.6,56.7,657.72,0,0,0,0.0,23,1,HIGH
MED-020,Tablet,Antidepressant (SSRI),33.3,78.8,20.0,25.0,0.0,8.3,8.3,32.4,268.92,0,0,0,0.0,10,1,HIGH
MED-004,Tablet,Antidiabetic (Biguanide),41.0,51.3,20.0,25.0,0.0,16.0,16.0,9.5,152.0,0,0,0,0.0,315,0,HIGH
MED-013,Tablet,Endocrine (Thyroid Hormone),37.2,27.1,15.0,30.0,0.0,7.2,7.2,7.7,55.44,0,0,0,0.0,220,0,MODERATE
MED-024,Tablet,Corticosteroid / Anti-inflammatory,24.4,75.9,20.0,25.0,0.0,0.0,0.0,4.3,0.0,0,0,0,0.0,589,0,LOW
MED-019,Delayed-Release Tablet,Gastrointestinal (PPI),29.4,28.1,20.0,25.0,0.0,4.4,4.4,14.6,64.24,0,0,0,0.0,290,0,MODERATE
MED-015,Subcutaneous Injection,Endocrine (Hormone),11.6,58.0,2.0,8.0,0.0,3.6,3.6,7.0,25.2,1,1,0,0.0,263,0,MODERATE
MED-025,Tablet,Diuretic / Antihypertensive,20.1,37.4,15.0,30.0,0.0,0.0,0.0,3.2,0.0,0,0,0,0.0,454,0,LOW
MED-008,Tablet,Antibiotic (Fluoroquinolone),23.4,21.4,20.0,25.0,0.0,0.0,0.0,33.6,0.0,0,0,0,0.0,415,0,LOW
MED-022,Tablet,Antiplatelet / Hematologic,44.5,46.7,15.0,30.0,0.0,14.5,14.5,70.4,1020.8,0,0,0,0.0,55,1,HIGH
MED-016,Inhalation Aerosol,Respiratory (Bronchodilator),27.3,68.1,15.0,25.0,0.0,2.3,2.3,3.0,6.9,0,1,0,0.0,368,0,LOW
MED-016,Inhalation Aerosol,Respiratory (Bronchodilator),26.0,25.3,15.0,25.0,0.0,1.0,1.0,12.9,12.9,0,1,0,0.0,164,0,LOW
MED-007,Tablet,Antibiotic (Macrolide),33.3,50.4,15.0,30.0,0.0,3.3,3.3,8.8,29.04,0,0,0,0.0,135,0,MODERATE
MED-019,Delayed-Release Tablet,Gastrointestinal (PPI),23.1,42.8,20.0,25.0,0.0,0.0,0.0,0.7,0.0,0,0,0,0.0,38,1,LOW
MED-002,Capsule,Antibiotic (Penicillin),44.7,34.1,20.0,25.0,0.0,19.7,19.7,62.7,1235.19,0,0,0,0.0,170,0,HIGH
MED-005,Tablet,Antihyperlipidemic (Statin),26.3,49.3,20.0,25.0,0.0,1.3,1.3,6.3,8.19,0,0,0,0.0,120,0,LOW
MED-016,Inhalation Aerosol,Respiratory (Bronchodilator),15.8,33.6,15.0,25.0,0.0,0.0,0.0,5.6,0.0,0,1,0,0.0,401,0,LOW
MED-009,Tablet,Analgesic / NSAID,28.9,44.0,20.0,25.0,0.0,3.9,3.9,16.5,64.35,0,0,0,0.0,135,0,MODERATE
MED-013,Tablet,Endocrine (Thyroid Hormone),13.2,31.0,15.0,30.0,1.8,0.0,1.8,4.0,7.2,0,0,0,0.0,181,0,LOW
MED-009,Tablet,Analgesic / NSAID,22.5,29.9,20.0,25.0,0.0,0.0,0.0,1.3,0.0,0,0,0,0.0,667,0,LOW
MED-003,Tablet,Antibiotic (Beta-lactamase inhibitor),18.0,67.3,15.0,25.0,0.0,0.0,0.0,1.2,0.0,0,0,0,0.0,76,0,LOW
MED-014,Subcutaneous Injection,Endocrine (Hormone),13.6,39.6,2.0,8.0,0.0,5.6,5.6,31.6,176.96,1,1,0,0.0,186,0,HIGH
MED-004,Tablet,Antidiabetic (Biguanide),26.7,66.0,20.0,25.0,0.0,1.7,1.7,10.1,17.17,0,0,0,0.0,488,0,LOW
MED-020,Tablet,Antidepressant (SSRI),24.0,54.9,20.0,25.0,0.0,0.0,0.0,2.9,0.0,0,0,0,0.0,300,0,LOW
MED-011,Tablet,Antihypertensive (ARB),23.0,64.6,15.0,30.0,0.0,0.0,0.0,0.8,0.0,0,0,0,0.0,598,0,LOW
MED-005,Tablet,Antihyperlipidemic (Statin),16.4,55.5,20.0,25.0,3.6,0.0,3.6,13.1,47.16,0,0,0,0.0,141,0,MODERATE
MED-013,Tablet,Endocrine (Thyroid Hormone),14.3,73.9,15.0,30.0,0.7,0.0,0.7,9.1,6.37,0,0,0,0.0,184,0,LOW
MED-013,Tablet,Endocrine (Thyroid Hormone),11.7,31.8,15.0,30.0,3.3,0.0,3.3,13.8,45.54,0,0,0,0.0,270,0,MODERATE
MED-009,Tablet,Analgesic / NSAID,23.9,22.4,20.0,25.0,0.0,0.0,0.0,33.4,0.0,0,0,0,0.0,46,1,LOW
MED-009,Tablet,Analgesic / NSAID,42.5,64.6,20.0,25.0,0.0,17.5,17.5,50.5,883.75,0,0,0,0.0,168,0,HIGH
MED-010,Tablet,Antihistamine,20.5,39.9,20.0,25.0,0.0,0.0,0.0,2.0,0.0,0,0,0,0.0,162,0,LOW
MED-002,Capsule,Antibiotic (Penicillin),26.5,70.7,20.0,25.0,0.0,1.5,1.5,12.6,18.9,0,0,0,0.0,31,1,MODERATE
MED-023,Capsule,Anticonvulsant / Neuropathic,34.5,77.4,15.0,30.0,0.0,4.5,4.5,9.7,43.65,0,0,0,0.0,217,0,MODERATE
MED-003,Tablet,Antibiotic (Beta-lactamase inhibitor),32.9,71.7,15.0,25.0,0.0,7.9,7.9,13.2,104.28,0,0,0,0.0,446,0,MODERATE
MED-010,Tablet,Antihistamine,27.8,67.3,20.0,25.0,0.0,2.8,2.8,16.0,44.8,0,0,0,0.0,390,0,MODERATE
MED-018,Capsule,Antibiotic (Tetracycline),30.4,66.6,20.0,25.0,0.0,5.4,5.4,9.2,49.68,0,0,0,0.0,192,0,MODERATE
MED-003,Tablet,Antibiotic (Beta-lactamase inhibitor),30.1,84.2,15.0,25.0,0.0,5.1,5.1,17.9,91.29,0,0,0,0.0,169,0,MODERATE
MED-014,Subcutaneous Injection,Endocrine (Hormone),10.7,63.3,2.0,8.0,0.0,2.7,2.7,1.2,3.24,1,1,0,0.0,395,0,LOW
MED-011,Tablet,Antihypertensive (ARB),29.4,80.9,15.0,30.0,0.0,0.0,0.0,0.1,0.0,0,0,0,0.0,340,0,LOW
MED-002,Capsule,Antibiotic (Penicillin),23.6,20.7,20.0,25.0,0.0,0.0,0.0,11.8,0.0,0,0,0,0.0,204,0,LOW
MED-013,Tablet,Endocrine (Thyroid Hormone),14.8,32.3,15.0,30.0,0.2,0.0,0.2,14.9,2.98,0,0,0,0.0,211,0,LOW
MED-016,Inhalation Aerosol,Respiratory (Bronchodilator),15.8,60.4,15.0,25.0,0.0,0.0,0.0,10.5,0.0,0,1,0,0.0,338,0,LOW
MED-021,Tablet,Respiratory (Leukotriene Antagonist),34.7,30.9,15.0,30.0,0.0,4.7,4.7,11.6,54.52,0,0,0,0.0,108,0,MODERATE
MED-009,Tablet,Analgesic / NSAID,22.2,65.3,20.0,25.0,0.0,0.0,0.0,3.9,0.0,0,0,0,0.0,591,0,LOW
MED-018,Capsule,Antibiotic (Tetracycline),29.5,65.0,20.0,25.0,0.0,4.5,4.5,3.4,15.3,0,0,0,0.0,339,0,LOW
MED-024,Tablet,Corticosteroid / Anti-inflammatory,40.6,44.4,20.0,25.0,0.0,15.6,15.6,23.9,372.84,0,0,0,0.0,104,0,HIGH
MED-009,Tablet,Analgesic / NSAID,25.9,50.2,20.0,25.0,0.0,0.9,0.9,19.2,17.28,0,0,0,0.0,461,0,LOW
MED-008,Tablet,Antibiotic (Fluoroquinolone),20.1,27.2,20.0,25.0,0.0,0.0,0.0,0.4,0.0,0,0,0,0.0,32,1,LOW
MED-018,Capsule,Antibiotic (Tetracycline),28.5,44.7,20.0,25.0,0.0,3.5,3.5,4.8,16.8,0,0,0,0.0,93,0,LOW
MED-019,Delayed-Release Tablet,Gastrointestinal (PPI),24.2,30.5,20.0,25.0,0.0,0.0,0.0,0.3,0.0,0,0,0,0.0,444,0,LOW
MED-017,Nasal Spray Suspension,Corticosteroid / Allergy,32.8,65.6,4.0,30.0,0.0,2.8,2.8,16.2,45.36,0,1,0,0.0,166,0,MODERATE
MED-004,Tablet,Antidiabetic (Biguanide),21.2,66.8,20.0,25.0,0.0,0.0,0.0,3.2,0.0,0,0,0,0.0,706,0,LOW
MED-018,Capsule,Antibiotic (Tetracycline),17.5,51.0,20.0,25.0,2.5,0.0,2.5,5.3,13.25,0,0,0,0.0,518,0,LOW
MED-007,Tablet,Antibiotic (Macrolide),32.0,32.7,15.0,30.0,0.0,2.0,2.0,2.8,5.6,0,0,0,0.0,22,1,LOW
MED-010,Tablet,Antihistamine,20.6,81.1,20.0,25.0,0.0,0.0,0.0,1.7,0.0,0,0,0,0.0,597,0,LOW
MED-013,Tablet,Endocrine (Thyroid Hormone),16.7,22.6,15.0,30.0,0.0,0.0,0.0,21.2,0.0,0,0,0,0.0,481,0,LOW
MED-010,Tablet,Antihistamine,24.9,37.8,20.0,25.0,0.0,0.0,0.0,2.6,0.0,0,0,0,0.0,52,1,LOW
MED-005,Tablet,Antihyperlipidemic (Statin),28.5,25.6,20.0,25.0,0.0,3.5,3.5,6.8,23.8,0,0,0,0.0,228,0,MODERATE
MED-023,Capsule,Anticonvulsant / Neuropathic,22.6,74.3,15.0,30.0,0.0,0.0,0.0,1.1,0.0,0,0,0,0.0,328,0,LOW
MED-020,Tablet,Antidepressant (SSRI),24.5,49.3,20.0,25.0,0.0,0.0,0.0,1.3,0.0,0,0,0,0.0,101,0,LOW
MED-010,Tablet,Antihistamine,21.7,36.7,20.0,25.0,0.0,0.0,0.0,1.8,0.0,0,0,0,0.0,110,0,LOW
MED-021,Tablet,Respiratory (Leukotriene Antagonist),12.4,68.5,15.0,30.0,2.6,0.0,2.6,17.4,45.24,0,0,0,0.0,175,0,MODERATE
MED-013,Tablet,Endocrine (Thyroid Hormone),31.6,79.1,15.0,30.0,0.0,1.6,1.6,6.0,9.6,0,0,0,0.0,407,0,LOW
MED-001,Tablet,Analgesic / Antipyretic,2.1,21.6,20.0,25.0,17.9,0.0,17.9,25.3,452.87,0,0,0,0.0,56,1,HIGH
MED-015,Subcutaneous Injection,Endocrine (Hormone),3.0,75.7,2.0,8.0,0.0,0.0,0.0,11.2,0.0,1,1,0,0.0,428,0,LOW
MED-017,Nasal Spray Suspension,Corticosteroid / Allergy,0.4,59.6,4.0,30.0,3.6,0.0,3.6,6.2,22.32,0,1,0,0.0,170,0,MODERATE
MED-002,Capsule,Antibiotic (Penicillin),19.2,31.7,20.0,25.0,0.8,0.0,0.8,17.5,14.0,0,0,0,0.0,389,0,LOW
MED-012,Tablet,Antihypertensive (CCB),29.7,69.2,15.0,30.0,0.0,0.0,0.0,12.3,0.0,0,0,0,0.0,355,0,LOW
MED-009,Tablet,Analgesic / NSAID,18.0,25.1,20.0,25.0,2.0,0.0,2.0,17.1,34.2,0,0,0,0.0,584,0,MODERATE
MED-004,Tablet,Antidiabetic (Biguanide),24.9,62.0,20.0,25.0,0.0,0.0,0.0,0.3,0.0,0,0,0,0.0,381,0,LOW
MED-002,Capsule,Antibiotic (Penicillin),22.5,73.0,20.0,25.0,0.0,0.0,0.0,1.2,0.0,0,0,0,0.0,173,0,LOW
MED-013,Tablet,Endocrine (Thyroid Hormone),34.6,83.1,15.0,30.0,0.0,4.6,4.6,35.9,165.14,0,0,0,0.0,305,0,HIGH
MED-006,Delayed-Release Capsule,Gastrointestinal (PPI),27.1,82.0,15.0,30.0,0.0,0.0,0.0,3.9,0.0,0,0,0,0.0,258,0,LOW
MED-021,Tablet,Respiratory (Leukotriene Antagonist),46.4,51.9,15.0,30.0,0.0,16.4,16.4,43.9,719.96,0,0,0,0.0,147,0,HIGH
MED-016,Inhalation Aerosol,Respiratory (Bronchodilator),26.6,62.0,15.0,25.0,0.0,1.6,1.6,8.3,13.28,0,1,0,0.0,490,0,LOW
MED-020,Tablet,Antidepressant (SSRI),21.8,45.2,20.0,25.0,0.0,0.0,0.0,3.7,0.0,0,0,0,0.0,192,0,LOW
MED-022,Tablet,Antiplatelet / Hematologic,10.5,52.2,15.0,30.0,4.5,0.0,4.5,20.9,94.05,0,0,0,0.0,25,1,HIGH
MED-010,Tablet,Antihistamine,20.4,37.2,20.0,25.0,0.0,0.0,0.0,0.9,0.0,0,0,0,0.0,494,0,LOW
MED-023,Capsule,Anticonvulsant / Neuropathic,27.8,70.0,15.0,30.0,0.0,0.0,0.0,2.6,0.0,0,0,0,0.0,147,0,LOW
MED-008,Tablet,Antibiotic (Fluoroquinolone),28.4,24.9,20.0,25.0,0.0,3.4,3.4,4.4,14.96,0,0,0,0.0,444,0,LOW
MED-015,Subcutaneous Injection,Endocrine (Hormone),1.0,43.8,2.0,8.0,1.0,0.0,1.0,17.0,17.0,1,1,0,0.0,389,0,MODERATE
MED-014,Subcutaneous Injection,Endocrine (Hormone),12.5,48.7,2.0,8.0,0.0,4.5,4.5,5.8,26.1,1,1,0,0.0,453,0,MODERATE
MED-004,Tablet,Antidiabetic (Biguanide),35.9,59.9,20.0,25.0,0.0,10.9,10.9,59.6,649.64,0,0,0,0.0,231,0,HIGH
MED-013,Tablet,Endocrine (Thyroid Hormone),4.1,75.9,15.0,30.0,10.9,0.0,10.9,44.1,480.69,0,0,0,0.0,161,0,HIGH
MED-008,Tablet,Antibiotic (Fluoroquinolone),22.9,84.5,20.0,25.0,0.0,0.0,0.0,2.3,0.0,0,0,0,0.0,420,0,LOW
MED-014,Subcutaneous Injection,Endocrine (Hormone),7.5,37.8,2.0,8.0,0.0,0.0,0.0,3.0,0.0,1,1,0,0.0,653,0,LOW
MED-011,Tablet,Antihypertensive (ARB),35.3,74.1,15.0,30.0,0.0,5.3,5.3,35.3,187.09,0,0,0,0.0,75,0,HIGH
MED-001,Tablet,Analgesic / Antipyretic,34.3,31.7,20.0,25.0,0.0,9.3,9.3,61.8,574.74,0,0,0,0.0,197,0,HIGH
MED-009,Tablet,Analgesic / NSAID,18.9,79.0,20.0,25.0,1.1,0.0,1.1,19.2,21.12,0,0,0,0.0,500,0,MODERATE
MED-015,Subcutaneous Injection,Endocrine (Hormone),13.2,83.8,2.0,8.0,0.0,5.2,5.2,2.9,15.08,1,1,0,0.0,466,0,MODERATE
MED-012,Tablet,Antihypertensive (CCB),36.5,40.8,15.0,30.0,0.0,6.5,6.5,34.3,222.95,0,0,0,0.0,210,0,HIGH
MED-002,Capsule,Antibiotic (Penicillin),45.1,69.9,20.0,25.0,0.0,20.1,20.1,70.4,1415.04,0,0,0,0.0,214,0,HIGH
MED-005,Tablet,Antihyperlipidemic (Statin),16.8,71.6,20.0,25.0,3.2,0.0,3.2,9.6,30.72,0,0,0,0.0,599,0,MODERATE
MED-013,Tablet,Endocrine (Thyroid Hormone),47.8,55.4,15.0,30.0,0.0,17.8,17.8,28.8,512.64,0,0,0,0.0,316,0,HIGH
MED-007,Tablet,Antibiotic (Macrolide),31.2,78.5,15.0,30.0,0.0,1.2,1.2,35.1,42.12,0,0,0,0.0,258,0,MODERATE
MED-008,Tablet,Antibiotic (Fluoroquinolone),26.0,64.2,20.0,25.0,0.0,1.0,1.0,2.6,2.6,0,0,0,0.0,420,0,LOW
MED-008,Tablet,Antibiotic (Fluoroquinolone),30.7,56.1,20.0,25.0,0.0,5.7,5.7,17.4,99.18,0,0,0,0.0,290,0,MODERATE
MED-021,Tablet,Respiratory (Leukotriene Antagonist),14.7,54.4,15.0,30.0,0.3,0.0,0.3,11.4,3.42,0,0,0,0.0,275,0,LOW
MED-024,Tablet,Corticosteroid / Anti-inflammatory,30.5,28.4,20.0,25.0,0.0,5.5,5.5,14.8,81.4,0,0,0,0.0,390,0,MODERATE
MED-015,Subcutaneous Injection,Endocrine (Hormone),2.3,72.4,2.0,8.0,0.0,0.0,0.0,1.8,0.0,1,1,0,0.0,607,0,LOW
MED-006,Delayed-Release Capsule,Gastrointestinal (PPI),31.1,28.7,15.0,30.0,0.0,1.1,1.1,9.2,10.12,0,0,0,0.0,179,0,LOW
MED-019,Delayed-Release Tablet,Gastrointestinal (PPI),17.4,37.7,20.0,25.0,2.6,0.0,2.6,6.1,15.86,0,0,0,0.0,176,0,LOW
MED-013,Tablet,Endocrine (Thyroid Hormone),32.3,83.5,15.0,30.0,0.0,2.3,2.3,35.4,81.42,0,0,0,0.0,365,0,MODERATE
MED-012,Tablet,Antihypertensive (CCB),44.8,65.7,15.0,30.0,0.0,14.8,14.8,36.6,541.68,0,0,0,0.0,277,0,HIGH
MED-002,Capsule,Antibiotic (Penicillin),30.0,77.3,20.0,25.0,0.0,5.0,5.0,11.7,58.5,0,0,0,0.0,448,0,MODERATE
MED-002,Capsule,Antibiotic (Penicillin),22.3,70.3,20.0,25.0,0.0,0.0,0.0,0.8,0.0,0,0,0,0.0,34,1,LOW
MED-018,Capsule,Antibiotic (Tetracycline),21.5,68.2,20.0,25.0,0.0,0.0,0.0,1.9,0.0,0,0,0,0.0,215,0,LOW
MED-016,Inhalation Aerosol,Respiratory (Bronchodilator),14.5,74.1,15.0,25.0,0.5,0.0,0.5,12.1,6.05,0,1,0,0.0,462,0,LOW
MED-009,Tablet,Analgesic / NSAID,31.5,79.2,20.0,25.0,0.0,6.5,6.5,31.5,204.75,0,0,0,0.0,478,0,HIGH
MED-004,Tablet,Antidiabetic (Biguanide),24.3,32.9,20.0,25.0,0.0,0.0,0.0,3.9,0.0,0,0,0,0.0,389,0,LOW
MED-015,Subcutaneous Injection,Endocrine (Hormone),9.1,48.1,2.0,8.0,0.0,1.1,1.1,6.0,6.6,1,1,0,0.0,82,0,LOW
MED-019,Delayed-Release Tablet,Gastrointestinal (PPI),23.2,42.7,20.0,25.0,0.0,0.0,0.0,2.1,0.0,0,0,0,0.0,160,0,LOW
MED-001,Tablet,Analgesic / Antipyretic,27.2,78.1,20.0,25.0,0.0,2.2,2.2,12.3,27.06,0,0,0,0.0,312,0,MODERATE
MED-015,Subcutaneous Injection,Endocrine (Hormone),28.3,37.3,2.0,8.0,0.0,20.3,20.3,47.5,964.25,1,1,0,0.0,347,0,HIGH
MED-004,Tablet,Antidiabetic (Biguanide),25.9,57.1,20.0,25.0,0.0,0.9,0.9,5.3,4.77,0,0,0,0.0,276,0,LOW
MED-010,Tablet,Antihistamine,-1.5,60.0,20.0,25.0,21.5,0.0,21.5,37.2,799.8,0,0,0,0.0,49,1,HIGH
MED-021,Tablet,Respiratory (Leukotriene Antagonist),41.3,22.2,15.0,30.0,0.0,11.3,11.3,61.5,694.95,0,0,0,0.0,170,0,HIGH
MED-008,Tablet,Antibiotic (Fluoroquinolone),15.9,37.5,20.0,25.0,4.1,0.0,4.1,23.2,95.12,0,0,0,0.0,135,0,MODERATE
MED-010,Tablet,Antihistamine,21.9,72.9,20.0,25.0,0.0,0.0,0.0,3.2,0.0,0,0,0,0.0,602,0,LOW
MED-017,Nasal Spray Suspension,Corticosteroid / Allergy,46.7,64.0,4.0,30.0,0.0,16.7,16.7,66.9,1117.23,0,1,0,0.0,328,0,HIGH
MED-017,Nasal Spray Suspension,Corticosteroid / Allergy,37.8,58.0,4.0,30.0,0.0,7.8,7.8,4.3,33.54,0,1,0,0.0,307,0,MODERATE
MED-023,Capsule,Anticonvulsant / Neuropathic,35.0,68.1,15.0,30.0,0.0,5.0,5.0,3.2,16.0,0,0,0,0.0,297,0,MODERATE
MED-015,Subcutaneous Injection,Endocrine (Hormone),14.7,25.8,2.0,8.0,0.0,6.7,6.7,20.2,135.34,1,1,0,0.0,358,0,HIGH
MED-025,Tablet,Diuretic / Antihypertensive,34.3,34.2,15.0,30.0,0.0,4.3,4.3,8.5,36.55,0,0,0,0.0,21,1,HIGH
MED-012,Tablet,Antihypertensive (CCB),1.0,65.8,15.0,30.0,14.0,0.0,14.0,21.9,306.6,0,0,0,0.0,357,0,HIGH
MED-020,Tablet,Antidepressant (SSRI),43.1,78.4,20.0,25.0,0.0,18.1,18.1,65.6,1187.36,0,0,0,0.0,13,1,HIGH
MED-008,Tablet,Antibiotic (Fluoroquinolone),26.0,54.3,20.0,25.0,0.0,1.0,1.0,13.4,13.4,0,0,0,0.0,211,0,LOW
MED-006,Delayed-Release Capsule,Gastrointestinal (PPI),31.6,59.4,15.0,30.0,0.0,1.6,1.6,8.8,14.08,0,0,0,0.0,384,0,LOW
MED-004,Tablet,Antidiabetic (Biguanide),20.9,47.5,20.0,25.0,0.0,0.0,0.0,8.1,0.0,0,0,0,0.0,440,0,LOW
MED-001,Tablet,Analgesic / Antipyretic,27.6,57.2,20.0,25.0,0.0,2.6,2.6,8.2,21.32,0,0,0,0.0,177,0,MODERATE
MED-008,Tablet,Antibiotic (Fluoroquinolone),16.9,23.5,20.0,25.0,3.1,0.0,3.1,10.4,32.24,0,0,0,0.0,66,0,MODERATE
MED-013,Tablet,Endocrine (Thyroid Hormone),15.5,34.3,15.0,30.0,0.0,0.0,0.0,0.6,0.0,0,0,0,0.0,706,0,LOW
MED-002,Capsule,Antibiotic (Penicillin),23.4,53.4,20.0,25.0,0.0,0.0,0.0,1.6,0.0,0,0,0,0.0,106,0,LOW
MED-022,Tablet,Antiplatelet / Hematologic,12.1,63.4,15.0,30.0,2.9,0.0,2.9,18.1,52.49,0,0,0,0.0,402,0,MODERATE
MED-014,Subcutaneous Injection,Endocrine (Hormone),2.3,72.4,2.0,8.0,0.0,0.0,0.0,1.4,0.0,1,1,0,0.0,453,0,LOW
MED-006,Delayed-Release Capsule,Gastrointestinal (PPI),4.3,41.6,15.0,30.0,10.7,0.0,10.7,54.6,584.22,0,0,0,0.0,97,0,HIGH
MED-009,Tablet,Analgesic / NSAID,28.8,74.2,20.0,25.0,0.0,3.8,3.8,26.8,101.84,0,0,0,0.0,201,0,MODERATE
MED-002,Capsule,Antibiotic (Penicillin),19.4,83.4,20.0,25.0,0.6,0.0,0.6,13.5,8.1,0,0,0,0.0,17,1,LOW
MED-018,Capsule,Antibiotic (Tetracycline),-4.7,47.2,20.0,25.0,24.7,0.0,24.7,42.6,1052.22,0,0,0,0.0,93,0,HIGH
MED-014,Subcutaneous Injection,Endocrine (Hormone),24.7,40.0,2.0,8.0,0.0,16.7,16.7,20.3,339.01,1,1,0,0.0,247,0,HIGH
MED-014,Subcutaneous Injection,Endocrine (Hormone),11.6,26.7,2.0,8.0,0.0,3.6,3.6,6.5,23.4,1,1,0,0.0,116,0,MODERATE
MED-011,Tablet,Antihypertensive (ARB),35.8,23.0,15.0,30.0,0.0,5.8,5.8,5.4,31.32,0,0,0,0.0,443,0,MODERATE
MED-014,Subcutaneous Injection,Endocrine (Hormone),8.7,71.6,2.0,8.0,0.0,0.7,0.7,13.8,9.66,1,1,0,0.0,257,0,LOW
MED-015,Subcutaneous Injection,Endocrine (Hormone),-0.3,35.4,2.0,8.0,2.3,0.0,2.3,7.7,17.71,1,1,0,0.0,585,0,HIGH
MED-015,Subcutaneous Injection,Endocrine (Hormone),4.2,45.0,2.0,8.0,0.0,0.0,0.0,2.1,0.0,1,1,0,0.0,679,0,LOW
MED-010,Tablet,Antihistamine,29.4,24.0,20.0,25.0,0.0,4.4,4.4,3.1,13.64,0,0,0,0.0,271,0,LOW
MED-015,Subcutaneous Injection,Endocrine (Hormone),-2.7,56.4,2.0,8.0,4.7,0.0,4.7,8.3,39.01,1,1,0,0.0,600,0,HIGH
MED-017,Nasal Spray Suspension,Corticosteroid / Allergy,24.0,24.8,4.0,30.0,0.0,0.0,0.0,3.3,0.0,0,1,0,0.0,450,0,LOW
MED-007,Tablet,Antibiotic (Macrolide),16.2,46.5,15.0,30.0,0.0,0.0,0.0,5.4,0.0,0,0,0,0.0,313,0,LOW
MED-014,Subcutaneous Injection,Endocrine (Hormone),9.5,54.9,2.0,8.0,0.0,1.5,1.5,1.8,2.7,1,1,0,0.0,215,0,LOW
MED-001,Tablet,Analgesic / Antipyretic,37.1,71.4,20.0,25.0,0.0,12.1,12.1,37.6,454.96,0,0,0,0.0,217,0,HIGH
MED-014,Subcutaneous Injection,Endocrine (Hormone),-2.3,67.2,2.0,8.0,4.3,0.0,4.3,19.3,82.99,1,1,0,0.0,182,0,HIGH
MED-001,Tablet,Analgesic / Antipyretic,24.1,82.5,20.0,25.0,0.0,0.0,0.0,0.4,0.0,0,0,0,0.0,460,0,LOW
MED-021,Tablet,Respiratory (Leukotriene Antagonist),34.1,60.7,15.0,30.0,0.0,4.1,4.1,9.0,36.9,0,0,0,0.0,89,0,MODERATE
MED-013,Tablet,Endocrine (Thyroid Hormone),19.1,62.9,15.0,30.0,0.0,0.0,0.0,3.4,0.0,0,0,0,0.0,706,0,LOW
MED-023,Capsule,Anticonvulsant / Neuropathic,31.3,77.5,15.0,30.0,0.0,1.3,1.3,35.9,46.67,0,0,0,0.0,55,1,HIGH
MED-019,Delayed-Release Tablet,Gastrointestinal (PPI),19.0,60.3,20.0,25.0,1.0,0.0,1.0,12.3,12.3,0,0,0,0.0,122,0,LOW
MED-017,Nasal Spray Suspension,Corticosteroid / Allergy,29.9,61.5,4.0,30.0,0.0,0.0,0.0,30.4,0.0,0,1,0,0.0,315,0,LOW
MED-009,Tablet,Analgesic / NSAID,38.2,36.2,20.0,25.0,0.0,13.2,13.2,70.3,927.96,0,0,0,0.0,188,0,HIGH
MED-001,Tablet,Analgesic / Antipyretic,17.0,83.6,20.0,25.0,3.0,0.0,3.0,2.1,6.3,0,0,0,0.0,78,0,LOW
MED-018,Capsule,Antibiotic (Tetracycline),41.9,71.6,20.0,25.0,0.0,16.9,16.9,43.9,741.91,0,0,0,0.0,59,1,HIGH
MED-005,Tablet,Antihyperlipidemic (Statin),27.0,26.0,20.0,25.0,0.0,2.0,2.0,5.2,10.4,0,0,0,0.0,152,0,LOW
MED-002,Capsule,Antibiotic (Penicillin),39.4,41.5,20.0,25.0,0.0,14.4,14.4,27.9,401.76,0,0,0,0.0,141,0,HIGH
MED-023,Capsule,Anticonvulsant / Neuropathic,41.5,57.9,15.0,30.0,0.0,11.5,11.5,57.9,665.85,0,0,0,0.0,346,0,HIGH
MED-001,Tablet,Analgesic / Antipyretic,30.3,22.9,20.0,25.0,0.0,5.3,5.3,9.6,50.88,0,0,0,0.0,265,0,MODERATE
MED-024,Tablet,Corticosteroid / Anti-inflammatory,20.8,31.9,20.0,25.0,0.0,0.0,0.0,16.4,0.0,0,0,0,0.0,139,0,LOW
MED-012,Tablet,Antihypertensive (CCB),12.0,46.3,15.0,30.0,3.0,0.0,3.0,20.3,60.9,0,0,0,0.0,126,0,MODERATE
MED-017,Nasal Spray Suspension,Corticosteroid / Allergy,47.7,69.0,4.0,30.0,0.0,17.7,17.7,24.1,426.57,0,1,0,0.0,8,1,HIGH
MED-025,Tablet,Diuretic / Antihypertensive,26.7,72.3,15.0,30.0,0.0,0.0,0.0,0.9,0.0,0,0,0,0.0,139,0,LOW
MED-019,Delayed-Release Tablet,Gastrointestinal (PPI),46.5,61.0,20.0,25.0,0.0,21.5,21.5,55.5,1193.25,0,0,0,0.0,290,0,HIGH
MED-025,Tablet,Diuretic / Antihypertensive,34.1,62.3,15.0,30.0,0.0,4.1,4.1,24.9,102.09,0,0,0,0.0,393,0,MODERATE
MED-006,Delayed-Release Capsule,Gastrointestinal (PPI),15.5,77.4,15.0,30.0,0.0,0.0,0.0,4.6,0.0,0,0,0,0.0,68,0,LOW
MED-003,Tablet,Antibiotic (Beta-lactamase inhibitor),29.5,44.0,15.0,25.0,0.0,4.5,4.5,3.0,13.5,0,0,0,0.0,308,0,LOW
MED-011,Tablet,Antihypertensive (ARB),13.8,26.3,15.0,30.0,1.2,0.0,1.2,5.3,6.36,0,0,0,0.0,208,0,LOW
MED-002,Capsule,Antibiotic (Penicillin),26.3,65.8,20.0,25.0,0.0,1.3,1.3,17.4,22.62,0,0,0,0.0,397,0,MODERATE
MED-009,Tablet,Analgesic / NSAID,20.1,49.1,20.0,25.0,0.0,0.0,0.0,7.5,0.0,0,0,0,0.0,431,0,LOW
MED-001,Tablet,Analgesic / Antipyretic,19.5,50.9,20.0,25.0,0.5,0.0,0.5,19.9,9.95,0,0,0,0.0,453,0,LOW
MED-006,Delayed-Release Capsule,Gastrointestinal (PPI),27.1,47.5,15.0,30.0,0.0,0.0,0.0,0.5,0.0,0,0,0,0.0,246,0,LOW
MED-012,Tablet,Antihypertensive (CCB),35.2,62.2,15.0,30.0,0.0,5.2,5.2,30.7,159.64,0,0,0,0.0,338,0,HIGH
MED-012,Tablet,Antihypertensive (CCB),34.8,44.2,15.0,30.0,0.0,4.8,4.8,10.5,50.4,0,0,0,0.0,395,0,MODERATE
MED-024,Tablet,Corticosteroid / Anti-inflammatory,27.8,36.9,20.0,25.0,0.0,2.8,2.8,10.8,30.24,0,0,0,0.0,333,0,MODERATE
MED-012,Tablet,Antihypertensive (CCB),31.9,57.1,15.0,30.0,0.0,1.9,1.9,10.9,20.71,0,0,0,0.0,446,0,MODERATE
MED-007,Tablet,Antibiotic (Macrolide),14.7,70.1,15.0,30.0,0.3,0.0,0.3,13.3,3.99,0,0,0,0.0,599,0,LOW
MED-010,Tablet,Antihistamine,2.2,20.2,20.0,25.0,17.8,0.0,17.8,34.6,615.88,0,0,0,0.0,310,0,HIGH
MED-025,Tablet,Diuretic / Antihypertensive,34.9,63.0,15.0,30.0,0.0,4.9,4.9,5.2,25.48,0,0,0,0.0,267,0,MODERATE
MED-025,Tablet,Diuretic / Antihypertensive,45.0,22.7,15.0,30.0,0.0,15.0,15.0,41.8,627.0,0,0,0,0.0,152,0,HIGH
MED-011,Tablet,Antihypertensive (ARB),32.4,34.5,15.0,30.0,0.0,2.4,2.4,4.3,10.32,0,0,0,0.0,157,0,LOW
MED-002,Capsule,Antibiotic (Penicillin),31.0,23.9,20.0,25.0,0.0,6.0,6.0,18.6,111.6,0,0,0,0.0,551,0,MODERATE
MED-005,Tablet,Antihyperlipidemic (Statin),45.7,61.4,20.0,25.0,0.0,20.7,20.7,11.6,240.12,0,0,0,0.0,47,1,HIGH
MED-022,Tablet,Antiplatelet / Hematologic,1.0,44.4,15.0,30.0,14.0,0.0,14.0,30.0,420.0,0,0,0,0.0,211,0,HIGH
MED-021,Tablet,Respiratory (Leukotriene Antagonist),40.1,52.7,15.0,30.0,0.0,10.1,10.1,52.8,533.28,0,0,0,0.0,354,0,HIGH
MED-005,Tablet,Antihyperlipidemic (Statin),39.3,30.5,20.0,25.0,0.0,14.3,14.3,31.2,446.16,0,0,0,0.0,251,0,HIGH
MED-003,Tablet,Antibiotic (Beta-lactamase inhibitor),25.8,39.9,15.0,25.0,0.0,0.8,0.8,8.5,6.8,0,0,0,0.0,457,0,LOW
MED-006,Delayed-Release Capsule,Gastrointestinal (PPI),35.8,81.6,15.0,30.0,0.0,5.8,5.8,25.7,149.06,0,0,0,0.0,158,0,HIGH
MED-025,Tablet,Diuretic / Antihypertensive,33.7,39.1,15.0,30.0,0.0,3.7,3.7,15.7,58.09,0,0,0,0.0,330,0,MODERATE
MED-025,Tablet,Diuretic / Antihypertensive,30.7,51.2,15.0,30.0,0.0,0.7,0.7,10.5,7.35,0,0,0,0.0,273,0,LOW
MED-010,Tablet,Antihistamine,34.3,45.3,20.0,25.0,0.0,9.3,9.3,49.2,457.56,0,0,0,0.0,122,0,HIGH
MED-012,Tablet,Antihypertensive (CCB),12.6,69.6,15.0,30.0,2.4,0.0,2.4,17.6,42.24,0,0,0,0.0,82,0,MODERATE
MED-009,Tablet,Analgesic / NSAID,23.1,25.2,20.0,25.0,0.0,0.0,0.0,1.6,0.0,0,0,0,0.0,376,0,LOW
MED-021,Tablet,Respiratory (Leukotriene Antagonist),29.7,28.2,15.0,30.0,0.0,0.0,0.0,10.8,0.0,0,0,0,0.0,168,0,LOW
MED-013,Tablet,Endocrine (Thyroid Hormone),32.5,63.9,15.0,30.0,0.0,2.5,2.5,4.1,10.25,0,0,0,0.0,386,0,LOW
MED-016,Inhalation Aerosol,Respiratory (Bronchodilator),38.2,34.2,15.0,25.0,0.0,13.2,13.2,15.8,208.56,0,1,0,0.0,284,0,HIGH
MED-004,Tablet,Antidiabetic (Biguanide),27.3,83.8,20.0,25.0,0.0,2.3,2.3,6.5,14.95,0,0,0,0.0,469,0,LOW
MED-011,Tablet,Antihypertensive (ARB),15.4,25.9,15.0,30.0,0.0,0.0,0.0,6.4,0.0,0,0,0,0.0,218,0,LOW
MED-010,Tablet,Antihistamine,31.3,64.9,20.0,25.0,0.0,6.3,6.3,20.1,126.63,0,0,0,0.0,56,1,HIGH
MED-011,Tablet,Antihypertensive (ARB),33.0,80.6,15.0,30.0,0.0,3.0,3.0,5.2,15.6,0,0,0,0.0,376,0,LOW
MED-011,Tablet,Antihypertensive (ARB),32.8,81.8,15.0,30.0,0.0,2.8,2.8,31.1,87.08,0,0,0,0.0,40,1,HIGH
MED-006,Delayed-Release Capsule,Gastrointestinal (PPI),13.2,55.9,15.0,30.0,1.8,0.0,1.8,6.7,12.06,0,0,0,0.0,417,0,LOW
MED-006,Delayed-Release Capsule,Gastrointestinal (PPI),16.6,26.7,15.0,30.0,0.0,0.0,0.0,4.4,0.0,0,0,0,0.0,189,0,LOW
MED-015,Subcutaneous Injection,Endocrine (Hormone),6.0,58.8,2.0,8.0,0.0,0.0,0.0,2.6,0.0,1,1,0,0.0,123,0,LOW
MED-018,Capsule,Antibiotic (Tetracycline),21.9,30.9,20.0,25.0,0.0,0.0,0.0,2.0,0.0,0,0,0,0.0,504,0,LOW
MED-020,Tablet,Antidepressant (SSRI),26.5,53.0,20.0,25.0,0.0,1.5,1.5,13.3,19.95,0,0,0,0.0,352,0,LOW
MED-001,Tablet,Analgesic / Antipyretic,26.0,76.4,20.0,25.0,0.0,1.0,1.0,17.2,17.2,0,0,0,0.0,148,0,LOW
MED-013,Tablet,Endocrine (Thyroid Hormone),28.4,36.7,15.0,30.0,0.0,0.0,0.0,21.3,0.0,0,0,0,0.0,359,0,LOW
MED-010,Tablet,Antihistamine,21.8,67.3,20.0,25.0,0.0,0.0,0.0,19.0,0.0,0,0,0,0.0,228,0,LOW
MED-020,Tablet,Antidepressant (SSRI),36.1,35.1,20.0,25.0,0.0,11.1,11.1,8.2,91.02,0,0,0,0.0,347,0,MODERATE
MED-009,Tablet,Analgesic / NSAID,38.7,46.5,20.0,25.0,0.0,13.7,13.7,32.2,441.14,0,0,0,0.0,52,1,HIGH
MED-016,Inhalation Aerosol,Respiratory (Bronchodilator),44.4,58.3,15.0,25.0,0.0,19.4,19.4,61.7,1196.98,0,1,0,0.0,266,0,HIGH
MED-012,Tablet,Antihypertensive (CCB),20.9,39.6,15.0,30.0,0.0,0.0,0.0,0.4,0.0,0,0,0,0.0,708,0,LOW
MED-008,Tablet,Antibiotic (Fluoroquinolone),22.4,43.8,20.0,25.0,0.0,0.0,0.0,2.5,0.0,0,0,0,0.0,305,0,LOW
MED-004,Tablet,Antidiabetic (Biguanide),23.9,69.3,20.0,25.0,0.0,0.0,0.0,2.3,0.0,0,0,0,0.0,520,0,LOW
MED-003,Tablet,Antibiotic (Beta-lactamase inhibitor),15.9,21.2,15.0,25.0,0.0,0.0,0.0,15.9,0.0,0,0,0,0.0,498,0,LOW
MED-016,Inhalation Aerosol,Respiratory (Bronchodilator),32.3,46.2,15.0,25.0,0.0,7.3,7.3,29.9,218.27,0,1,0,0.0,283,0,HIGH
MED-021,Tablet,Respiratory (Leukotriene Antagonist),15.8,67.2,15.0,30.0,0.0,0.0,0.0,2.5,0.0,0,0,0,0.0,199,0,LOW
MED-011,Tablet,Antihypertensive (ARB),31.0,20.4,15.0,30.0,0.0,1.0,1.0,19.7,19.7,0,0,0,0.0,530,0,LOW
MED-006,Delayed-Release Capsule,Gastrointestinal (PPI),13.3,80.6,15.0,30.0,1.7,0.0,1.7,6.4,10.88,0,0,0,0.0,459,0,LOW
MED-004,Tablet,Antidiabetic (Biguanide),28.5,77.0,20.0,25.0,0.0,3.5,3.5,12.5,43.75,0,0,0,0.0,510,0,MODERATE
MED-020,Tablet,Antidepressant (SSRI),32.0,40.8,20.0,25.0,0.0,7.0,7.0,17.4,121.8,0,0,0,0.0,76,0,HIGH
MED-017,Nasal Spray Suspension,Corticosteroid / Allergy,35.4,25.6,4.0,30.0,0.0,5.4,5.4,7.0,37.8,0,1,0,0.0,383,0,MODERATE
MED-018,Capsule,Antibiotic (Tetracycline),23.1,21.7,20.0,25.0,0.0,0.0,0.0,2.6,0.0,0,0,0,0.0,666,0,LOW
MED-002,Capsule,Antibiotic (Penicillin),27.0,26.6,20.0,25.0,0.0,2.0,2.0,3.1,6.2,0,0,0,0.0,309,0,LOW
MED-018,Capsule,Antibiotic (Tetracycline),28.0,32.1,20.0,25.0,0.0,3.0,3.0,7.7,23.1,0,0,0,0.0,434,0,MODERATE
MED-024,Tablet,Corticosteroid / Anti-inflammatory,33.5,81.1,20.0,25.0,0.0,8.5,8.5,9.3,79.05,0,0,0,0.0,132,0,MODERATE
MED-009,Tablet,Analgesic / NSAID,28.4,65.5,20.0,25.0,0.0,3.4,3.4,16.7,56.78,0,0,0,0.0,475,0,MODERATE
MED-024,Tablet,Corticosteroid / Anti-inflammatory,22.1,49.0,20.0,25.0,0.0,0.0,0.0,3.6,0.0,0,0,0,0.0,546,0,LOW
MED-003,Tablet,Antibiotic (Beta-lactamase inhibitor),15.3,75.5,15.0,25.0,0.0,0.0,0.0,0.2,0.0,0,0,0,0.0,321,0,LOW
MED-007,Tablet,Antibiotic (Macrolide),35.9,47.7,15.0,30.0,0.0,5.9,5.9,10.7,63.13,0,0,0,0.0,468,0,MODERATE
MED-001,Tablet,Analgesic / Antipyretic,32.0,75.2,20.0,25.0,0.0,7.0,7.0,32.1,224.7,0,0,0,0.0,70,0,HIGH
MED-011,Tablet,Antihypertensive (ARB),34.4,79.5,15.0,30.0,0.0,4.4,4.4,5.1,22.44,0,0,0,0.0,84,0,MODERATE
MED-022,Tablet,Antiplatelet / Hematologic,39.4,34.2,15.0,30.0,0.0,9.4,9.4,55.2,518.88,0,0,0,0.0,285,0,HIGH
MED-005,Tablet,Antihyperlipidemic (Statin),31.2,77.9,20.0,25.0,0.0,6.2,6.2,30.4,188.48,0,0,0,0.0,37,1,HIGH
MED-004,Tablet,Antidiabetic (Biguanide),28.2,40.2,20.0,25.0,0.0,3.2,3.2,8.6,27.52,0,0,0,0.0,291,0,MODERATE
MED-002,Capsule,Antibiotic (Penicillin),29.3,28.0,20.0,25.0,0.0,4.3,4.3,12.0,51.6,0,0,0,0.0,293,0,MODERATE
MED-013,Tablet,Endocrine (Thyroid Hormone),20.1,58.4,15.0,30.0,0.0,0.0,0.0,3.3,0.0,0,0,0,0.0,97,0,LOW
MED-019,Delayed-Release Tablet,Gastrointestinal (PPI),29.0,51.8,20.0,25.0,0.0,4.0,4.0,13.6,54.4,0,0,0,0.0,210,0,MODERATE
MED-018,Capsule,Antibiotic (Tetracycline),36.7,45.7,20.0,25.0,0.0,11.7,11.7,70.4,823.68,0,0,0,0.0,321,0,HIGH
MED-024,Tablet,Corticosteroid / Anti-inflammatory,26.6,37.7,20.0,25.0,0.0,1.6,1.6,13.8,22.08,0,0,0,0.0,510,0,MODERATE
MED-006,Delayed-Release Capsule,Gastrointestinal (PPI),46.5,32.3,15.0,30.0,0.0,16.5,16.5,25.8,425.7,0,0,0,0.0,160,0,HIGH
MED-008,Tablet,Antibiotic (Fluoroquinolone),25.2,71.7,20.0,25.0,0.0,0.2,0.2,6.1,1.22,0,0,0,0.0,228,0,LOW
MED-015,Subcutaneous Injection,Endocrine (Hormone),32.0,70.0,2.0,8.0,0.0,24.0,24.0,31.9,765.6,1,1,0,0.0,29,1,HIGH
MED-014,Subcutaneous Injection,Endocrine (Hormone),-2.3,57.2,2.0,8.0,4.3,0.0,4.3,13.1,56.33,1,1,0,0.0,428,0,HIGH
MED-021,Tablet,Respiratory (Leukotriene Antagonist),-3.1,48.3,15.0,30.0,18.1,0.0,18.1,21.5,389.15,0,0,0,0.0,122,0,HIGH
MED-006,Delayed-Release Capsule,Gastrointestinal (PPI),15.2,81.0,15.0,30.0,0.0,0.0,0.0,12.3,0.0,0,0,0,0.0,214,0,LOW
MED-012,Tablet,Antihypertensive (CCB),33.1,29.2,15.0,30.0,0.0,3.1,3.1,7.6,23.56,0,0,0,0.0,88,0,MODERATE
MED-021,Tablet,Respiratory (Leukotriene Antagonist),19.1,59.9,15.0,30.0,0.0,0.0,0.0,2.5,0.0,0,0,0,0.0,594,0,LOW
MED-008,Tablet,Antibiotic (Fluoroquinolone),21.6,62.5,20.0,25.0,0.0,0.0,0.0,18.8,0.0,0,0,0,0.0,582,0,LOW
MED-017,Nasal Spray Suspension,Corticosteroid / Allergy,4.4,61.5,4.0,30.0,0.0,0.0,0.0,23.1,0.0,0,1,0,0.0,345,0,LOW
MED-003,Tablet,Antibiotic (Beta-lactamase inhibitor),16.6,23.2,15.0,25.0,0.0,0.0,0.0,3.0,0.0,0,0,0,0.0,83,0,LOW
MED-015,Subcutaneous Injection,Endocrine (Hormone),2.9,55.8,2.0,8.0,0.0,0.0,0.0,11.7,0.0,1,1,0,0.0,205,0,LOW
MED-018,Capsule,Antibiotic (Tetracycline),15.5,48.6,20.0,25.0,4.5,0.0,4.5,9.9,44.55,0,0,0,0.0,70,0,MODERATE
MED-010,Tablet,Antihistamine,23.9,36.9,20.0,25.0,0.0,0.0,0.0,1.3,0.0,0,0,0,0.0,460,0,LOW
MED-014,Subcutaneous Injection,Endocrine (Hormone),3.1,70.9,2.0,8.0,0.0,0.0,0.0,3.7,0.0,1,1,0,0.0,55,0,LOW
MED-013,Tablet,Endocrine (Thyroid Hormone),31.8,52.4,15.0,30.0,0.0,1.8,1.8,8.8,15.84,0,0,0,0.0,77,0,LOW
MED-008,Tablet,Antibiotic (Fluoroquinolone),16.7,81.7,20.0,25.0,3.3,0.0,3.3,22.8,75.24,0,0,0,0.0,240,0,MODERATE
MED-015,Subcutaneous Injection,Endocrine (Hormone),0.9,84.8,2.0,8.0,1.1,0.0,1.1,20.2,22.22,1,1,0,0.0,200,0,MODERATE
MED-018,Capsule,Antibiotic (Tetracycline),22.0,77.4,20.0,25.0,0.0,0.0,0.0,1.4,0.0,0,0,0,0.0,579,0,LOW
MED-020,Tablet,Antidepressant (SSRI),16.3,60.8,20.0,25.0,3.7,0.0,3.7,14.4,53.28,0,0,0,0.0,411,0,MODERATE
MED-013,Tablet,Endocrine (Thyroid Hormone),31.6,53.9,15.0,30.0,0.0,1.6,1.6,26.8,42.88,0,0,0,0.0,459,0,MODERATE
MED-018,Capsule,Antibiotic (Tetracycline),15.6,36.2,20.0,25.0,4.4,0.0,4.4,4.4,19.36,0,0,0,0.0,573,0,LOW
MED-001,Tablet,Analgesic / Antipyretic,29.0,83.7,20.0,25.0,0.0,4.0,4.0,13.4,53.6,0,0,0,0.0,67,0,MODERATE
MED-019,Delayed-Release Tablet,Gastrointestinal (PPI),28.3,35.3,20.0,25.0,0.0,3.3,3.3,21.8,71.94,0,0,0,0.0,63,0,MODERATE
MED-014,Subcutaneous Injection,Endocrine (Hormone),-1.2,21.5,2.0,8.0,3.2,0.0,3.2,8.6,27.52,1,1,0,0.0,44,0,HIGH
MED-010,Tablet,Antihistamine,24.1,72.2,20.0,25.0,0.0,0.0,0.0,9.3,0.0,0,0,0,0.0,446,0,LOW
MED-014,Subcutaneous Injection,Endocrine (Hormone),1.6,39.5,2.0,8.0,0.4,0.0,0.4,14.9,5.96,1,1,0,0.0,90,0,MODERATE
MED-009,Tablet,Analgesic / NSAID,15.5,34.8,20.0,25.0,4.5,0.0,4.5,15.2,68.4,0,0,0,0.0,10,1,HIGH
MED-020,Tablet,Antidepressant (SSRI),15.1,41.5,20.0,25.0,4.9,0.0,4.9,1.4,6.86,0,0,0,0.0,249,0,LOW
MED-008,Tablet,Antibiotic (Fluoroquinolone),20.3,26.4,20.0,25.0,0.0,0.0,0.0,12.4,0.0,0,0,0,0.0,119,0,LOW
MED-003,Tablet,Antibiotic (Beta-lactamase inhibitor),13.0,84.2,15.0,25.0,2.0,0.0,2.0,17.1,34.2,0,0,0,0.0,145,0,MODERATE
MED-005,Tablet,Antihyperlipidemic (Statin),29.8,36.9,20.0,25.0,0.0,4.8,4.8,4.7,22.56,0,0,0,0.0,474,0,MODERATE
MED-006,Delayed-Release Capsule,Gastrointestinal (PPI),21.0,37.7,15.0,30.0,0.0,0.0,0.0,3.8,0.0,0,0,0,0.0,146,0,LOW
MED-023,Capsule,Anticonvulsant / Neuropathic,32.4,78.1,15.0,30.0,0.0,2.4,2.4,13.3,31.92,0,0,0,0.0,325,0,MODERATE
MED-022,Tablet,Antiplatelet / Hematologic,-3.9,61.8,15.0,30.0,18.9,0.0,18.9,61.6,1164.24,0,0,0,0.0,200,0,HIGH
MED-014,Subcutaneous Injection,Endocrine (Hormone),3.0,20.5,2.0,8.0,0.0,0.0,0.0,21.7,0.0,1,1,0,0.0,583,0,LOW
MED-012,Tablet,Antihypertensive (CCB),12.1,67.6,15.0,30.0,2.9,0.0,2.9,21.1,61.19,0,0,0,0.0,154,0,MODERATE
MED-008,Tablet,Antibiotic (Fluoroquinolone),19.7,71.8,20.0,25.0,0.3,0.0,0.3,21.3,6.39,0,0,0,0.0,439,0,LOW
MED-003,Tablet,Antibiotic (Beta-lactamase inhibitor),5.0,78.2,15.0,25.0,10.0,0.0,10.0,15.2,152.0,0,0,0,0.0,158,0,HIGH
MED-013,Tablet,Endocrine (Thyroid Hormone),10.1,45.9,15.0,30.0,4.9,0.0,4.9,12.7,62.23,0,0,0,0.0,186,0,MODERATE
MED-015,Subcutaneous Injection,Endocrine (Hormone),10.8,50.2,2.0,8.0,0.0,2.8,2.8,5.1,14.28,1,1,0,0.0,280,0,MODERATE
MED-022,Tablet,Antiplatelet / Hematologic,31.2,64.4,15.0,30.0,0.0,1.2,1.2,15.3,18.36,0,0,0,0.0,119,0,LOW
MED-008,Tablet,Antibiotic (Fluoroquinolone),30.6,79.4,20.0,25.0,0.0,5.6,5.6,17.1,95.76,0,0,0,0.0,471,0,MODERATE
MED-023,Capsule,Anticonvulsant / Neuropathic,31.6,71.9,15.0,30.0,0.0,1.6,1.6,19.3,30.88,0,0,0,0.0,209,0,MODERATE
MED-001,Tablet,Analgesic / Antipyretic,18.7,36.8,20.0,25.0,1.3,0.0,1.3,8.2,10.66,0,0,0,0.0,522,0,LOW
MED-023,Capsule,Anticonvulsant / Neuropathic,20.4,78.4,15.0,30.0,0.0,0.0,0.0,0.5,0.0,0,0,0,0.0,416,0,LOW
MED-014,Subcutaneous Injection,Endocrine (Hormone),9.3,22.6,2.0,8.0,0.0,1.3,1.3,5.0,6.5,1,1,0,0.0,71,0,LOW
MED-009,Tablet,Analgesic / NSAID,22.8,35.1,20.0,25.0,0.0,0.0,0.0,0.9,0.0,0,0,0,0.0,650,0,LOW
MED-006,Delayed-Release Capsule,Gastrointestinal (PPI),10.5,51.2,15.0,30.0,4.5,0.0,4.5,19.3,86.85,0,0,0,0.0,580,0,MODERATE
MED-024,Tablet,Corticosteroid / Anti-inflammatory,44.1,30.7,20.0,25.0,0.0,19.1,19.1,28.6,546.26,0,0,0,0.0,329,0,HIGH
MED-013,Tablet,Endocrine (Thyroid Hormone),32.0,30.4,15.0,30.0,0.0,2.0,2.0,4.9,9.8,0,0,0,0.0,325,0,LOW
MED-022,Tablet,Antiplatelet / Hematologic,12.1,44.3,15.0,30.0,2.9,0.0,2.9,16.1,46.69,0,0,0,0.0,156,0,MODERATE
MED-017,Nasal Spray Suspension,Corticosteroid / Allergy,39.7,73.1,4.0,30.0,0.0,9.7,9.7,42.8,415.16,0,1,0,0.0,116,0,HIGH
MED-006,Delayed-Release Capsule,Gastrointestinal (PPI),13.5,24.0,15.0,30.0,1.5,0.0,1.5,23.3,34.95,0,0,0,0.0,85,0,MODERATE
MED-022,Tablet,Antiplatelet / Hematologic,35.2,70.5,15.0,30.0,0.0,5.2,5.2,5.4,28.08,0,0,0,0.0,163,0,MODERATE
MED-021,Tablet,Respiratory (Leukotriene Antagonist),33.8,77.4,15.0,30.0,0.0,3.8,3.8,12.5,47.5,0,0,0,0.0,455,0,MODERATE
MED-019,Delayed-Release Tablet,Gastrointestinal (PPI),30.8,47.2,20.0,25.0,0.0,5.8,5.8,11.9,69.02,0,0,0,0.0,304,0,MODERATE
MED-007,Tablet,Antibiotic (Macrolide),37.3,33.8,15.0,30.0,0.0,7.3,7.3,12.3,89.79,0,0,0,0.0,570,0,MODERATE
MED-013,Tablet,Endocrine (Thyroid Hormone),33.0,73.0,15.0,30.0,0.0,3.0,3.0,3.1,9.3,0,0,0,0.0,123,0,LOW
MED-008,Tablet,Antibiotic (Fluoroquinolone),21.3,69.0,20.0,25.0,0.0,0.0,0.0,0.9,0.0,0,0,0,0.0,36,1,LOW
MED-024,Tablet,Corticosteroid / Anti-inflammatory,27.2,32.3,20.0,25.0,0.0,2.2,2.2,11.4,25.08,0,0,0,0.0,15,1,MODERATE
MED-005,Tablet,Antihyperlipidemic (Statin),21.2,62.0,20.0,25.0,0.0,0.0,0.0,0.8,0.0,0,0,0,0.0,427,0,LOW
MED-015,Subcutaneous Injection,Endocrine (Hormone),14.4,61.6,2.0,8.0,0.0,6.4,6.4,18.2,116.48,1,1,0,0.0,584,0,HIGH
MED-006,Delayed-Release Capsule,Gastrointestinal (PPI),29.8,47.9,15.0,30.0,0.0,0.0,0.0,27.4,0.0,0,0,0,0.0,483,0,LOW
MED-001,Tablet,Analgesic / Antipyretic,26.3,35.6,20.0,25.0,0.0,1.3,1.3,13.9,18.07,0,0,0,0.0,109,0,LOW
MED-007,Tablet,Antibiotic (Macrolide),29.8,40.2,15.0,30.0,0.0,0.0,0.0,9.1,0.0,0,0,0,0.0,61,0,LOW
MED-002,Capsule,Antibiotic (Penicillin),28.2,57.7,20.0,25.0,0.0,3.2,3.2,7.9,25.28,0,0,0,0.0,305,0,MODERATE
MED-021,Tablet,Respiratory (Leukotriene Antagonist),33.1,60.4,15.0,30.0,0.0,3.1,3.1,17.6,54.56,0,0,0,0.0,206,0,MODERATE
MED-018,Capsule,Antibiotic (Tetracycline),23.9,69.8,20.0,25.0,0.0,0.0,0.0,32.2,0.0,0,0,0,0.0,595,0,LOW
MED-010,Tablet,Antihistamine,24.0,21.8,20.0,25.0,0.0,0.0,0.0,28.6,0.0,0,0,0,0.0,107,0,LOW
MED-001,Tablet,Analgesic / Antipyretic,28.6,34.9,20.0,25.0,0.0,3.6,3.6,11.8,42.48,0,0,0,0.0,487,0,MODERATE
MED-002,Capsule,Antibiotic (Penicillin),24.2,76.2,20.0,25.0,0.0,0.0,0.0,0.3,0.0,0,0,0,0.0,407,0,LOW
MED-002,Capsule,Antibiotic (Penicillin),33.1,84.2,20.0,25.0,0.0,8.1,8.1,30.7,248.67,0,0,0,0.0,23,1,HIGH
MED-013,Tablet,Endocrine (Thyroid Hormone),44.7,63.2,15.0,30.0,0.0,14.7,14.7,62.3,915.81,0,0,0,0.0,301,0,HIGH
MED-021,Tablet,Respiratory (Leukotriene Antagonist),25.6,67.7,15.0,30.0,0.0,0.0,0.0,1.7,0.0,0,0,0,0.0,500,0,LOW
MED-006,Delayed-Release Capsule,Gastrointestinal (PPI),16.4,25.3,15.0,30.0,0.0,0.0,0.0,7.2,0.0,0,0,0,0.0,229,0,LOW
MED-007,Tablet,Antibiotic (Macrolide),22.7,30.9,15.0,30.0,0.0,0.0,0.0,3.8,0.0,0,0,0,0.0,358,0,LOW
MED-012,Tablet,Antihypertensive (CCB),43.1,47.9,15.0,30.0,0.0,13.1,13.1,49.6,649.76,0,0,0,0.0,209,0,HIGH
MED-003,Tablet,Antibiotic (Beta-lactamase inhibitor),35.4,67.3,15.0,25.0,0.0,10.4,10.4,21.4,222.56,0,0,0,0.0,182,0,HIGH
MED-007,Tablet,Antibiotic (Macrolide),15.0,21.0,15.0,30.0,0.0,0.0,0.0,9.1,0.0,0,0,0,0.0,548,0,LOW
MED-011,Tablet,Antihypertensive (ARB),20.4,81.6,15.0,30.0,0.0,0.0,0.0,0.8,0.0,0,0,0,0.0,531,0,LOW
MED-012,Tablet,Antihypertensive (CCB),37.1,44.3,15.0,30.0,0.0,7.1,7.1,33.6,238.56,0,0,0,0.0,105,0,HIGH
MED-019,Delayed-Release Tablet,Gastrointestinal (PPI),17.0,37.5,20.0,25.0,3.0,0.0,3.0,14.2,42.6,0,0,0,0.0,471,0,MODERATE
MED-004,Tablet,Antidiabetic (Biguanide),27.4,79.2,20.0,25.0,0.0,2.4,2.4,20.0,48.0,0,0,0,0.0,199,0,MODERATE
MED-024,Tablet,Corticosteroid / Anti-inflammatory,24.6,53.7,20.0,25.0,0.0,0.0,0.0,5.4,0.0,0,0,0,0.0,72,0,LOW
MED-009,Tablet,Analgesic / NSAID,20.6,36.2,20.0,25.0,0.0,0.0,0.0,3.5,0.0,0,0,0,0.0,701,0,LOW
MED-012,Tablet,Antihypertensive (CCB),31.6,74.3,15.0,30.0,0.0,1.6,1.6,6.5,10.4,0,0,0,0.0,62,0,LOW
MED-003,Tablet,Antibiotic (Beta-lactamase inhibitor),32.7,47.3,15.0,25.0,0.0,7.7,7.7,16.0,123.2,0,0,0,0.0,472,0,HIGH
MED-014,Subcutaneous Injection,Endocrine (Hormone),7.8,37.0,2.0,8.0,0.0,0.0,0.0,0.9,0.0,1,1,0,0.0,708,0,LOW
MED-004,Tablet,Antidiabetic (Biguanide),28.1,58.5,20.0,25.0,0.0,3.1,3.1,14.9,46.19,0,0,0,0.0,29,1,HIGH
MED-006,Delayed-Release Capsule,Gastrointestinal (PPI),29.5,77.3,15.0,30.0,0.0,0.0,0.0,20.7,0.0,0,0,0,0.0,49,1,LOW
MED-020,Tablet,Antidepressant (SSRI),21.1,31.4,20.0,25.0,0.0,0.0,0.0,2.4,0.0,0,0,0,0.0,395,0,LOW
MED-018,Capsule,Antibiotic (Tetracycline),16.4,31.5,20.0,25.0,3.6,0.0,3.6,8.0,28.8,0,0,0,0.0,525,0,MODERATE
MED-018,Capsule,Antibiotic (Tetracycline),40.9,50.7,20.0,25.0,0.0,15.9,15.9,11.3,179.67,0,0,0,0.0,67,0,HIGH
MED-019,Delayed-Release Tablet,Gastrointestinal (PPI),16.7,81.2,20.0,25.0,3.3,0.0,3.3,21.6,71.28,0,0,0,0.0,210,0,MODERATE
MED-012,Tablet,Antihypertensive (CCB),14.1,36.4,15.0,30.0,0.9,0.0,0.9,15.2,13.68,0,0,0,0.0,116,0,LOW
MED-024,Tablet,Corticosteroid / Anti-inflammatory,35.0,82.4,20.0,25.0,0.0,10.0,10.0,22.0,220.0,0,0,0,0.0,41,1,HIGH
MED-004,Tablet,Antidiabetic (Biguanide),31.7,40.1,20.0,25.0,0.0,6.7,6.7,24.4,163.48,0,0,0,0.0,465,0,HIGH
MED-019,Delayed-Release Tablet,Gastrointestinal (PPI),25.7,37.5,20.0,25.0,0.0,0.7,0.7,6.4,4.48,0,0,0,0.0,217,0,LOW
MED-016,Inhalation Aerosol,Respiratory (Bronchodilator),29.9,32.9,15.0,25.0,0.0,4.9,4.9,12.7,62.23,0,1,0,0.0,581,0,MODERATE
MED-016,Inhalation Aerosol,Respiratory (Bronchodilator),26.3,81.7,15.0,25.0,0.0,1.3,1.3,10.4,13.52,0,1,0,0.0,395,0,LOW
MED-015,Subcutaneous Injection,Endocrine (Hormone),10.1,23.9,2.0,8.0,0.0,2.1,2.1,6.6,13.86,1,1,0,0.0,110,0,MODERATE
MED-002,Capsule,Antibiotic (Penicillin),19.0,70.1,20.0,25.0,1.0,0.0,1.0,6.1,6.1,0,0,0,0.0,473,0,LOW
MED-001,Tablet,Analgesic / Antipyretic,24.4,78.0,20.0,25.0,0.0,0.0,0.0,2.9,0.0,0,0,0,0.0,730,0,LOW
MED-011,Tablet,Antihypertensive (ARB),25.5,40.7,15.0,30.0,0.0,0.0,0.0,2.9,0.0,0,0,0,0.0,432,0,LOW
MED-017,Nasal Spray Suspension,Corticosteroid / Allergy,6.0,35.2,4.0,30.0,0.0,0.0,0.0,14.6,0.0,0,1,0,0.0,545,0,LOW
MED-021,Tablet,Respiratory (Leukotriene Antagonist),31.6,25.4,15.0,30.0,0.0,1.6,1.6,10.9,17.44,0,0,0,0.0,596,0,LOW
MED-007,Tablet,Antibiotic (Macrolide),38.8,74.5,15.0,30.0,0.0,8.8,8.8,33.8,297.44,0,0,0,0.0,255,0,HIGH
MED-013,Tablet,Endocrine (Thyroid Hormone),33.5,73.7,15.0,30.0,0.0,3.5,3.5,2.7,9.45,0,0,0,0.0,163,0,LOW
MED-013,Tablet,Endocrine (Thyroid Hormone),38.4,46.4,15.0,30.0,0.0,8.4,8.4,38.1,320.04,0,0,0,0.0,26,1,HIGH
MED-022,Tablet,Antiplatelet / Hematologic,26.6,52.1,15.0,30.0,0.0,0.0,0.0,1.5,0.0,0,0,0,0.0,640,0,LOW
MED-005,Tablet,Antihyperlipidemic (Statin),26.5,65.1,20.0,25.0,0.0,1.5,1.5,10.5,15.75,0,0,0,0.0,421,0,LOW
MED-002,Capsule,Antibiotic (Penicillin),16.9,23.6,20.0,25.0,3.1,0.0,3.1,9.5,29.45,0,0,0,0.0,187,0,MODERATE
MED-008,Tablet,Antibiotic (Fluoroquinolone),27.2,32.2,20.0,25.0,0.0,2.2,2.2,3.1,6.82,0,0,0,0.0,102,0,LOW
MED-021,Tablet,Respiratory (Leukotriene Antagonist),16.4,55.9,15.0,30.0,0.0,0.0,0.0,1.5,0.0,0,0,0,0.0,62,0,LOW
MED-018,Capsule,Antibiotic (Tetracycline),25.9,34.3,20.0,25.0,0.0,0.9,0.9,34.9,31.41,0,0,0,0.0,226,0,MODERATE
MED-024,Tablet,Corticosteroid / Anti-inflammatory,-4.3,33.6,20.0,25.0,24.3,0.0,24.3,43.7,1061.91,0,0,0,0.0,114,0,HIGH
MED-001,Tablet,Analgesic / Antipyretic,24.9,45.0,20.0,25.0,0.0,0.0,0.0,2.9,0.0,0,0,0,0.0,154,0,LOW
MED-010,Tablet,Antihistamine,16.9,32.6,20.0,25.0,3.1,0.0,3.1,22.9,70.99,0,0,0,0.0,425,0,MODERATE
MED-018,Capsule,Antibiotic (Tetracycline),16.9,21.0,20.0,25.0,3.1,0.0,3.1,15.8,48.98,0,0,0,0.0,151,0,MODERATE
MED-011,Tablet,Antihypertensive (ARB),43.2,46.3,15.0,30.0,0.0,13.2,13.2,41.9,553.08,0,0,0,0.0,50,1,HIGH
MED-005,Tablet,Antihyperlipidemic (Statin),42.4,47.0,20.0,25.0,0.0,17.4,17.4,44.2,769.08,0,0,0,0.0,324,0,HIGH
MED-012,Tablet,Antihypertensive (CCB),34.5,66.5,15.0,30.0,0.0,4.5,4.5,7.4,33.3,0,0,0,0.0,350,0,MODERATE
MED-020,Tablet,Antidepressant (SSRI),23.7,82.3,20.0,25.0,0.0,0.0,0.0,14.6,0.0,0,0,0,0.0,253,0,LOW
MED-006,Delayed-Release Capsule,Gastrointestinal (PPI),45.1,54.5,15.0,30.0,0.0,15.1,15.1,64.6,975.46,0,0,0,0.0,141,0,HIGH
MED-021,Tablet,Respiratory (Leukotriene Antagonist),31.9,60.4,15.0,30.0,0.0,1.9,1.9,1.5,2.85,0,0,0,0.0,462,0,LOW
MED-018,Capsule,Antibiotic (Tetracycline),24.7,31.3,20.0,25.0,0.0,0.0,0.0,28.9,0.0,0,0,0,0.0,570,0,LOW
MED-020,Tablet,Antidepressant (SSRI),45.0,52.5,20.0,25.0,0.0,20.0,20.0,70.3,1406.0,0,0,0,0.0,232,0,HIGH
MED-009,Tablet,Analgesic / NSAID,28.6,81.0,20.0,25.0,0.0,3.6,3.6,9.3,33.48,0,0,0,0.0,363,0,MODERATE
MED-012,Tablet,Antihypertensive (CCB),39.1,68.7,15.0,30.0,0.0,9.1,9.1,16.6,151.06,0,0,0,0.0,229,0,HIGH
MED-008,Tablet,Antibiotic (Fluoroquinolone),28.3,55.3,20.0,25.0,0.0,3.3,3.3,4.0,13.2,0,0,0,0.0,312,0,LOW
MED-004,Tablet,Antidiabetic (Biguanide),23.8,24.8,20.0,25.0,0.0,0.0,0.0,12.4,0.0,0,0,0,0.0,66,1,LOW
MED-015,Subcutaneous Injection,Endocrine (Hormone),13.8,79.7,2.0,8.0,0.0,5.8,5.8,3.4,19.72,1,1,0,0.0,334,0,MODERATE
MED-014,Subcutaneous Injection,Endocrine (Hormone),-2.8,31.7,2.0,8.0,4.8,0.0,4.8,9.7,46.56,1,1,0,0.0,470,0,HIGH
MED-002,Capsule,Antibiotic (Penicillin),27.2,24.2,20.0,25.0,0.0,2.2,2.2,15.6,34.32,0,0,0,0.0,208,0,MODERATE
MED-004,Tablet,Antidiabetic (Biguanide),17.5,42.7,20.0,25.0,2.5,0.0,2.5,1.5,3.75,0,0,0,0.0,80,1,LOW
MED-019,Delayed-Release Tablet,Gastrointestinal (PPI),18.3,57.3,20.0,25.0,1.7,0.0,1.7,14.6,24.82,0,0,0,0.0,544,0,MODERATE
MED-014,Subcutaneous Injection,Endocrine (Hormone),8.7,56.7,2.0,8.0,0.0,0.7,0.7,4.2,2.94,1,1,0,0.0,90,0,LOW
MED-019,Delayed-Release Tablet,Gastrointestinal (PPI),31.6,27.6,20.0,25.0,0.0,6.6,6.6,5.8,38.28,0,0,0,0.0,484,0,MODERATE
MED-006,Delayed-Release Capsule,Gastrointestinal (PPI),43.5,54.1,15.0,30.0,0.0,13.5,13.5,24.0,324.0,0,0,0,0.0,52,1,HIGH
MED-002,Capsule,Antibiotic (Penicillin),22.0,79.4,20.0,25.0,0.0,0.0,0.0,0.3,0.0,0,0,0,0.0,353,0,LOW
MED-005,Tablet,Antihyperlipidemic (Statin),46.2,31.7,20.0,25.0,0.0,21.2,21.2,20.7,438.84,0,0,0,0.0,299,0,HIGH
MED-015,Subcutaneous Injection,Endocrine (Hormone),6.5,55.7,2.0,8.0,0.0,0.0,0.0,3.1,0.0,1,1,0,0.0,609,0,LOW
MED-009,Tablet,Analgesic / NSAID,15.6,44.0,20.0,25.0,4.4,0.0,4.4,8.9,39.16,0,0,0,0.0,139,0,MODERATE
MED-008,Tablet,Antibiotic (Fluoroquinolone),25.8,46.1,20.0,25.0,0.0,0.8,0.8,1.8,1.44,0,0,0,0.0,268,0,LOW
MED-021,Tablet,Respiratory (Leukotriene Antagonist),32.9,55.8,15.0,30.0,0.0,2.9,2.9,27.6,80.04,0,0,0,0.0,370,0,MODERATE
MED-009,Tablet,Analgesic / NSAID,22.0,55.9,20.0,25.0,0.0,0.0,0.0,0.8,0.0,0,0,0,0.0,726,0,LOW
MED-005,Tablet,Antihyperlipidemic (Statin),35.0,78.4,20.0,25.0,0.0,10.0,10.0,57.5,575.0,0,0,0,0.0,167,0,HIGH
MED-002,Capsule,Antibiotic (Penicillin),28.7,74.1,20.0,25.0,0.0,3.7,3.7,3.9,14.43,0,0,0,0.0,444,0,LOW
MED-025,Tablet,Diuretic / Antihypertensive,34.5,60.4,15.0,30.0,0.0,4.5,4.5,8.3,37.35,0,0,0,0.0,222,0,MODERATE
MED-018,Capsule,Antibiotic (Tetracycline),32.2,64.0,20.0,25.0,0.0,7.2,7.2,5.4,38.88,0,0,0,0.0,156,0,MODERATE
MED-024,Tablet,Corticosteroid / Anti-inflammatory,37.5,46.7,20.0,25.0,0.0,12.5,12.5,10.7,133.75,0,0,0,0.0,15,1,HIGH
MED-007,Tablet,Antibiotic (Macrolide),34.9,62.3,15.0,30.0,0.0,4.9,4.9,5.1,24.99,0,0,0,0.0,126,0,MODERATE
MED-018,Capsule,Antibiotic (Tetracycline),38.9,66.3,20.0,25.0,0.0,13.9,13.9,49.6,689.44,0,0,0,0.0,62,0,HIGH
MED-018,Capsule,Antibiotic (Tetracycline),24.1,64.2,20.0,25.0,0.0,0.0,0.0,3.0,0.0,0,0,0,0.0,710,0,LOW
MED-016,Inhalation Aerosol,Respiratory (Bronchodilator),23.3,24.8,15.0,25.0,0.0,0.0,0.0,5.5,0.0,0,1,0,0.0,145,0,LOW
MED-017,Nasal Spray Suspension,Corticosteroid / Allergy,16.9,77.4,4.0,30.0,0.0,0.0,0.0,3.2,0.0,0,1,0,0.0,677,0,LOW
MED-012,Tablet,Antihypertensive (CCB),31.6,45.2,15.0,30.0,0.0,1.6,1.6,9.1,14.56,0,0,0,0.0,277,0,LOW
MED-014,Subcutaneous Injection,Endocrine (Hormone),3.1,42.3,2.0,8.0,0.0,0.0,0.0,17.6,0.0,1,1,0,0.0,221,0,LOW
MED-004,Tablet,Antidiabetic (Biguanide),23.7,80.4,20.0,25.0,0.0,0.0,0.0,3.4,0.0,0,0,0,0.0,262,0,LOW
MED-015,Subcutaneous Injection,Endocrine (Hormone),9.0,38.7,2.0,8.0,0.0,1.0,1.0,7.3,7.3,1,1,0,0.0,59,0,LOW
MED-012,Tablet,Antihypertensive (CCB),11.4,25.3,15.0,30.0,3.6,0.0,3.6,18.2,65.52,0,0,0,0.0,328,0,MODERATE
MED-013,Tablet,Endocrine (Thyroid Hormone),20.9,57.2,15.0,30.0,0.0,0.0,0.0,3.8,0.0,0,0,0,0.0,350,0,LOW
MED-012,Tablet,Antihypertensive (CCB),31.4,71.9,15.0,30.0,0.0,1.4,1.4,10.4,14.56,0,0,0,0.0,353,0,LOW
MED-003,Tablet,Antibiotic (Beta-lactamase inhibitor),26.9,35.6,15.0,25.0,0.0,1.9,1.9,15.7,29.83,0,0,0,0.0,59,1,MODERATE
MED-005,Tablet,Antihyperlipidemic (Statin),25.3,25.3,20.0,25.0,0.0,0.3,0.3,23.3,6.99,0,0,0,0.0,91,0,LOW
MED-006,Delayed-Release Capsule,Gastrointestinal (PPI),41.7,29.5,15.0,30.0,0.0,11.7,11.7,43.3,506.61,0,0,0,0.0,196,0,HIGH
MED-011,Tablet,Antihypertensive (ARB),15.9,30.0,15.0,30.0,0.0,0.0,0.0,1.4,0.0,0,0,0,0.0,670,0,LOW
MED-021,Tablet,Respiratory (Leukotriene Antagonist),38.3,21.6,15.0,30.0,0.0,8.3,8.3,44.3,367.69,0,0,0,0.0,226,0,HIGH
MED-020,Tablet,Antidepressant (SSRI),47.2,83.0,20.0,25.0,0.0,22.2,22.2,18.2,404.04,0,0,0,0.0,260,0,HIGH
MED-013,Tablet,Endocrine (Thyroid Hormone),37.5,41.1,15.0,30.0,0.0,7.5,7.5,35.6,267.0,0,0,0,0.0,97,0,HIGH
MED-024,Tablet,Corticosteroid / Anti-inflammatory,19.1,40.9,20.0,25.0,0.9,0.0,0.9,5.9,5.31,0,0,0,0.0,394,0,LOW
MED-019,Delayed-Release Tablet,Gastrointestinal (PPI),43.5,32.2,20.0,25.0,0.0,18.5,18.5,12.8,236.8,0,0,0,0.0,101,0,HIGH
MED-015,Subcutaneous Injection,Endocrine (Hormone),12.8,29.5,2.0,8.0,0.0,4.8,4.8,1.9,9.12,1,1,0,0.0,454,0,MODERATE
MED-024,Tablet,Corticosteroid / Anti-inflammatory,27.0,73.6,20.0,25.0,0.0,2.0,2.0,5.9,11.8,0,0,0,0.0,136,0,LOW
MED-023,Capsule,Anticonvulsant / Neuropathic,22.0,79.6,15.0,30.0,0.0,0.0,0.0,2.2,0.0,0,0,0,0.0,560,0,LOW
MED-018,Capsule,Antibiotic (Tetracycline),19.5,35.4,20.0,25.0,0.5,0.0,0.5,10.7,5.35,0,0,0,0.0,496,0,LOW
MED-022,Tablet,Antiplatelet / Hematologic,10.3,51.4,15.0,30.0,4.7,0.0,4.7,22.2,104.34,0,0,0,0.0,56,1,HIGH
MED-002,Capsule,Antibiotic (Penicillin),24.7,84.3,20.0,25.0,0.0,0.0,0.0,2.1,0.0,0,0,0,0.0,353,0,LOW
MED-022,Tablet,Antiplatelet / Hematologic,24.2,55.6,15.0,30.0,0.0,0.0,0.0,1.2,0.0,0,0,0,0.0,208,0,LOW
MED-020,Tablet,Antidepressant (SSRI),20.3,78.4,20.0,25.0,0.0,0.0,0.0,8.2,0.0,0,0,0,0.0,365,0,LOW
MED-016,Inhalation Aerosol,Respiratory (Bronchodilator),30.9,29.4,15.0,25.0,0.0,5.9,5.9,15.2,89.68,0,1,0,0.0,389,0,MODERATE
MED-025,Tablet,Diuretic / Antihypertensive,12.3,30.4,15.0,30.0,2.7,0.0,2.7,1.2,3.24,0,0,0,0.0,170,0,LOW
MED-015,Subcutaneous Injection,Endocrine (Hormone),5.9,22.9,2.0,8.0,0.0,0.0,0.0,0.5,0.0,1,1,0,0.0,339,0,LOW
MED-015,Subcutaneous Injection,Endocrine (Hormone),5.2,67.0,2.0,8.0,0.0,0.0,0.0,1.8,0.0,1,1,0,0.0,132,0,LOW
MED-021,Tablet,Respiratory (Leukotriene Antagonist),37.9,41.2,15.0,30.0,0.0,7.9,7.9,25.4,200.66,0,0,0,0.0,305,0,HIGH
MED-010,Tablet,Antihistamine,23.5,51.8,20.0,25.0,0.0,0.0,0.0,2.8,0.0,0,0,0,0.0,325,0,LOW
MED-022,Tablet,Antiplatelet / Hematologic,35.8,43.6,15.0,30.0,0.0,5.8,5.8,7.9,45.82,0,0,0,0.0,310,0,MODERATE
MED-021,Tablet,Respiratory (Leukotriene Antagonist),34.7,61.9,15.0,30.0,0.0,4.7,4.7,6.9,32.43,0,0,0,0.0,422,0,MODERATE
MED-012,Tablet,Antihypertensive (CCB),32.2,56.5,15.0,30.0,0.0,2.2,2.2,9.1,20.02,0,0,0,0.0,194,0,MODERATE
MED-006,Delayed-Release Capsule,Gastrointestinal (PPI),31.5,25.4,15.0,30.0,0.0,1.5,1.5,8.3,12.45,0,0,0,0.0,417,0,LOW
MED-025,Tablet,Diuretic / Antihypertensive,10.2,30.3,15.0,30.0,4.8,0.0,4.8,14.1,67.68,0,0,0,0.0,244,0,MODERATE
MED-018,Capsule,Antibiotic (Tetracycline),23.6,39.3,20.0,25.0,0.0,0.0,0.0,0.6,0.0,0,0,0,0.0,707,0,LOW
MED-016,Inhalation Aerosol,Respiratory (Bronchodilator),16.7,60.2,15.0,25.0,0.0,0.0,0.0,1.6,0.0,0,1,0,0.0,68,0,LOW
MED-004,Tablet,Antidiabetic (Biguanide),19.0,25.2,20.0,25.0,1.0,0.0,1.0,19.1,19.1,0,0,0,0.0,134,0,LOW
MED-008,Tablet,Antibiotic (Fluoroquinolone),28.6,84.6,20.0,25.0,0.0,3.6,3.6,9.8,35.28,0,0,0,0.0,76,0,MODERATE
MED-021,Tablet,Respiratory (Leukotriene Antagonist),12.6,54.4,15.0,30.0,2.4,0.0,2.4,23.6,56.64,0,0,0,0.0,98,0,MODERATE
MED-015,Subcutaneous Injection,Endocrine (Hormone),-0.8,57.2,2.0,8.0,2.8,0.0,2.8,11.6,32.48,1,1,0,0.0,65,0,HIGH
MED-019,Delayed-Release Tablet,Gastrointestinal (PPI),31.4,57.4,20.0,25.0,0.0,6.4,6.4,30.1,192.64,0,0,0,0.0,470,0,HIGH
MED-016,Inhalation Aerosol,Respiratory (Bronchodilator),45.9,48.4,15.0,25.0,0.0,20.9,20.9,44.8,936.32,0,1,0,0.0,201,0,HIGH
MED-023,Capsule,Anticonvulsant / Neuropathic,33.0,75.6,15.0,30.0,0.0,3.0,3.0,32.8,98.4,0,0,0,0.0,200,0,MODERATE
MED-019,Delayed-Release Tablet,Gastrointestinal (PPI),22.4,47.7,20.0,25.0,0.0,0.0,0.0,2.1,0.0,0,0,0,0.0,407,0,LOW
MED-011,Tablet,Antihypertensive (ARB),29.4,68.9,15.0,30.0,0.0,0.0,0.0,2.3,0.0,0,0,0,0.0,46,1,LOW
MED-010,Tablet,Antihistamine,24.0,23.0,20.0,25.0,0.0,0.0,0.0,0.6,0.0,0,0,0,0.0,260,0,LOW
MED-023,Capsule,Anticonvulsant / Neuropathic,29.3,30.0,15.0,30.0,0.0,0.0,0.0,10.2,0.0,0,0,0,0.0,151,0,LOW
MED-014,Subcutaneous Injection,Endocrine (Hormone),6.9,73.7,2.0,8.0,0.0,0.0,0.0,21.0,0.0,1,1,0,0.0,125,0,LOW
MED-020,Tablet,Antidepressant (SSRI),19.4,26.8,20.0,25.0,0.6,0.0,0.6,4.8,2.88,0,0,0,0.0,596,0,LOW
MED-011,Tablet,Antihypertensive (ARB),19.5,62.9,15.0,30.0,0.0,0.0,0.0,0.6,0.0,0,0,0,0.0,272,0,LOW
MED-016,Inhalation Aerosol,Respiratory (Bronchodilator),17.0,46.5,15.0,25.0,0.0,0.0,0.0,4.0,0.0,0,1,0,0.0,406,0,LOW
MED-024,Tablet,Corticosteroid / Anti-inflammatory,38.9,54.8,20.0,25.0,0.0,13.9,13.9,19.2,266.88,0,0,0,0.0,23,1,HIGH
MED-020,Tablet,Antidepressant (SSRI),23.6,46.0,20.0,25.0,0.0,0.0,0.0,3.7,0.0,0,0,0,0.0,68,0,LOW
MED-012,Tablet,Antihypertensive (CCB),29.7,50.8,15.0,30.0,0.0,0.0,0.0,29.6,0.0,0,0,0,0.0,428,0,LOW
MED-005,Tablet,Antihyperlipidemic (Statin),47.0,32.8,20.0,25.0,0.0,22.0,22.0,45.8,1007.6,0,0,0,0.0,8,1,HIGH
MED-017,Nasal Spray Suspension,Corticosteroid / Allergy,4.5,22.8,4.0,30.0,0.0,0.0,0.0,3.5,0.0,0,1,0,0.0,597,0,LOW
MED-008,Tablet,Antibiotic (Fluoroquinolone),25.0,21.3,20.0,25.0,0.0,0.0,0.0,2.2,0.0,0,0,0,0.0,675,0,LOW
MED-006,Delayed-Release Capsule,Gastrointestinal (PPI),39.4,83.0,15.0,30.0,0.0,9.4,9.4,44.3,416.42,0,0,0,0.0,42,1,HIGH
MED-011,Tablet,Antihypertensive (ARB),24.2,55.7,15.0,30.0,0.0,0.0,0.0,1.0,0.0,0,0,0,0.0,400,0,LOW
MED-002,Capsule,Antibiotic (Penicillin),26.4,25.1,20.0,25.0,0.0,1.4,1.4,12.9,18.06,0,0,0,0.0,163,0,LOW
MED-008,Tablet,Antibiotic (Fluoroquinolone),20.9,25.8,20.0,25.0,0.0,0.0,0.0,19.4,0.0,0,0,0,0.0,499,0,LOW
MED-002,Capsule,Antibiotic (Penicillin),36.5,54.5,20.0,25.0,0.0,11.5,11.5,68.6,788.9,0,0,0,0.0,277,0,HIGH
MED-023,Capsule,Anticonvulsant / Neuropathic,29.1,37.0,15.0,30.0,0.0,0.0,0.0,7.6,0.0,0,0,0,0.0,63,0,LOW
MED-015,Subcutaneous Injection,Endocrine (Hormone),14.3,51.3,2.0,8.0,0.0,6.3,6.3,7.7,48.51,1,1,0,0.0,101,0,MODERATE
MED-014,Subcutaneous Injection,Endocrine (Hormone),21.0,34.1,2.0,8.0,0.0,13.0,13.0,45.6,592.8,1,1,0,0.0,343,0,HIGH
MED-011,Tablet,Antihypertensive (ARB),43.9,72.5,15.0,30.0,0.0,13.9,13.9,25.7,357.23,0,0,0,0.0,299,0,HIGH
MED-007,Tablet,Antibiotic (Macrolide),35.1,47.6,15.0,30.0,0.0,5.1,5.1,2.1,10.71,0,0,0,0.0,481,0,MODERATE
MED-014,Subcutaneous Injection,Endocrine (Hormone),0.6,50.5,2.0,8.0,1.4,0.0,1.4,23.4,32.76,1,1,0,0.0,99,0,MODERATE
MED-010,Tablet,Antihistamine,21.1,31.6,20.0,25.0,0.0,0.0,0.0,12.6,0.0,0,0,0,0.0,522,0,LOW
MED-007,Tablet,Antibiotic (Macrolide),34.3,71.4,15.0,30.0,0.0,4.3,4.3,16.1,69.23,0,0,0,0.0,318,0,MODERATE
MED-003,Tablet,Antibiotic (Beta-lactamase inhibitor),30.1,82.6,15.0,25.0,0.0,5.1,5.1,9.7,49.47,0,0,0,0.0,484,0,MODERATE
MED-024,Tablet,Corticosteroid / Anti-inflammatory,26.4,65.8,20.0,25.0,0.0,1.4,1.4,8.0,11.2,0,0,0,0.0,235,0,LOW
MED-016,Inhalation Aerosol,Respiratory (Bronchodilator),26.8,76.6,15.0,25.0,0.0,1.8,1.8,4.8,8.64,0,1,0,0.0,80,0,LOW
MED-021,Tablet,Respiratory (Leukotriene Antagonist),35.8,23.5,15.0,30.0,0.0,5.8,5.8,5.5,31.9,0,0,0,0.0,142,0,MODERATE
MED-021,Tablet,Respiratory (Leukotriene Antagonist),25.2,51.8,15.0,30.0,0.0,0.0,0.0,1.0,0.0,0,0,0,0.0,156,0,LOW
MED-008,Tablet,Antibiotic (Fluoroquinolone),24.9,21.6,20.0,25.0,0.0,0.0,0.0,0.0,0.0,0,0,0,0.0,327,0,LOW
MED-003,Tablet,Antibiotic (Beta-lactamase inhibitor),42.9,29.5,15.0,25.0,0.0,17.9,17.9,62.5,1118.75,0,0,0,0.0,311,0,HIGH
MED-024,Tablet,Corticosteroid / Anti-inflammatory,15.5,82.2,20.0,25.0,4.5,0.0,4.5,23.4,105.3,0,0,0,0.0,122,0,MODERATE
MED-005,Tablet,Antihyperlipidemic (Statin),30.7,28.5,20.0,25.0,0.0,5.7,5.7,19.6,111.72,0,0,0,0.0,178,0,MODERATE
MED-001,Tablet,Analgesic / Antipyretic,31.0,49.6,20.0,25.0,0.0,6.0,6.0,3.7,22.2,0,0,0,0.0,507,0,MODERATE
MED-013,Tablet,Endocrine (Thyroid Hormone),18.4,48.8,15.0,30.0,0.0,0.0,0.0,3.0,0.0,0,0,0,0.0,346,0,LOW
MED-021,Tablet,Respiratory (Leukotriene Antagonist),31.0,26.1,15.0,30.0,0.0,1.0,1.0,12.4,12.4,0,0,0,0.0,147,0,LOW
MED-002,Capsule,Antibiotic (Penicillin),22.1,80.7,20.0,25.0,0.0,0.0,0.0,3.4,0.0,0,0,0,0.0,209,0,LOW
MED-015,Subcutaneous Injection,Endocrine (Hormone),14.7,72.4,2.0,8.0,0.0,6.7,6.7,13.9,93.13,1,1,0,0.0,235,0,HIGH
MED-004,Tablet,Antidiabetic (Biguanide),46.1,35.9,20.0,25.0,0.0,21.1,21.1,66.2,1396.82,0,0,0,0.0,314,0,HIGH
MED-009,Tablet,Analgesic / NSAID,30.6,44.1,20.0,25.0,0.0,5.6,5.6,12.2,68.32,0,0,0,0.0,42,1,HIGH
MED-022,Tablet,Antiplatelet / Hematologic,28.0,82.9,15.0,30.0,0.0,0.0,0.0,2.9,0.0,0,0,0,0.0,463,0,LOW
MED-020,Tablet,Antidepressant (SSRI),30.8,38.2,20.0,25.0,0.0,5.8,5.8,11.7,67.86,0,0,0,0.0,246,0,MODERATE
MED-008,Tablet,Antibiotic (Fluoroquinolone),40.1,37.2,20.0,25.0,0.0,15.1,15.1,53.0,800.3,0,0,0,0.0,357,0,HIGH
MED-025,Tablet,Diuretic / Antihypertensive,31.0,65.3,15.0,30.0,0.0,1.0,1.0,17.1,17.1,0,0,0,0.0,595,0,LOW
MED-019,Delayed-Release Tablet,Gastrointestinal (PPI),29.9,30.1,20.0,25.0,0.0,4.9,4.9,14.0,68.6,0,0,0,0.0,337,0,MODERATE
MED-023,Capsule,Anticonvulsant / Neuropathic,19.1,52.8,15.0,30.0,0.0,0.0,0.0,3.3,0.0,0,0,0,0.0,233,0,LOW
MED-023,Capsule,Anticonvulsant / Neuropathic,35.9,24.4,15.0,30.0,0.0,5.9,5.9,12.7,74.93,0,0,0,0.0,177,0,MODERATE
MED-007,Tablet,Antibiotic (Macrolide),26.2,60.0,15.0,30.0,0.0,0.0,0.0,3.7,0.0,0,0,0,0.0,673,0,LOW
MED-017,Nasal Spray Suspension,Corticosteroid / Allergy,37.9,61.7,4.0,30.0,0.0,7.9,7.9,4.8,37.92,0,1,0,0.0,91,0,MODERATE
MED-018,Capsule,Antibiotic (Tetracycline),24.8,43.4,20.0,25.0,0.0,0.0,0.0,3.0,0.0,0,0,0,0.0,211,0,LOW
MED-025,Tablet,Diuretic / Antihypertensive,31.3,44.9,15.0,30.0,0.0,1.3,1.3,7.2,9.36,0,0,0,0.0,104,0,LOW
MED-006,Delayed-Release Capsule,Gastrointestinal (PPI),33.5,64.1,15.0,30.0,0.0,3.5,3.5,7.4,25.9,0,0,0,0.0,26,1,MODERATE
MED-003,Tablet,Antibiotic (Beta-lactamase inhibitor),-1.6,60.3,15.0,25.0,16.6,0.0,16.6,54.9,911.34,0,0,0,0.0,36,1,HIGH
MED-010,Tablet,Antihistamine,24.1,49.3,20.0,25.0,0.0,0.0,0.0,30.4,0.0,0,0,0,0.0,468,0,LOW
MED-021,Tablet,Respiratory (Leukotriene Antagonist),43.1,82.5,15.0,30.0,0.0,13.1,13.1,25.4,332.74,0,0,0,0.0,55,1,HIGH
MED-022,Tablet,Antiplatelet / Hematologic,46.8,70.5,15.0,30.0,0.0,16.8,16.8,59.9,1006.32,0,0,0,0.0,96,0,HIGH
MED-022,Tablet,Antiplatelet / Hematologic,42.9,23.2,15.0,30.0,0.0,12.9,12.9,25.5,328.95,0,0,0,0.0,344,0,HIGH
MED-003,Tablet,Antibiotic (Beta-lactamase inhibitor),46.1,78.9,15.0,25.0,0.0,21.1,21.1,42.9,905.19,0,0,0,0.0,286,0,HIGH
MED-008,Tablet,Antibiotic (Fluoroquinolone),24.1,42.8,20.0,25.0,0.0,0.0,0.0,2.4,0.0,0,0,0,0.0,244,0,LOW
MED-023,Capsule,Anticonvulsant / Neuropathic,32.9,23.2,15.0,30.0,0.0,2.9,2.9,11.6,33.64,0,0,0,0.0,172,0,MODERATE
MED-021,Tablet,Respiratory (Leukotriene Antagonist),46.8,40.0,15.0,30.0,0.0,16.8,16.8,68.4,1149.12,0,0,0,0.0,196,0,HIGH
MED-010,Tablet,Antihistamine,24.3,76.3,20.0,25.0,0.0,0.0,0.0,1.9,0.0,0,0,0,0.0,504,0,LOW
MED-009,Tablet,Analgesic / NSAID,24.1,57.6,20.0,25.0,0.0,0.0,0.0,1.4,0.0,0,0,0,0.0,360,0,LOW
MED-001,Tablet,Analgesic / Antipyretic,30.9,37.0,20.0,25.0,0.0,5.9,5.9,30.1,177.59,0,0,0,0.0,187,0,HIGH
MED-011,Tablet,Antihypertensive (ARB),35.4,71.3,15.0,30.0,0.0,5.4,5.4,11.7,63.18,0,0,0,0.0,127,0,MODERATE
MED-015,Subcutaneous Injection,Endocrine (Hormone),3.3,53.8,2.0,8.0,0.0,0.0,0.0,1.2,0.0,1,1,0,0.0,288,0,LOW
MED-006,Delayed-Release Capsule,Gastrointestinal (PPI),17.1,66.9,15.0,30.0,0.0,0.0,0.0,2.9,0.0,0,0,0,0.0,534,0,LOW
MED-011,Tablet,Antihypertensive (ARB),37.8,28.7,15.0,30.0,0.0,7.8,7.8,6.4,49.92,0,0,0,0.0,466,0,MODERATE
MED-020,Tablet,Antidepressant (SSRI),20.8,65.0,20.0,25.0,0.0,0.0,0.0,0.7,0.0,0,0,0,0.0,415,0,LOW
MED-006,Delayed-Release Capsule,Gastrointestinal (PPI),45.3,33.6,15.0,30.0,0.0,15.3,15.3,20.5,313.65,0,0,0,0.0,124,0,HIGH
MED-015,Subcutaneous Injection,Endocrine (Hormone),8.3,62.0,2.0,8.0,0.0,0.3,0.3,3.3,0.99,1,1,0,0.0,369,0,LOW
MED-004,Tablet,Antidiabetic (Biguanide),16.3,65.7,20.0,25.0,3.7,0.0,3.7,11.3,41.81,0,0,0,0.0,145,0,MODERATE
MED-009,Tablet,Analgesic / NSAID,18.4,71.3,20.0,25.0,1.6,0.0,1.6,17.1,27.36,0,0,0,0.0,313,0,MODERATE
MED-024,Tablet,Corticosteroid / Anti-inflammatory,32.0,68.3,20.0,25.0,0.0,7.0,7.0,13.2,92.4,0,0,0,0.0,363,0,MODERATE
MED-024,Tablet,Corticosteroid / Anti-inflammatory,27.1,76.2,20.0,25.0,0.0,2.1,2.1,33.4,70.14,0,0,0,0.0,426,0,MODERATE
MED-003,Tablet,Antibiotic (Beta-lactamase inhibitor),38.3,78.5,15.0,25.0,0.0,13.3,13.3,10.8,143.64,0,0,0,0.0,302,0,HIGH
MED-018,Capsule,Antibiotic (Tetracycline),39.1,29.0,20.0,25.0,0.0,14.1,14.1,45.4,640.14,0,0,0,0.0,130,0,HIGH
MED-003,Tablet,Antibiotic (Beta-lactamase inhibitor),30.6,60.5,15.0,25.0,0.0,5.6,5.6,9.5,53.2,0,0,0,0.0,87,0,MODERATE
MED-019,Delayed-Release Tablet,Gastrointestinal (PPI),16.0,49.6,20.0,25.0,4.0,0.0,4.0,3.7,14.8,0,0,0,0.0,151,0,LOW
MED-012,Tablet,Antihypertensive (CCB),16.5,47.9,15.0,30.0,0.0,0.0,0.0,20.4,0.0,0,0,0,0.0,592,0,LOW
MED-019,Delayed-Release Tablet,Gastrointestinal (PPI),15.6,23.3,20.0,25.0,4.4,0.0,4.4,7.9,34.76,0,0,0,0.0,143,0,MODERATE
MED-016,Inhalation Aerosol,Respiratory (Bronchodilator),28.4,49.6,15.0,25.0,0.0,3.4,3.4,4.8,16.32,0,1,0,0.0,200,0,LOW
MED-005,Tablet,Antihyperlipidemic (Statin),28.2,68.2,20.0,25.0,0.0,3.2,3.2,5.9,18.88,0,0,0,0.0,197,0,LOW
MED-021,Tablet,Respiratory (Leukotriene Antagonist),35.0,50.1,15.0,30.0,0.0,5.0,5.0,2.6,13.0,0,0,0,0.0,278,0,MODERATE
MED-020,Tablet,Antidepressant (SSRI),23.5,68.1,20.0,25.0,0.0,0.0,0.0,0.2,0.0,0,0,0,0.0,718,0,LOW
MED-009,Tablet,Analgesic / NSAID,29.0,79.2,20.0,25.0,0.0,4.0,4.0,6.4,25.6,0,0,0,0.0,233,0,MODERATE
MED-003,Tablet,Antibiotic (Beta-lactamase inhibitor),31.2,39.5,15.0,25.0,0.0,6.2,6.2,15.2,94.24,0,0,0,0.0,200,0,MODERATE
MED-001,Tablet,Analgesic / Antipyretic,25.9,80.8,20.0,25.0,0.0,0.9,0.9,23.4,21.06,0,0,0,0.0,457,0,MODERATE
MED-005,Tablet,Antihyperlipidemic (Statin),21.4,65.2,20.0,25.0,0.0,0.0,0.0,3.3,0.0,0,0,0,0.0,69,0,LOW
MED-008,Tablet,Antibiotic (Fluoroquinolone),25.5,35.0,20.0,25.0,0.0,0.5,0.5,5.6,2.8,0,0,0,0.0,486,0,LOW
MED-008,Tablet,Antibiotic (Fluoroquinolone),24.6,59.1,20.0,25.0,0.0,0.0,0.0,5.6,0.0,0,0,0,0.0,431,0,LOW
MED-011,Tablet,Antihypertensive (ARB),20.8,20.4,15.0,30.0,0.0,0.0,0.0,0.5,0.0,0,0,0,0.0,47,1,LOW
MED-010,Tablet,Antihistamine,22.4,37.2,20.0,25.0,0.0,0.0,0.0,3.6,0.0,0,0,0,0.0,437,0,LOW
MED-017,Nasal Spray Suspension,Corticosteroid / Allergy,30.0,83.1,4.0,30.0,0.0,0.0,0.0,32.5,0.0,0,1,0,0.0,392,0,LOW
MED-016,Inhalation Aerosol,Respiratory (Bronchodilator),20.6,66.9,15.0,25.0,0.0,0.0,0.0,3.7,0.0,0,1,0,0.0,387,0,LOW
MED-011,Tablet,Antihypertensive (ARB),28.1,20.4,15.0,30.0,0.0,0.0,0.0,35.6,0.0,0,0,0,0.0,62,0,LOW
MED-005,Tablet,Antihyperlipidemic (Statin),16.9,22.6,20.0,25.0,3.1,0.0,3.1,4.8,14.88,0,0,0,0.0,367,0,LOW
MED-002,Capsule,Antibiotic (Penicillin),-2.7,21.1,20.0,25.0,22.7,0.0,22.7,64.9,1473.23,0,0,0,0.0,64,0,HIGH
MED-002,Capsule,Antibiotic (Penicillin),30.2,32.6,20.0,25.0,0.0,5.2,5.2,10.8,56.16,0,0,0,0.0,154,0,MODERATE
MED-016,Inhalation Aerosol,Respiratory (Bronchodilator),42.7,33.7,15.0,25.0,0.0,17.7,17.7,17.1,302.67,0,1,0,0.0,222,0,HIGH
MED-008,Tablet,Antibiotic (Fluoroquinolone),35.7,40.7,20.0,25.0,0.0,10.7,10.7,51.6,552.12,0,0,0,0.0,63,0,HIGH
MED-012,Tablet,Antihypertensive (CCB),11.9,80.7,15.0,30.0,3.1,0.0,3.1,9.9,30.69,0,0,0,0.0,131,0,MODERATE
MED-023,Capsule,Anticonvulsant / Neuropathic,44.1,83.9,15.0,30.0,0.0,14.1,14.1,10.7,150.87,0,0,0,0.0,132,0,HIGH
MED-017,Nasal Spray Suspension,Corticosteroid / Allergy,5.4,21.1,4.0,30.0,0.0,0.0,0.0,24.0,0.0,0,1,0,0.0,426,0,LOW
MED-016,Inhalation Aerosol,Respiratory (Bronchodilator),12.8,58.7,15.0,25.0,2.2,0.0,2.2,22.4,49.28,0,1,0,0.0,287,0,MODERATE
MED-019,Delayed-Release Tablet,Gastrointestinal (PPI),46.3,84.8,20.0,25.0,0.0,21.3,21.3,18.1,385.53,0,0,0,0.0,304,0,HIGH
MED-018,Capsule,Antibiotic (Tetracycline),30.6,50.2,20.0,25.0,0.0,5.6,5.6,15.1,84.56,0,0,0,0.0,474,0,MODERATE
MED-018,Capsule,Antibiotic (Tetracycline),27.6,28.3,20.0,25.0,0.0,2.6,2.6,11.2,29.12,0,0,0,0.0,30,1,MODERATE
MED-012,Tablet,Antihypertensive (CCB),38.3,51.7,15.0,30.0,0.0,8.3,8.3,10.5,87.15,0,0,0,0.0,355,0,MODERATE
MED-019,Delayed-Release Tablet,Gastrointestinal (PPI),30.9,71.9,20.0,25.0,0.0,5.9,5.9,17.7,104.43,0,0,0,0.0,44,1,HIGH
MED-006,Delayed-Release Capsule,Gastrointestinal (PPI),37.1,59.5,15.0,30.0,0.0,7.1,7.1,4.6,32.66,0,0,0,0.0,329,0,MODERATE
MED-001,Tablet,Analgesic / Antipyretic,26.3,73.1,20.0,25.0,0.0,1.3,1.3,8.0,10.4,0,0,0,0.0,28,1,MODERATE
MED-006,Delayed-Release Capsule,Gastrointestinal (PPI),28.8,46.3,15.0,30.0,0.0,0.0,0.0,24.3,0.0,0,0,0,0.0,179,0,LOW
MED-010,Tablet,Antihistamine,20.2,27.7,20.0,25.0,0.0,0.0,0.0,18.8,0.0,0,0,0,0.0,418,0,LOW
MED-012,Tablet,Antihypertensive (CCB),38.6,59.4,15.0,30.0,0.0,8.6,8.6,62.2,534.92,0,0,0,0.0,11,1,HIGH
MED-013,Tablet,Endocrine (Thyroid Hormone),34.6,82.3,15.0,30.0,0.0,4.6,4.6,12.8,58.88,0,0,0,0.0,543,0,MODERATE
MED-011,Tablet,Antihypertensive (ARB),16.7,32.6,15.0,30.0,0.0,0.0,0.0,9.3,0.0,0,0,0,0.0,63,0,LOW
MED-016,Inhalation Aerosol,Respiratory (Bronchodilator),15.5,54.1,15.0,25.0,0.0,0.0,0.0,3.1,0.0,0,1,0,0.0,591,0,LOW
MED-009,Tablet,Analgesic / NSAID,43.6,30.6,20.0,25.0,0.0,18.6,18.6,37.0,688.2,0,0,0,0.0,238,0,HIGH
MED-016,Inhalation Aerosol,Respiratory (Bronchodilator),26.9,75.9,15.0,25.0,0.0,1.9,1.9,7.5,14.25,0,1,0,0.0,273,0,LOW
MED-021,Tablet,Respiratory (Leukotriene Antagonist),16.8,28.3,15.0,30.0,0.0,0.0,0.0,5.3,0.0,0,0,0,0.0,439,0,LOW
MED-020,Tablet,Antidepressant (SSRI),23.6,43.7,20.0,25.0,0.0,0.0,0.0,0.2,0.0,0,0,0,0.0,199,0,LOW
MED-005,Tablet,Antihyperlipidemic (Statin),29.1,45.4,20.0,25.0,0.0,4.1,4.1,7.1,29.11,0,0,0,0.0,413,0,MODERATE
MED-022,Tablet,Antiplatelet / Hematologic,39.5,32.2,15.0,30.0,0.0,9.5,9.5,32.9,312.55,0,0,0,0.0,108,0,HIGH
MED-012,Tablet,Antihypertensive (CCB),13.6,27.7,15.0,30.0,1.4,0.0,1.4,23.3,32.62,0,0,0,0.0,353,0,MODERATE
MED-011,Tablet,Antihypertensive (ARB),32.8,82.6,15.0,30.0,0.0,2.8,2.8,12.9,36.12,0,0,0,0.0,294,0,MODERATE
MED-003,Tablet,Antibiotic (Beta-lactamase inhibitor),26.6,31.0,15.0,25.0,0.0,1.6,1.6,13.2,21.12,0,0,0,0.0,251,0,MODERATE
MED-002,Capsule,Antibiotic (Penicillin),23.1,21.1,20.0,25.0,0.0,0.0,0.0,3.3,0.0,0,0,0,0.0,131,0,LOW
MED-019,Delayed-Release Tablet,Gastrointestinal (PPI),20.7,31.7,20.0,25.0,0.0,0.0,0.0,3.4,0.0,0,0,0,0.0,498,0,LOW
MED-020,Tablet,Antidepressant (SSRI),21.7,79.7,20.0,25.0,0.0,0.0,0.0,3.7,0.0,0,0,0,0.0,465,0,LOW
MED-011,Tablet,Antihypertensive (ARB),21.7,50.6,15.0,30.0,0.0,0.0,0.0,0.5,0.0,0,0,0,0.0,583,0,LOW
MED-021,Tablet,Respiratory (Leukotriene Antagonist),35.9,47.6,15.0,30.0,0.0,5.9,5.9,22.7,133.93,0,0,0,0.0,130,0,HIGH
MED-013,Tablet,Endocrine (Thyroid Hormone),45.4,80.5,15.0,30.0,0.0,15.4,15.4,8.1,124.74,0,0,0,0.0,38,1,HIGH
MED-015,Subcutaneous Injection,Endocrine (Hormone),13.7,37.9,2.0,8.0,0.0,5.7,5.7,4.5,25.65,1,1,0,0.0,196,0,MODERATE
MED-024,Tablet,Corticosteroid / Anti-inflammatory,22.6,61.5,20.0,25.0,0.0,0.0,0.0,1.0,0.0,0,0,0,0.0,592,0,LOW
MED-014,Subcutaneous Injection,Endocrine (Hormone),36.0,83.5,2.0,8.0,0.0,28.0,28.0,23.6,660.8,1,1,0,0.0,45,0,HIGH
MED-001,Tablet,Analgesic / Antipyretic,21.5,44.1,20.0,25.0,0.0,0.0,0.0,11.3,0.0,0,0,0,0.0,162,0,LOW
MED-005,Tablet,Antihyperlipidemic (Statin),36.4,77.3,20.0,25.0,0.0,11.4,11.4,62.3,710.22,0,0,0,0.0,141,0,HIGH
MED-006,Delayed-Release Capsule,Gastrointestinal (PPI),16.9,37.5,15.0,30.0,0.0,0.0,0.0,3.1,0.0,0,0,0,0.0,410,0,LOW
MED-009,Tablet,Analgesic / NSAID,16.5,38.3,20.0,25.0,3.5,0.0,3.5,23.4,81.9,0,0,0,0.0,554,0,MODERATE
MED-009,Tablet,Analgesic / NSAID,22.9,44.5,20.0,25.0,0.0,0.0,0.0,2.3,0.0,0,0,0,0.0,299,0,LOW
MED-023,Capsule,Anticonvulsant / Neuropathic,45.2,30.7,15.0,30.0,0.0,15.2,15.2,13.4,203.68,0,0,0,0.0,17,1,HIGH
MED-005,Tablet,Antihyperlipidemic (Statin),18.3,46.9,20.0,25.0,1.7,0.0,1.7,13.4,22.78,0,0,0,0.0,87,0,MODERATE
MED-019,Delayed-Release Tablet,Gastrointestinal (PPI),22.6,40.2,20.0,25.0,0.0,0.0,0.0,1.6,0.0,0,0,0,0.0,440,0,LOW
MED-007,Tablet,Antibiotic (Macrolide),22.4,25.2,15.0,30.0,0.0,0.0,0.0,3.6,0.0,0,0,0,0.0,701,0,LOW
MED-012,Tablet,Antihypertensive (CCB),42.7,41.5,15.0,30.0,0.0,12.7,12.7,21.5,273.05,0,0,0,0.0,270,0,HIGH
MED-016,Inhalation Aerosol,Respiratory (Bronchodilator),26.4,56.6,15.0,25.0,0.0,1.4,1.4,15.4,21.56,0,1,0,0.0,114,0,MODERATE
MED-016,Inhalation Aerosol,Respiratory (Bronchodilator),24.8,34.9,15.0,25.0,0.0,0.0,0.0,32.9,0.0,0,1,0,0.0,154,0,LOW
MED-021,Tablet,Respiratory (Leukotriene Antagonist),38.7,79.2,15.0,30.0,0.0,8.7,8.7,49.5,430.65,0,0,0,0.0,23,1,HIGH
MED-015,Subcutaneous Injection,Endocrine (Hormone),3.0,54.4,2.0,8.0,0.0,0.0,0.0,20.9,0.0,1,1,0,0.0,351,0,LOW
MED-017,Nasal Spray Suspension,Corticosteroid / Allergy,-0.3,82.9,4.0,30.0,4.3,0.0,4.3,4.6,19.78,0,1,0,0.0,286,0,HIGH
MED-016,Inhalation Aerosol,Respiratory (Bronchodilator),-4.1,76.5,15.0,25.0,19.1,0.0,19.1,23.0,439.3,0,1,0,0.0,94,0,HIGH
MED-020,Tablet,Antidepressant (SSRI),23.9,59.9,20.0,25.0,0.0,0.0,0.0,31.2,0.0,0,0,0,0.0,26,1,LOW
MED-016,Inhalation Aerosol,Respiratory (Bronchodilator),24.7,39.5,15.0,25.0,0.0,0.0,0.0,0.9,0.0,0,1,0,0.0,130,0,LOW
MED-024,Tablet,Corticosteroid / Anti-inflammatory,29.8,78.3,20.0,25.0,0.0,4.8,4.8,2.9,13.92,0,0,0,0.0,263,0,LOW
MED-008,Tablet,Antibiotic (Fluoroquinolone),44.4,33.7,20.0,25.0,0.0,19.4,19.4,36.0,698.4,0,0,0,0.0,124,0,HIGH
MED-016,Inhalation Aerosol,Respiratory (Bronchodilator),44.3,61.7,15.0,25.0,0.0,19.3,19.3,62.8,1212.04,0,1,0,0.0,146,0,HIGH
MED-025,Tablet,Diuretic / Antihypertensive,24.2,51.9,15.0,30.0,0.0,0.0,0.0,2.6,0.0,0,0,0,0.0,670,0,LOW
MED-001,Tablet,Analgesic / Antipyretic,24.7,70.9,20.0,25.0,0.0,0.0,0.0,2.5,0.0,0,0,0,0.0,403,0,LOW
MED-019,Delayed-Release Tablet,Gastrointestinal (PPI),21.5,71.0,20.0,25.0,0.0,0.0,0.0,22.6,0.0,0,0,0,0.0,387,0,LOW
MED-025,Tablet,Diuretic / Antihypertensive,33.2,39.4,15.0,30.0,0.0,3.2,3.2,2.8,8.96,0,0,0,0.0,175,0,LOW
MED-002,Capsule,Antibiotic (Penicillin),17.9,49.0,20.0,25.0,2.1,0.0,2.1,7.9,16.59,0,0,0,0.0,169,0,LOW
MED-015,Subcutaneous Injection,Endocrine (Hormone),23.5,32.9,2.0,8.0,0.0,15.5,15.5,29.0,449.5,1,1,0,0.0,286,0,HIGH
MED-010,Tablet,Antihistamine,26.1,33.9,20.0,25.0,0.0,1.1,1.1,31.4,34.54,0,0,0,0.0,506,0,MODERATE
MED-007,Tablet,Antibiotic (Macrolide),32.8,36.4,15.0,30.0,0.0,2.8,2.8,15.3,42.84,0,0,0,0.0,463,0,MODERATE
MED-002,Capsule,Antibiotic (Penicillin),33.8,25.2,20.0,25.0,0.0,8.8,8.8,49.5,435.6,0,0,0,0.0,38,1,HIGH
MED-025,Tablet,Diuretic / Antihypertensive,40.6,74.2,15.0,30.0,0.0,10.6,10.6,67.8,718.68,0,0,0,0.0,142,0,HIGH
MED-004,Tablet,Antidiabetic (Biguanide),25.5,24.9,20.0,25.0,0.0,0.5,0.5,20.9,10.45,0,0,0,0.0,573,0,LOW
MED-007,Tablet,Antibiotic (Macrolide),24.0,62.6,15.0,30.0,0.0,0.0,0.0,3.0,0.0,0,0,0,0.0,207,0,LOW
MED-007,Tablet,Antibiotic (Macrolide),30.5,48.4,15.0,30.0,0.0,0.5,0.5,8.3,4.15,0,0,0,0.0,167,0,LOW
MED-001,Tablet,Analgesic / Antipyretic,35.5,65.5,20.0,25.0,0.0,10.5,10.5,49.6,520.8,0,0,0,0.0,255,0,HIGH
MED-009,Tablet,Analgesic / NSAID,37.0,48.5,20.0,25.0,0.0,12.0,12.0,38.7,464.4,0,0,0,0.0,249,0,HIGH
MED-020,Tablet,Antidepressant (SSRI),29.5,52.7,20.0,25.0,0.0,4.5,4.5,3.5,15.75,0,0,0,0.0,162,0,LOW
MED-010,Tablet,Antihistamine,34.5,57.5,20.0,25.0,0.0,9.5,9.5,70.0,665.0,0,0,0,0.0,145,0,HIGH
MED-017,Nasal Spray Suspension,Corticosteroid / Allergy,43.8,46.3,4.0,30.0,0.0,13.8,13.8,61.6,850.08,0,1,0,0.0,186,0,HIGH
MED-020,Tablet,Antidepressant (SSRI),32.4,64.2,20.0,25.0,0.0,7.4,7.4,11.9,88.06,0,0,0,0.0,192,0,MODERATE
MED-003,Tablet,Antibiotic (Beta-lactamase inhibitor),26.4,53.2,15.0,25.0,0.0,1.4,1.4,2.5,3.5,0,0,0,0.0,245,0,LOW
MED-023,Capsule,Anticonvulsant / Neuropathic,30.5,63.5,15.0,30.0,0.0,0.5,0.5,35.3,17.65,0,0,0,0.0,108,0,LOW
MED-014,Subcutaneous Injection,Endocrine (Hormone),-2.4,33.9,2.0,8.0,4.4,0.0,4.4,3.6,15.84,1,1,0,0.0,61,0,HIGH
MED-012,Tablet,Antihypertensive (CCB),18.6,56.9,15.0,30.0,0.0,0.0,0.0,1.0,0.0,0,0,0,0.0,344,0,LOW
MED-004,Tablet,Antidiabetic (Biguanide),-2.4,69.0,20.0,25.0,22.4,0.0,22.4,60.8,1361.92,0,0,0,0.0,58,1,HIGH
MED-001,Tablet,Analgesic / Antipyretic,26.9,29.5,20.0,25.0,0.0,1.9,1.9,11.3,21.47,0,0,0,0.0,447,0,MODERATE
MED-016,Inhalation Aerosol,Respiratory (Bronchodilator),23.2,37.0,15.0,25.0,0.0,0.0,0.0,5.8,0.0,0,1,0,0.0,210,0,LOW
MED-022,Tablet,Antiplatelet / Hematologic,10.2,40.2,15.0,30.0,4.8,0.0,4.8,6.7,32.16,0,0,0,0.0,148,0,MODERATE
MED-021,Tablet,Respiratory (Leukotriene Antagonist),33.6,51.9,15.0,30.0,0.0,3.6,3.6,5.1,18.36,0,0,0,0.0,308,0,LOW
MED-016,Inhalation Aerosol,Respiratory (Bronchodilator),20.6,51.9,15.0,25.0,0.0,0.0,0.0,2.2,0.0,0,1,0,0.0,478,0,LOW
MED-001,Tablet,Analgesic / Antipyretic,37.1,52.3,20.0,25.0,0.0,12.1,12.1,20.7,250.47,0,0,0,0.0,205,0,HIGH
MED-002,Capsule,Antibiotic (Penicillin),24.0,62.6,20.0,25.0,0.0,0.0,0.0,2.9,0.0,0,0,0,0.0,596,0,LOW
MED-010,Tablet,Antihistamine,29.6,20.5,20.0,25.0,0.0,4.6,4.6,16.5,75.9,0,0,0,0.0,384,0,MODERATE
MED-016,Inhalation Aerosol,Respiratory (Bronchodilator),-0.8,66.5,15.0,25.0,15.8,0.0,15.8,24.6,388.68,0,1,0,0.0,202,0,HIGH
MED-012,Tablet,Antihypertensive (CCB),31.5,26.0,15.0,30.0,0.0,1.5,1.5,12.1,18.15,0,0,0,0.0,329,0,LOW
MED-010,Tablet,Antihistamine,17.3,62.9,20.0,25.0,2.7,0.0,2.7,22.8,61.56,0,0,0,0.0,549,0,MODERATE
MED-006,Delayed-Release Capsule,Gastrointestinal (PPI),12.5,35.8,15.0,30.0,2.5,0.0,2.5,18.5,46.25,0,0,0,0.0,568,0,MODERATE
MED-021,Tablet,Respiratory (Leukotriene Antagonist),46.2,78.1,15.0,30.0,0.0,16.2,16.2,67.2,1088.64,0,0,0,0.0,345,0,HIGH
MED-019,Delayed-Release Tablet,Gastrointestinal (PPI),29.0,53.8,20.0,25.0,0.0,4.0,4.0,22.5,90.0,0,0,0,0.0,565,0,MODERATE
MED-024,Tablet,Corticosteroid / Anti-inflammatory,24.0,25.1,20.0,25.0,0.0,0.0,0.0,2.8,0.0,0,0,0,0.0,173,0,LOW
MED-023,Capsule,Anticonvulsant / Neuropathic,15.0,55.0,15.0,30.0,0.0,0.0,0.0,3.7,0.0,0,0,0,0.0,476,0,LOW
MED-020,Tablet,Antidepressant (SSRI),37.0,54.1,20.0,25.0,0.0,12.0,12.0,33.4,400.8,0,0,0,0.0,39,1,HIGH
MED-023,Capsule,Anticonvulsant / Neuropathic,25.8,37.2,15.0,30.0,0.0,0.0,0.0,2.9,0.0,0,0,0,0.0,597,0,LOW
MED-013,Tablet,Endocrine (Thyroid Hormone),26.0,78.4,15.0,30.0,0.0,0.0,0.0,2.2,0.0,0,0,0,0.0,194,0,LOW
MED-022,Tablet,Antiplatelet / Hematologic,32.2,53.3,15.0,30.0,0.0,2.2,2.2,17.1,37.62,0,0,0,0.0,369,0,MODERATE
MED-025,Tablet,Diuretic / Antihypertensive,11.3,52.3,15.0,30.0,3.7,0.0,3.7,16.7,61.79,0,0,0,0.0,330,0,MODERATE
MED-017,Nasal Spray Suspension,Corticosteroid / Allergy,35.9,38.7,4.0,30.0,0.0,5.9,5.9,12.4,73.16,0,1,0,0.0,420,0,MODERATE
MED-014,Subcutaneous Injection,Endocrine (Hormone),13.3,42.0,2.0,8.0,0.0,5.3,5.3,1.0,5.3,1,1,0,0.0,452,0,MODERATE
MED-025,Tablet,Diuretic / Antihypertensive,23.0,33.7,15.0,30.0,0.0,0.0,0.0,2.5,0.0,0,0,0,0.0,580,0,LOW
MED-007,Tablet,Antibiotic (Macrolide),28.2,22.7,15.0,30.0,0.0,0.0,0.0,33.7,0.0,0,0,0,0.0,442,0,LOW
MED-009,Tablet,Analgesic / NSAID,37.5,84.4,20.0,25.0,0.0,12.5,12.5,70.3,878.75,0,0,0,0.0,173,0,HIGH
MED-013,Tablet,Endocrine (Thyroid Hormone),44.7,46.0,15.0,30.0,0.0,14.7,14.7,17.1,251.37,0,0,0,0.0,142,0,HIGH
MED-011,Tablet,Antihypertensive (ARB),25.3,50.9,15.0,30.0,0.0,0.0,0.0,2.6,0.0,0,0,0,0.0,257,0,LOW
MED-019,Delayed-Release Tablet,Gastrointestinal (PPI),43.3,79.2,20.0,25.0,0.0,18.3,18.3,32.8,600.24,0,0,0,0.0,335,0,HIGH
MED-014,Subcutaneous Injection,Endocrine (Hormone),25.9,84.2,2.0,8.0,0.0,17.9,17.9,10.7,191.53,1,1,0,0.0,75,0,HIGH
MED-020,Tablet,Antidepressant (SSRI),34.0,37.2,20.0,25.0,0.0,9.0,9.0,60.6,545.4,0,0,0,0.0,233,0,HIGH
MED-008,Tablet,Antibiotic (Fluoroquinolone),30.9,79.7,20.0,25.0,0.0,5.9,5.9,3.8,22.42,0,0,0,0.0,577,0,MODERATE
MED-008,Tablet,Antibiotic (Fluoroquinolone),23.2,63.3,20.0,25.0,0.0,0.0,0.0,1.8,0.0,0,0,0,0.0,502,0,LOW
MED-007,Tablet,Antibiotic (Macrolide),18.7,79.7,15.0,30.0,0.0,0.0,0.0,1.8,0.0,0,0,0,0.0,89,0,LOW
MED-010,Tablet,Antihistamine,20.6,58.9,20.0,25.0,0.0,0.0,0.0,22.4,0.0,0,0,0,0.0,46,1,LOW
MED-022,Tablet,Antiplatelet / Hematologic,16.1,22.7,15.0,30.0,0.0,0.0,0.0,3.4,0.0,0,0,0,0.0,392,0,LOW
MED-009,Tablet,Analgesic / NSAID,19.0,30.8,20.0,25.0,1.0,0.0,1.0,23.9,23.9,0,0,0,0.0,469,0,MODERATE
MED-001,Tablet,Analgesic / Antipyretic,30.9,62.9,20.0,25.0,0.0,5.9,5.9,15.7,92.63,0,0,0,0.0,90,0,MODERATE
MED-003,Tablet,Antibiotic (Beta-lactamase inhibitor),19.4,37.9,15.0,25.0,0.0,0.0,0.0,1.2,0.0,0,0,0,0.0,510,0,LOW
MED-004,Tablet,Antidiabetic (Biguanide),26.0,54.7,20.0,25.0,0.0,1.0,1.0,10.8,10.8,0,0,0,0.0,10,1,MODERATE
MED-005,Tablet,Antihyperlipidemic (Statin),29.6,77.4,20.0,25.0,0.0,4.6,4.6,2.1,9.66,0,0,0,0.0,196,0,LOW
MED-013,Tablet,Endocrine (Thyroid Hormone),15.6,25.7,15.0,30.0,0.0,0.0,0.0,15.8,0.0,0,0,0,0.0,293,0,LOW
MED-022,Tablet,Antiplatelet / Hematologic,16.4,53.1,15.0,30.0,0.0,0.0,0.0,2.7,0.0,0,0,0,0.0,569,0,LOW
MED-003,Tablet,Antibiotic (Beta-lactamase inhibitor),29.7,74.6,15.0,25.0,0.0,4.7,4.7,11.7,54.99,0,0,0,0.0,241,0,MODERATE
MED-008,Tablet,Antibiotic (Fluoroquinolone),21.5,42.9,20.0,25.0,0.0,0.0,0.0,0.0,0.0,0,0,0,0.0,177,0,LOW
MED-025,Tablet,Diuretic / Antihypertensive,42.3,67.4,15.0,30.0,0.0,12.3,12.3,52.6,646.98,0,0,0,0.0,250,0,HIGH
MED-018,Capsule,Antibiotic (Tetracycline),21.3,56.4,20.0,25.0,0.0,0.0,0.0,13.8,0.0,0,0,0,0.0,237,0,LOW
MED-025,Tablet,Diuretic / Antihypertensive,35.6,41.9,15.0,30.0,0.0,5.6,5.6,9.6,53.76,0,0,0,0.0,151,0,MODERATE
MED-009,Tablet,Analgesic / NSAID,24.8,76.6,20.0,25.0,0.0,0.0,0.0,1.2,0.0,0,0,0,0.0,523,0,LOW
MED-017,Nasal Spray Suspension,Corticosteroid / Allergy,5.0,64.6,4.0,30.0,0.0,0.0,0.0,9.2,0.0,0,1,0,0.0,588,0,LOW
MED-009,Tablet,Analgesic / NSAID,19.0,54.9,20.0,25.0,1.0,0.0,1.0,5.0,5.0,0,0,0,0.0,13,1,LOW
MED-012,Tablet,Antihypertensive (CCB),28.0,84.8,15.0,30.0,0.0,0.0,0.0,16.7,0.0,0,0,0,0.0,326,0,LOW
MED-017,Nasal Spray Suspension,Corticosteroid / Allergy,32.7,72.6,4.0,30.0,0.0,2.7,2.7,3.8,10.26,0,1,0,0.0,195,0,LOW
MED-009,Tablet,Analgesic / NSAID,30.5,49.3,20.0,25.0,0.0,5.5,5.5,26.3,144.65,0,0,0,0.0,440,0,HIGH
MED-009,Tablet,Analgesic / NSAID,17.4,25.4,20.0,25.0,2.6,0.0,2.6,23.1,60.06,0,0,0,0.0,250,0,MODERATE
MED-015,Subcutaneous Injection,Endocrine (Hormone),2.3,20.6,2.0,8.0,0.0,0.0,0.0,1.4,0.0,1,1,0,0.0,664,0,LOW
MED-003,Tablet,Antibiotic (Beta-lactamase inhibitor),28.7,38.6,15.0,25.0,0.0,3.7,3.7,3.4,12.58,0,0,0,0.0,99,0,LOW
MED-007,Tablet,Antibiotic (Macrolide),17.3,25.6,15.0,30.0,0.0,0.0,0.0,2.9,0.0,0,0,0,0.0,412,0,LOW
MED-012,Tablet,Antihypertensive (CCB),36.9,27.0,15.0,30.0,0.0,6.9,6.9,22.0,151.8,0,0,0,0.0,513,0,HIGH
MED-023,Capsule,Anticonvulsant / Neuropathic,45.7,31.8,15.0,30.0,0.0,15.7,15.7,21.2,332.84,0,0,0,0.0,300,0,HIGH
MED-020,Tablet,Antidepressant (SSRI),26.8,81.9,20.0,25.0,0.0,1.8,1.8,13.8,24.84,0,0,0,0.0,124,0,MODERATE
MED-021,Tablet,Respiratory (Leukotriene Antagonist),34.9,83.7,15.0,30.0,0.0,4.9,4.9,5.5,26.95,0,0,0,0.0,170,0,MODERATE
MED-013,Tablet,Endocrine (Thyroid Hormone),33.7,83.6,15.0,30.0,0.0,3.7,3.7,5.1,18.87,0,0,0,0.0,291,0,LOW
MED-012,Tablet,Antihypertensive (CCB),16.0,74.0,15.0,30.0,0.0,0.0,0.0,6.5,0.0,0,0,0,0.0,124,0,LOW
MED-019,Delayed-Release Tablet,Gastrointestinal (PPI),39.0,63.4,20.0,25.0,0.0,14.0,14.0,56.9,796.6,0,0,0,0.0,48,1,HIGH
MED-024,Tablet,Corticosteroid / Anti-inflammatory,-1.1,70.0,20.0,25.0,21.1,0.0,21.1,20.4,430.44,0,0,0,0.0,141,0,HIGH
MED-005,Tablet,Antihyperlipidemic (Statin),24.3,84.5,20.0,25.0,0.0,0.0,0.0,0.5,0.0,0,0,0,0.0,699,0,LOW
MED-025,Tablet,Diuretic / Antihypertensive,33.4,51.1,15.0,30.0,0.0,3.4,3.4,6.6,22.44,0,0,0,0.0,580,0,MODERATE
MED-010,Tablet,Antihistamine,21.8,36.9,20.0,25.0,0.0,0.0,0.0,5.3,0.0,0,0,0,0.0,163,0,LOW
MED-014,Subcutaneous Injection,Endocrine (Hormone),4.9,25.8,2.0,8.0,0.0,0.0,0.0,0.9,0.0,1,1,0,0.0,165,0,LOW
MED-001,Tablet,Analgesic / Antipyretic,34.8,76.5,20.0,25.0,0.0,9.8,9.8,20.6,201.88,0,0,0,0.0,87,0,HIGH
MED-001,Tablet,Analgesic / Antipyretic,45.7,42.7,20.0,25.0,0.0,20.7,20.7,71.7,1484.19,0,0,0,0.0,307,0,HIGH
MED-022,Tablet,Antiplatelet / Hematologic,18.0,29.6,15.0,30.0,0.0,0.0,0.0,3.3,0.0,0,0,0,0.0,475,0,LOW
MED-015,Subcutaneous Injection,Endocrine (Hormone),7.9,79.0,2.0,8.0,0.0,0.0,0.0,2.1,0.0,1,1,0,0.0,160,0,LOW
MED-006,Delayed-Release Capsule,Gastrointestinal (PPI),28.8,35.7,15.0,30.0,0.0,0.0,0.0,2.1,0.0,0,0,0,0.0,139,0,LOW
MED-006,Delayed-Release Capsule,Gastrointestinal (PPI),16.8,40.0,15.0,30.0,0.0,0.0,0.0,3.1,0.0,0,0,0,0.0,639,0,LOW
MED-007,Tablet,Antibiotic (Macrolide),10.3,83.2,15.0,30.0,4.7,0.0,4.7,15.1,70.97,0,0,0,0.0,448,0,MODERATE
MED-003,Tablet,Antibiotic (Beta-lactamase inhibitor),31.3,47.5,15.0,25.0,0.0,6.3,6.3,14.1,88.83,0,0,0,0.0,335,0,MODERATE
MED-001,Tablet,Analgesic / Antipyretic,30.5,53.2,20.0,25.0,0.0,5.5,5.5,9.2,50.6,0,0,0,0.0,326,0,MODERATE
MED-002,Capsule,Antibiotic (Penicillin),20.9,71.3,20.0,25.0,0.0,0.0,0.0,1.1,0.0,0,0,0,0.0,291,0,LOW
MED-008,Tablet,Antibiotic (Fluoroquinolone),39.6,58.8,20.0,25.0,0.0,14.6,14.6,17.1,249.66,0,0,0,0.0,228,0,HIGH
MED-005,Tablet,Antihyperlipidemic (Statin),42.9,80.8,20.0,25.0,0.0,17.9,17.9,45.1,807.29,0,0,0,0.0,172,0,HIGH
MED-020,Tablet,Antidepressant (SSRI),21.6,53.3,20.0,25.0,0.0,0.0,0.0,9.0,0.0,0,0,0,0.0,125,0,LOW
MED-018,Capsule,Antibiotic (Tetracycline),26.7,40.3,20.0,25.0,0.0,1.7,1.7,10.2,17.34,0,0,0,0.0,160,0,LOW
MED-005,Tablet,Antihyperlipidemic (Statin),23.2,78.1,20.0,25.0,0.0,0.0,0.0,1.3,0.0,0,0,0,0.0,709,0,LOW
MED-022,Tablet,Antiplatelet / Hematologic,31.5,52.0,15.0,30.0,0.0,1.5,1.5,18.0,27.0,0,0,0,0.0,203,0,MODERATE
MED-004,Tablet,Antidiabetic (Biguanide),24.7,27.7,20.0,25.0,0.0,0.0,0.0,23.4,0.0,0,0,0,0.0,303,0,LOW
MED-018,Capsule,Antibiotic (Tetracycline),20.0,57.0,20.0,25.0,0.0,0.0,0.0,21.6,0.0,0,0,0,0.0,331,0,LOW
MED-007,Tablet,Antibiotic (Macrolide),32.1,77.4,15.0,30.0,0.0,2.1,2.1,21.0,44.1,0,0,0,0.0,518,0,MODERATE
MED-018,Capsule,Antibiotic (Tetracycline),20.2,39.8,20.0,25.0,0.0,0.0,0.0,3.7,0.0,0,0,0,0.0,52,1,LOW
MED-023,Capsule,Anticonvulsant / Neuropathic,36.5,32.8,15.0,30.0,0.0,6.5,6.5,17.7,115.05,0,0,0,0.0,584,0,MODERATE
MED-001,Tablet,Analgesic / Antipyretic,16.6,56.1,20.0,25.0,3.4,0.0,3.4,11.0,37.4,0,0,0,0.0,550,0,MODERATE
MED-014,Subcutaneous Injection,Endocrine (Hormone),10.4,69.5,2.0,8.0,0.0,2.4,2.4,4.4,10.56,1,1,0,0.0,260,0,LOW
MED-007,Tablet,Antibiotic (Macrolide),33.3,73.4,15.0,30.0,0.0,3.3,3.3,35.4,116.82,0,0,0,0.0,93,0,MODERATE
MED-022,Tablet,Antiplatelet / Hematologic,18.1,32.3,15.0,30.0,0.0,0.0,0.0,2.4,0.0,0,0,0,0.0,338,0,LOW
MED-014,Subcutaneous Injection,Endocrine (Hormone),9.6,78.6,2.0,8.0,0.0,1.6,1.6,2.3,3.68,1,1,0,0.0,130,0,LOW
MED-006,Delayed-Release Capsule,Gastrointestinal (PPI),11.5,21.9,15.0,30.0,3.5,0.0,3.5,22.7,79.45,0,0,0,0.0,553,0,MODERATE
MED-020,Tablet,Antidepressant (SSRI),-0.2,36.7,20.0,25.0,20.2,0.0,20.2,65.6,1325.12,0,0,0,0.0,331,0,HIGH
MED-017,Nasal Spray Suspension,Corticosteroid / Allergy,16.6,80.7,4.0,30.0,0.0,0.0,0.0,2.8,0.0,0,1,0,0.0,119,0,LOW
MED-015,Subcutaneous Injection,Endocrine (Hormone),-1.9,55.1,2.0,8.0,3.9,0.0,3.9,3.5,13.65,1,1,0,0.0,185,0,HIGH
MED-001,Tablet,Analgesic / Antipyretic,25.6,56.1,20.0,25.0,0.0,0.6,0.6,7.7,4.62,0,0,0,0.0,200,0,LOW
MED-015,Subcutaneous Injection,Endocrine (Hormone),-1.5,66.8,2.0,8.0,3.5,0.0,3.5,9.0,31.5,1,1,0,0.0,90,0,HIGH
MED-005,Tablet,Antihyperlipidemic (Statin),45.8,47.6,20.0,25.0,0.0,20.8,20.8,48.9,1017.12,0,0,0,0.0,214,0,HIGH
MED-010,Tablet,Antihistamine,46.6,73.8,20.0,25.0,0.0,21.6,21.6,45.3,978.48,0,0,0,0.0,38,1,HIGH
MED-019,Delayed-Release Tablet,Gastrointestinal (PPI),27.1,61.9,20.0,25.0,0.0,2.1,2.1,15.2,31.92,0,0,0,0.0,224,0,MODERATE
MED-011,Tablet,Antihypertensive (ARB),32.7,44.9,15.0,30.0,0.0,2.7,2.7,5.4,14.58,0,0,0,0.0,369,0,LOW
MED-019,Delayed-Release Tablet,Gastrointestinal (PPI),25.7,51.4,20.0,25.0,0.0,0.7,0.7,17.8,12.46,0,0,0,0.0,304,0,LOW
MED-005,Tablet,Antihyperlipidemic (Statin),18.9,64.7,20.0,25.0,1.1,0.0,1.1,2.0,2.2,0,0,0,0.0,438,0,LOW
MED-011,Tablet,Antihypertensive (ARB),23.7,37.0,15.0,30.0,0.0,0.0,0.0,2.3,0.0,0,0,0,0.0,339,0,LOW
MED-015,Subcutaneous Injection,Endocrine (Hormone),9.4,34.5,2.0,8.0,0.0,1.4,1.4,9.9,13.86,1,1,0,0.0,522,0,MODERATE
MED-005,Tablet,Antihyperlipidemic (Statin),26.7,28.5,20.0,25.0,0.0,1.7,1.7,4.0,6.8,0,0,0,0.0,367,0,LOW
MED-012,Tablet,Antihypertensive (CCB),16.9,56.8,15.0,30.0,0.0,0.0,0.0,20.7,0.0,0,0,0,0.0,583,0,LOW
MED-010,Tablet,Antihistamine,21.4,31.6,20.0,25.0,0.0,0.0,0.0,5.5,0.0,0,0,0,0.0,129,0,LOW
MED-005,Tablet,Antihyperlipidemic (Statin),15.7,40.8,20.0,25.0,4.3,0.0,4.3,16.4,70.52,0,0,0,0.0,118,0,MODERATE
MED-011,Tablet,Antihypertensive (ARB),41.6,51.4,15.0,30.0,0.0,11.6,11.6,48.2,559.12,0,0,0,0.0,138,0,HIGH
MED-024,Tablet,Corticosteroid / Anti-inflammatory,27.5,30.3,20.0,25.0,0.0,2.5,2.5,11.7,29.25,0,0,0,0.0,289,0,MODERATE
MED-020,Tablet,Antidepressant (SSRI),28.7,35.4,20.0,25.0,0.0,3.7,3.7,15.5,57.35,0,0,0,0.0,18,1,HIGH
MED-013,Tablet,Endocrine (Thyroid Hormone),13.1,25.2,15.0,30.0,1.9,0.0,1.9,8.7,16.53,0,0,0,0.0,378,0,LOW
MED-008,Tablet,Antibiotic (Fluoroquinolone),25.4,80.9,20.0,25.0,0.0,0.4,0.4,1.0,0.4,0,0,0,0.0,378,0,LOW
MED-022,Tablet,Antiplatelet / Hematologic,32.0,25.4,15.0,30.0,0.0,2.0,2.0,12.2,24.4,0,0,0,0.0,231,0,MODERATE
MED-016,Inhalation Aerosol,Respiratory (Bronchodilator),26.6,61.7,15.0,25.0,0.0,1.6,1.6,8.0,12.8,0,1,0,0.0,166,0,LOW
MED-017,Nasal Spray Suspension,Corticosteroid / Allergy,0.2,59.1,4.0,30.0,3.8,0.0,3.8,17.6,66.88,0,1,0,0.0,410,0,MODERATE
MED-011,Tablet,Antihypertensive (ARB),16.4,75.1,15.0,30.0,0.0,0.0,0.0,0.4,0.0,0,0,0,0.0,134,0,LOW
MED-018,Capsule,Antibiotic (Tetracycline),30.2,83.7,20.0,25.0,0.0,5.2,5.2,2.6,13.52,0,0,0,0.0,146,0,MODERATE
MED-024,Tablet,Corticosteroid / Anti-inflammatory,23.9,67.4,20.0,25.0,0.0,0.0,0.0,1.3,0.0,0,0,0,0.0,483,0,LOW
MED-016,Inhalation Aerosol,Respiratory (Bronchodilator),20.3,80.8,15.0,25.0,0.0,0.0,0.0,0.2,0.0,0,1,0,0.0,34,1,LOW
MED-021,Tablet,Respiratory (Leukotriene Antagonist),32.3,59.1,15.0,30.0,0.0,2.3,2.3,2.5,5.75,0,0,0,0.0,124,0,LOW
MED-024,Tablet,Corticosteroid / Anti-inflammatory,32.2,52.8,20.0,25.0,0.0,7.2,7.2,8.9,64.08,0,0,0,0.0,180,0,MODERATE
MED-022,Tablet,Antiplatelet / Hematologic,19.6,47.7,15.0,30.0,0.0,0.0,0.0,2.4,0.0,0,0,0,0.0,332,0,LOW
MED-007,Tablet,Antibiotic (Macrolide),47.6,72.0,15.0,30.0,0.0,17.6,17.6,54.9,966.24,0,0,0,0.0,215,0,HIGH
MED-005,Tablet,Antihyperlipidemic (Statin),15.4,38.1,20.0,25.0,4.6,0.0,4.6,3.0,13.8,0,0,0,0.0,169,0,LOW
MED-014,Subcutaneous Injection,Endocrine (Hormone),4.3,49.9,2.0,8.0,0.0,0.0,0.0,0.9,0.0,1,1,0,0.0,574,0,LOW
MED-006,Delayed-Release Capsule,Gastrointestinal (PPI),46.7,61.7,15.0,30.0,0.0,16.7,16.7,68.8,1148.96,0,0,0,0.0,327,0,HIGH
MED-006,Delayed-Release Capsule,Gastrointestinal (PPI),46.6,68.1,15.0,30.0,0.0,16.6,16.6,49.5,821.7,0,0,0,0.0,112,0,HIGH
MED-001,Tablet,Analgesic / Antipyretic,26.3,67.5,20.0,25.0,0.0,1.3,1.3,27.6,35.88,0,0,0,0.0,222,0,MODERATE
MED-006,Delayed-Release Capsule,Gastrointestinal (PPI),47.0,44.7,15.0,30.0,0.0,17.0,17.0,11.6,197.2,0,0,0,0.0,184,0,HIGH
MED-003,Tablet,Antibiotic (Beta-lactamase inhibitor),11.1,72.2,15.0,25.0,3.9,0.0,3.9,14.8,57.72,0,0,0,0.0,194,0,MODERATE
MED-008,Tablet,Antibiotic (Fluoroquinolone),32.7,31.7,20.0,25.0,0.0,7.7,7.7,25.7,197.89,0,0,0,0.0,310,0,HIGH
MED-003,Tablet,Antibiotic (Beta-lactamase inhibitor),29.0,42.4,15.0,25.0,0.0,4.0,4.0,14.4,57.6,0,0,0,0.0,70,0,MODERATE
MED-006,Delayed-Release Capsule,Gastrointestinal (PPI),4.0,84.2,15.0,30.0,11.0,0.0,11.0,13.9,152.9,0,0,0,0.0,56,1,HIGH
MED-009,Tablet,Analgesic / NSAID,26.5,74.9,20.0,25.0,0.0,1.5,1.5,3.2,4.8,0,0,0,0.0,473,0,LOW
MED-016,Inhalation Aerosol,Respiratory (Bronchodilator),34.5,59.2,15.0,25.0,0.0,9.5,9.5,71.8,682.1,0,1,0,0.0,154,0,HIGH
MED-003,Tablet,Antibiotic (Beta-lactamase inhibitor),10.9,63.9,15.0,25.0,4.1,0.0,4.1,16.0,65.6,0,0,0,0.0,199,0,MODERATE
MED-013,Tablet,Endocrine (Thyroid Hormone),18.8,71.3,15.0,30.0,0.0,0.0,0.0,0.1,0.0,0,0,0,0.0,412,0,LOW
MED-012,Tablet,Antihypertensive (CCB),24.7,39.4,15.0,30.0,0.0,0.0,0.0,2.4,0.0,0,0,0,0.0,604,0,LOW
MED-017,Nasal Spray Suspension,Corticosteroid / Allergy,3.8,27.7,4.0,30.0,0.2,0.0,0.2,6.7,1.34,0,1,0,0.0,293,0,LOW
MED-022,Tablet,Antiplatelet / Hematologic,10.6,45.1,15.0,30.0,4.4,0.0,4.4,8.7,38.28,0,0,0,0.0,262,0,MODERATE
MED-001,Tablet,Analgesic / Antipyretic,21.5,78.0,20.0,25.0,0.0,0.0,0.0,1.6,0.0,0,0,0,0.0,390,0,LOW
MED-002,Capsule,Antibiotic (Penicillin),26.5,65.4,20.0,25.0,0.0,1.5,1.5,3.8,5.7,0,0,0,0.0,33,1,LOW
MED-018,Capsule,Antibiotic (Tetracycline),20.0,71.9,20.0,25.0,0.0,0.0,0.0,6.9,0.0,0,0,0,0.0,251,0,LOW
MED-001,Tablet,Analgesic / Antipyretic,27.9,74.1,20.0,25.0,0.0,2.9,2.9,21.9,63.51,0,0,0,0.0,362,0,MODERATE
MED-018,Capsule,Antibiotic (Tetracycline),15.4,60.0,20.0,25.0,4.6,0.0,4.6,12.1,55.66,0,0,0,0.0,87,0,MODERATE
MED-006,Delayed-Release Capsule,Gastrointestinal (PPI),15.7,37.1,15.0,30.0,0.0,0.0,0.0,1.8,0.0,0,0,0,0.0,486,0,LOW
MED-015,Subcutaneous Injection,Endocrine (Hormone),33.3,28.5,2.0,8.0,0.0,25.3,25.3,22.1,559.13,1,1,0,0.0,76,0,HIGH
MED-001,Tablet,Analgesic / Antipyretic,28.2,27.5,20.0,25.0,0.0,3.2,3.2,13.0,41.6,0,0,0,0.0,427,0,MODERATE
MED-020,Tablet,Antidepressant (SSRI),20.8,49.0,20.0,25.0,0.0,0.0,0.0,2.1,0.0,0,0,0,0.0,730,0,LOW
MED-007,Tablet,Antibiotic (Macrolide),31.6,72.6,15.0,30.0,0.0,1.6,1.6,14.0,22.4,0,0,0,0.0,110,0,MODERATE
MED-021,Tablet,Respiratory (Leukotriene Antagonist),-0.4,29.6,15.0,30.0,15.4,0.0,15.4,66.2,1019.48,0,0,0,0.0,220,0,HIGH
MED-012,Tablet,Antihypertensive (CCB),45.4,44.2,15.0,30.0,0.0,15.4,15.4,53.1,817.74,0,0,0,0.0,355,0,HIGH
MED-005,Tablet,Antihyperlipidemic (Statin),16.4,25.4,20.0,25.0,3.6,0.0,3.6,10.6,38.16,0,0,0,0.0,495,0,MODERATE
MED-004,Tablet,Antidiabetic (Biguanide),28.8,24.1,20.0,25.0,0.0,3.8,3.8,11.9,45.22,0,0,0,0.0,269,0,MODERATE
MED-005,Tablet,Antihyperlipidemic (Statin),23.6,43.8,20.0,25.0,0.0,0.0,0.0,3.1,0.0,0,0,0,0.0,300,0,LOW
MED-023,Capsule,Anticonvulsant / Neuropathic,17.1,58.1,15.0,30.0,0.0,0.0,0.0,2.5,0.0,0,0,0,0.0,308,0,LOW
MED-012,Tablet,Antihypertensive (CCB),11.1,59.6,15.0,30.0,3.9,0.0,3.9,19.7,76.83,0,0,0,0.0,58,1,HIGH
MED-016,Inhalation Aerosol,Respiratory (Bronchodilator),35.8,83.1,15.0,25.0,0.0,10.8,10.8,63.6,686.88,0,1,0,0.0,252,0,HIGH
MED-005,Tablet,Antihyperlipidemic (Statin),27.1,55.7,20.0,25.0,0.0,2.1,2.1,7.9,16.59,0,0,0,0.0,451,0,LOW
MED-023,Capsule,Anticonvulsant / Neuropathic,44.0,79.3,15.0,30.0,0.0,14.0,14.0,45.3,634.2,0,0,0,0.0,268,0,HIGH
MED-022,Tablet,Antiplatelet / Hematologic,14.6,25.8,15.0,30.0,0.4,0.0,0.4,23.8,9.52,0,0,0,0.0,33,1,LOW
MED-025,Tablet,Diuretic / Antihypertensive,31.3,67.7,15.0,30.0,0.0,1.3,1.3,10.8,14.04,0,0,0,0.0,45,1,MODERATE
MED-012,Tablet,Antihypertensive (CCB),43.9,79.2,15.0,30.0,0.0,13.9,13.9,29.0,403.1,0,0,0,0.0,274,0,HIGH
MED-024,Tablet,Corticosteroid / Anti-inflammatory,41.0,20.0,20.0,25.0,0.0,16.0,16.0,51.6,825.6,0,0,0,0.0,24,1,HIGH
MED-021,Tablet,Respiratory (Leukotriene Antagonist),32.1,84.2,15.0,30.0,0.0,2.1,2.1,4.7,9.87,0,0,0,0.0,262,0,LOW
MED-024,Tablet,Corticosteroid / Anti-inflammatory,21.0,81.7,20.0,25.0,0.0,0.0,0.0,1.7,0.0,0,0,0,0.0,716,0,LOW
MED-018,Capsule,Antibiotic (Tetracycline),18.4,35.9,20.0,25.0,1.6,0.0,1.6,6.9,11.04,0,0,0,0.0,445,0,LOW
MED-023,Capsule,Anticonvulsant / Neuropathic,14.7,49.7,15.0,30.0,0.3,0.0,0.3,10.8,3.24,0,0,0,0.0,135,0,LOW
MED-009,Tablet,Analgesic / NSAID,24.3,61.5,20.0,25.0,0.0,0.0,0.0,2.1,0.0,0,0,0,0.0,716,0,LOW
MED-020,Tablet,Antidepressant (SSRI),20.8,49.2,20.0,25.0,0.0,0.0,0.0,2.1,0.0,0,0,0,0.0,597,0,LOW
MED-024,Tablet,Corticosteroid / Anti-inflammatory,32.2,66.7,20.0,25.0,0.0,7.2,7.2,34.4,247.68,0,0,0,0.0,196,0,HIGH
MED-015,Subcutaneous Injection,Endocrine (Hormone),9.2,29.6,2.0,8.0,0.0,1.2,1.2,6.0,7.2,1,1,0,0.0,267,0,LOW
MED-006,Delayed-Release Capsule,Gastrointestinal (PPI),44.6,45.9,15.0,30.0,0.0,14.6,14.6,30.2,440.92,0,0,0,0.0,242,0,HIGH
MED-004,Tablet,Antidiabetic (Biguanide),47.8,52.5,20.0,25.0,0.0,22.8,22.8,50.2,1144.56,0,0,0,0.0,82,1,HIGH
MED-014,Subcutaneous Injection,Endocrine (Hormone),6.8,67.7,2.0,8.0,0.0,0.0,0.0,16.4,0.0,1,1,0,0.0,520,0,LOW
MED-023,Capsule,Anticonvulsant / Neuropathic,25.9,29.8,15.0,30.0,0.0,0.0,0.0,0.9,0.0,0,0,0,0.0,478,0,LOW
MED-021,Tablet,Respiratory (Leukotriene Antagonist),30.3,72.9,15.0,30.0,0.0,0.3,0.3,5.6,1.68,0,0,0,0.0,25,1,LOW
MED-013,Tablet,Endocrine (Thyroid Hormone),36.5,64.0,15.0,30.0,0.0,6.5,6.5,17.8,115.7,0,0,0,0.0,64,0,MODERATE
MED-002,Capsule,Antibiotic (Penicillin),30.6,43.0,20.0,25.0,0.0,5.6,5.6,9.5,53.2,0,0,0,0.0,185,0,MODERATE
MED-016,Inhalation Aerosol,Respiratory (Bronchodilator),18.6,48.1,15.0,25.0,0.0,0.0,0.0,3.8,0.0,0,1,0,0.0,263,0,LOW
MED-012,Tablet,Antihypertensive (CCB),14.9,79.2,15.0,30.0,0.1,0.0,0.1,4.7,0.47,0,0,0,0.0,473,0,LOW
MED-011,Tablet,Antihypertensive (ARB),22.8,26.2,15.0,30.0,0.0,0.0,0.0,2.8,0.0,0,0,0,0.0,561,0,LOW
MED-006,Delayed-Release Capsule,Gastrointestinal (PPI),40.2,42.3,15.0,30.0,0.0,10.2,10.2,52.5,535.5,0,0,0,0.0,211,0,HIGH
MED-022,Tablet,Antiplatelet / Hematologic,15.1,52.6,15.0,30.0,0.0,0.0,0.0,5.6,0.0,0,0,0,0.0,545,0,LOW
MED-004,Tablet,Antidiabetic (Biguanide),38.4,47.0,20.0,25.0,0.0,13.4,13.4,71.7,960.78,0,0,0,0.0,255,0,HIGH
MED-017,Nasal Spray Suspension,Corticosteroid / Allergy,34.1,61.5,4.0,30.0,0.0,4.1,4.1,2.1,8.61,0,1,0,0.0,226,0,LOW
MED-015,Subcutaneous Injection,Endocrine (Hormone),10.4,22.7,2.0,8.0,0.0,2.4,2.4,14.1,33.84,1,1,0,0.0,477,0,MODERATE
MED-003,Tablet,Antibiotic (Beta-lactamase inhibitor),18.2,28.2,15.0,25.0,0.0,0.0,0.0,0.6,0.0,0,0,0,0.0,112,0,LOW
MED-022,Tablet,Antiplatelet / Hematologic,33.7,64.3,15.0,30.0,0.0,3.7,3.7,12.3,45.51,0,0,0,0.0,53,1,HIGH
MED-014,Subcutaneous Injection,Endocrine (Hormone),27.8,75.1,2.0,8.0,0.0,19.8,19.8,14.2,281.16,1,1,0,0.0,291,0,HIGH
MED-016,Inhalation Aerosol,Respiratory (Bronchodilator),37.2,66.4,15.0,25.0,0.0,12.2,12.2,18.4,224.48,0,1,0,0.0,230,0,HIGH
MED-008,Tablet,Antibiotic (Fluoroquinolone),30.1,62.8,20.0,25.0,0.0,5.1,5.1,26.7,136.17,0,0,0,0.0,79,0,HIGH
MED-002,Capsule,Antibiotic (Penicillin),30.4,82.6,20.0,25.0,0.0,5.4,5.4,8.9,48.06,0,0,0,0.0,62,0,MODERATE
MED-007,Tablet,Antibiotic (Macrolide),33.1,48.8,15.0,30.0,0.0,3.1,3.1,15.3,47.43,0,0,0,0.0,68,0,MODERATE
MED-004,Tablet,Antidiabetic (Biguanide),15.0,57.3,20.0,25.0,5.0,0.0,5.0,21.2,106.0,0,0,0,0.0,236,0,MODERATE
MED-004,Tablet,Antidiabetic (Biguanide),23.4,54.3,20.0,25.0,0.0,0.0,0.0,2.4,0.0,0,0,0,0.0,320,0,LOW
MED-001,Tablet,Analgesic / Antipyretic,31.1,67.8,20.0,25.0,0.0,6.1,6.1,25.1,153.11,0,0,0,0.0,50,1,HIGH
MED-021,Tablet,Respiratory (Leukotriene Antagonist),38.4,35.1,15.0,30.0,0.0,8.4,8.4,22.0,184.8,0,0,0,0.0,362,0,HIGH
MED-005,Tablet,Antihyperlipidemic (Statin),44.3,69.7,20.0,25.0,0.0,19.3,19.3,9.5,183.35,0,0,0,0.0,201,0,HIGH
MED-019,Delayed-Release Tablet,Gastrointestinal (PPI),30.1,21.4,20.0,25.0,0.0,5.1,5.1,30.1,153.51,0,0,0,0.0,304,0,HIGH
MED-012,Tablet,Antihypertensive (CCB),31.3,38.3,15.0,30.0,0.0,1.3,1.3,4.2,5.46,0,0,0,0.0,436,0,LOW
MED-004,Tablet,Antidiabetic (Biguanide),26.2,65.8,20.0,25.0,0.0,1.2,1.2,14.2,17.04,0,0,0,0.0,281,0,LOW
MED-001,Tablet,Analgesic / Antipyretic,24.7,67.8,20.0,25.0,0.0,0.0,0.0,15.8,0.0,0,0,0,0.0,153,0,LOW
MED-012,Tablet,Antihypertensive (CCB),47.9,61.9,15.0,30.0,0.0,17.9,17.9,22.5,402.75,0,0,0,0.0,213,0,HIGH
MED-002,Capsule,Antibiotic (Penicillin),18.0,82.9,20.0,25.0,2.0,0.0,2.0,4.1,8.2,0,0,0,0.0,556,0,LOW
MED-008,Tablet,Antibiotic (Fluoroquinolone),27.0,49.2,20.0,25.0,0.0,2.0,2.0,8.7,17.4,0,0,0,0.0,39,1,MODERATE
MED-003,Tablet,Antibiotic (Beta-lactamase inhibitor),26.8,53.2,15.0,25.0,0.0,1.8,1.8,16.8,30.24,0,0,0,0.0,228,0,MODERATE
MED-019,Delayed-Release Tablet,Gastrointestinal (PPI),23.5,56.6,20.0,25.0,0.0,0.0,0.0,3.9,0.0,0,0,0,0.0,286,0,LOW
MED-008,Tablet,Antibiotic (Fluoroquinolone),23.7,78.3,20.0,25.0,0.0,0.0,0.0,3.7,0.0,0,0,0,0.0,80,0,LOW
MED-013,Tablet,Endocrine (Thyroid Hormone),30.8,47.6,15.0,30.0,0.0,0.8,0.8,7.9,6.32,0,0,0,0.0,99,0,LOW
MED-007,Tablet,Antibiotic (Macrolide),29.7,82.1,15.0,30.0,0.0,0.0,0.0,17.1,0.0,0,0,0,0.0,106,0,LOW
MED-017,Nasal Spray Suspension,Corticosteroid / Allergy,34.8,38.1,4.0,30.0,0.0,4.8,4.8,5.0,24.0,0,1,0,0.0,118,0,MODERATE
MED-007,Tablet,Antibiotic (Macrolide),25.9,51.2,15.0,30.0,0.0,0.0,0.0,2.2,0.0,0,0,0,0.0,631,0,LOW
MED-014,Subcutaneous Injection,Endocrine (Hormone),15.1,23.6,2.0,8.0,0.0,7.1,7.1,3.3,23.43,1,1,0,0.0,188,0,MODERATE
MED-008,Tablet,Antibiotic (Fluoroquinolone),31.4,56.7,20.0,25.0,0.0,6.4,6.4,9.3,59.52,0,0,0,0.0,435,0,MODERATE
MED-011,Tablet,Antihypertensive (ARB),21.2,73.7,15.0,30.0,0.0,0.0,0.0,2.5,0.0,0,0,0,0.0,410,0,LOW
MED-010,Tablet,Antihistamine,20.9,53.2,20.0,25.0,0.0,0.0,0.0,2.8,0.0,0,0,0,0.0,149,0,LOW
MED-004,Tablet,Antidiabetic (Biguanide),30.9,77.0,20.0,25.0,0.0,5.9,5.9,5.1,30.09,0,0,0,0.0,98,0,MODERATE
MED-020,Tablet,Antidepressant (SSRI),20.4,82.8,20.0,25.0,0.0,0.0,0.0,0.8,0.0,0,0,0,0.0,574,0,LOW
MED-006,Delayed-Release Capsule,Gastrointestinal (PPI),31.8,75.8,15.0,30.0,0.0,1.8,1.8,8.3,14.94,0,0,0,0.0,425,0,LOW
MED-014,Subcutaneous Injection,Endocrine (Hormone),23.4,24.5,2.0,8.0,0.0,15.4,15.4,6.3,97.02,1,1,0,0.0,52,0,HIGH
MED-022,Tablet,Antiplatelet / Hematologic,31.4,57.1,15.0,30.0,0.0,1.4,1.4,9.3,13.02,0,0,0,0.0,171,0,LOW
MED-017,Nasal Spray Suspension,Corticosteroid / Allergy,47.6,39.8,4.0,30.0,0.0,17.6,17.6,15.4,271.04,0,1,0,0.0,140,0,HIGH
MED-019,Delayed-Release Tablet,Gastrointestinal (PPI),37.4,44.4,20.0,25.0,0.0,12.4,12.4,32.1,398.04,0,0,0,0.0,133,0,HIGH
MED-012,Tablet,Antihypertensive (CCB),31.3,35.6,15.0,30.0,0.0,1.3,1.3,28.7,37.31,0,0,0,0.0,448,0,MODERATE
MED-023,Capsule,Anticonvulsant / Neuropathic,30.1,42.4,15.0,30.0,0.0,0.1,0.1,10.1,1.01,0,0,0,0.0,84,0,LOW
MED-018,Capsule,Antibiotic (Tetracycline),23.8,60.5,20.0,25.0,0.0,0.0,0.0,2.2,0.0,0,0,0,0.0,565,0,LOW
MED-006,Delayed-Release Capsule,Gastrointestinal (PPI),18.2,42.0,15.0,30.0,0.0,0.0,0.0,1.6,0.0,0,0,0,0.0,132,0,LOW
MED-012,Tablet,Antihypertensive (CCB),35.2,71.1,15.0,30.0,0.0,5.2,5.2,3.6,18.72,0,0,0,0.0,386,0,MODERATE
MED-025,Tablet,Diuretic / Antihypertensive,29.1,38.5,15.0,30.0,0.0,0.0,0.0,3.8,0.0,0,0,0,0.0,48,1,LOW
MED-013,Tablet,Endocrine (Thyroid Hormone),16.4,83.5,15.0,30.0,0.0,0.0,0.0,14.1,0.0,0,0,0,0.0,138,0,LOW
MED-014,Subcutaneous Injection,Endocrine (Hormone),11.4,54.3,2.0,8.0,0.0,3.4,3.4,1.9,6.46,1,1,0,0.0,341,0,LOW
MED-006,Delayed-Release Capsule,Gastrointestinal (PPI),42.9,29.6,15.0,30.0,0.0,12.9,12.9,71.3,919.77,0,0,0,0.0,133,0,HIGH
MED-012,Tablet,Antihypertensive (CCB),17.4,65.7,15.0,30.0,0.0,0.0,0.0,3.3,0.0,0,0,0,0.0,321,0,LOW
MED-012,Tablet,Antihypertensive (CCB),47.5,46.1,15.0,30.0,0.0,17.5,17.5,17.0,297.5,0,0,0,0.0,41,1,HIGH
MED-004,Tablet,Antidiabetic (Biguanide),37.4,40.0,20.0,25.0,0.0,12.4,12.4,63.9,792.36,0,0,0,0.0,66,1,HIGH
MED-008,Tablet,Antibiotic (Fluoroquinolone),40.8,24.6,20.0,25.0,0.0,15.8,15.8,48.0,758.4,0,0,0,0.0,362,0,HIGH
MED-020,Tablet,Antidepressant (SSRI),32.2,51.8,20.0,25.0,0.0,7.2,7.2,25.5,183.6,0,0,0,0.0,172,0,HIGH
MED-019,Delayed-Release Tablet,Gastrointestinal (PPI),30.6,56.4,20.0,25.0,0.0,5.6,5.6,15.3,85.68,0,0,0,0.0,260,0,MODERATE
MED-013,Tablet,Endocrine (Thyroid Hormone),32.7,62.6,15.0,30.0,0.0,2.7,2.7,11.3,30.51,0,0,0,0.0,499,0,MODERATE
MED-015,Subcutaneous Injection,Endocrine (Hormone),0.6,72.5,2.0,8.0,1.4,0.0,1.4,19.6,27.44,1,1,0,0.0,355,0,MODERATE
MED-002,Capsule,Antibiotic (Penicillin),26.1,26.1,20.0,25.0,0.0,1.1,1.1,8.8,9.68,0,0,0,0.0,277,0,LOW
MED-002,Capsule,Antibiotic (Penicillin),16.9,75.3,20.0,25.0,3.1,0.0,3.1,13.3,41.23,0,0,0,0.0,54,1,HIGH
MED-008,Tablet,Antibiotic (Fluoroquinolone),42.0,35.9,20.0,25.0,0.0,17.0,17.0,31.2,530.4,0,0,0,0.0,171,0,HIGH
MED-013,Tablet,Endocrine (Thyroid Hormone),18.3,60.6,15.0,30.0,0.0,0.0,0.0,0.3,0.0,0,0,0,0.0,417,0,LOW
MED-004,Tablet,Antidiabetic (Biguanide),28.0,27.0,20.0,25.0,0.0,3.0,3.0,20.5,61.5,0,0,0,0.0,397,0,MODERATE
MED-004,Tablet,Antidiabetic (Biguanide),26.6,67.3,20.0,25.0,0.0,1.6,1.6,7.8,12.48,0,0,0,0.0,460,0,LOW
MED-020,Tablet,Antidepressant (SSRI),21.6,27.2,20.0,25.0,0.0,0.0,0.0,2.6,0.0,0,0,0,0.0,319,0,LOW
MED-007,Tablet,Antibiotic (Macrolide),46.2,54.2,15.0,30.0,0.0,16.2,16.2,20.4,330.48,0,0,0,0.0,111,0,HIGH
MED-003,Tablet,Antibiotic (Beta-lactamase inhibitor),30.6,34.7,15.0,25.0,0.0,5.6,5.6,2.6,14.56,0,0,0,0.0,493,0,MODERATE
MED-021,Tablet,Respiratory (Leukotriene Antagonist),17.1,68.4,15.0,30.0,0.0,0.0,0.0,0.6,0.0,0,0,0,0.0,499,0,LOW
MED-022,Tablet,Antiplatelet / Hematologic,28.8,24.5,15.0,30.0,0.0,0.0,0.0,2.4,0.0,0,0,0,0.0,380,0,LOW
MED-004,Tablet,Antidiabetic (Biguanide),20.4,22.7,20.0,25.0,0.0,0.0,0.0,8.1,0.0,0,0,0,0.0,21,1,LOW
MED-002,Capsule,Antibiotic (Penicillin),25.6,73.2,20.0,25.0,0.0,0.6,0.6,5.5,3.3,0,0,0,0.0,123,0,LOW
MED-009,Tablet,Analgesic / NSAID,20.6,20.6,20.0,25.0,0.0,0.0,0.0,3.2,0.0,0,0,0,0.0,628,0,LOW
MED-006,Delayed-Release Capsule,Gastrointestinal (PPI),14.8,36.9,15.0,30.0,0.2,0.0,0.2,16.8,3.36,0,0,0,0.0,395,0,LOW
MED-014,Subcutaneous Injection,Endocrine (Hormone),8.5,34.7,2.0,8.0,0.0,0.5,0.5,2.6,1.3,1,1,0,0.0,87,0,LOW
MED-007,Tablet,Antibiotic (Macrolide),31.7,67.2,15.0,30.0,0.0,1.7,1.7,15.2,25.84,0,0,0,0.0,322,0,MODERATE
MED-015,Subcutaneous Injection,Endocrine (Hormone),2.8,61.3,2.0,8.0,0.0,0.0,0.0,12.0,0.0,1,1,0,0.0,114,0,LOW
MED-019,Delayed-Release Tablet,Gastrointestinal (PPI),25.5,52.5,20.0,25.0,0.0,0.5,0.5,26.7,13.35,0,0,0,0.0,102,0,LOW
MED-012,Tablet,Antihypertensive (CCB),39.7,63.7,15.0,30.0,0.0,9.7,9.7,16.2,157.14,0,0,0,0.0,140,0,HIGH
MED-021,Tablet,Respiratory (Leukotriene Antagonist),24.6,48.4,15.0,30.0,0.0,0.0,0.0,1.2,0.0,0,0,0,0.0,727,0,LOW
MED-020,Tablet,Antidepressant (SSRI),22.5,38.8,20.0,25.0,0.0,0.0,0.0,0.9,0.0,0,0,0,0.0,619,0,LOW
MED-002,Capsule,Antibiotic (Penicillin),29.4,43.4,20.0,25.0,0.0,4.4,4.4,15.1,66.44,0,0,0,0.0,15,1,HIGH
MED-008,Tablet,Antibiotic (Fluoroquinolone),45.7,51.0,20.0,25.0,0.0,20.7,20.7,32.0,662.4,0,0,0,0.0,83,0,HIGH
MED-018,Capsule,Antibiotic (Tetracycline),27.8,70.0,20.0,25.0,0.0,2.8,2.8,13.5,37.8,0,0,0,0.0,252,0,MODERATE
MED-020,Tablet,Antidepressant (SSRI),45.7,65.6,20.0,25.0,0.0,20.7,20.7,39.7,821.79,0,0,0,0.0,190,0,HIGH
MED-013,Tablet,Endocrine (Thyroid Hormone),45.1,74.5,15.0,30.0,0.0,15.1,15.1,30.7,463.57,0,0,0,0.0,198,0,HIGH
MED-006,Delayed-Release Capsule,Gastrointestinal (PPI),32.6,68.8,15.0,30.0,0.0,2.6,2.6,16.1,41.86,0,0,0,0.0,275,0,MODERATE
MED-004,Tablet,Antidiabetic (Biguanide),2.3,49.7,20.0,25.0,17.7,0.0,17.7,71.7,1269.09,0,0,0,0.0,22,1,HIGH
MED-009,Tablet,Analgesic / NSAID,30.3,29.1,20.0,25.0,0.0,5.3,5.3,12.4,65.72,0,0,0,0.0,405,0,MODERATE
MED-021,Tablet,Respiratory (Leukotriene Antagonist),30.5,78.8,15.0,30.0,0.0,0.5,0.5,15.9,7.95,0,0,0,0.0,18,1,LOW
MED-016,Inhalation Aerosol,Respiratory (Bronchodilator),11.6,66.6,15.0,25.0,3.4,0.0,3.4,6.0,20.4,0,1,0,0.0,184,0,MODERATE
MED-009,Tablet,Analgesic / NSAID,31.3,66.9,20.0,25.0,0.0,6.3,6.3,9.0,56.7,0,0,0,0.0,184,0,MODERATE
MED-020,Tablet,Antidepressant (SSRI),15.8,56.8,20.0,25.0,4.2,0.0,4.2,9.3,39.06,0,0,0,0.0,29,1,HIGH
MED-025,Tablet,Diuretic / Antihypertensive,33.2,61.4,15.0,30.0,0.0,3.2,3.2,26.3,84.16,0,0,0,0.0,406,0,MODERATE
MED-024,Tablet,Corticosteroid / Anti-inflammatory,26.2,23.4,20.0,25.0,0.0,1.2,1.2,24.1,28.92,0,0,0,0.0,342,0,MODERATE
MED-024,Tablet,Corticosteroid / Anti-inflammatory,26.3,67.7,20.0,25.0,0.0,1.3,1.3,3.8,4.94,0,0,0,0.0,446,0,LOW
MED-023,Capsule,Anticonvulsant / Neuropathic,19.5,25.2,15.0,30.0,0.0,0.0,0.0,3.3,0.0,0,0,0,0.0,261,0,LOW
MED-021,Tablet,Respiratory (Leukotriene Antagonist),30.9,63.8,15.0,30.0,0.0,0.9,0.9,14.2,12.78,0,0,0,0.0,162,0,LOW
MED-020,Tablet,Antidepressant (SSRI),27.0,68.2,20.0,25.0,0.0,2.0,2.0,6.1,12.2,0,0,0,0.0,158,0,LOW
MED-024,Tablet,Corticosteroid / Anti-inflammatory,20.7,42.0,20.0,25.0,0.0,0.0,0.0,1.4,0.0,0,0,0,0.0,370,0,LOW
MED-024,Tablet,Corticosteroid / Anti-inflammatory,22.2,46.9,20.0,25.0,0.0,0.0,0.0,3.6,0.0,0,0,0,0.0,250,0,LOW
MED-011,Tablet,Antihypertensive (ARB),37.2,45.1,15.0,30.0,0.0,7.2,7.2,5.9,42.48,0,0,0,0.0,560,0,MODERATE
MED-016,Inhalation Aerosol,Respiratory (Bronchodilator),41.8,46.5,15.0,25.0,0.0,16.8,16.8,56.4,947.52,0,1,0,0.0,180,0,HIGH
MED-001,Tablet,Analgesic / Antipyretic,28.0,49.1,20.0,25.0,0.0,3.0,3.0,8.1,24.3,0,0,0,0.0,453,0,MODERATE
MED-018,Capsule,Antibiotic (Tetracycline),30.8,26.9,20.0,25.0,0.0,5.8,5.8,12.9,74.82,0,0,0,0.0,500,0,MODERATE
MED-002,Capsule,Antibiotic (Penicillin),36.3,54.8,20.0,25.0,0.0,11.3,11.3,64.0,723.2,0,0,0,0.0,162,0,HIGH
MED-021,Tablet,Respiratory (Leukotriene Antagonist),19.1,76.1,15.0,30.0,0.0,0.0,0.0,1.8,0.0,0,0,0,0.0,434,0,LOW
MED-006,Delayed-Release Capsule,Gastrointestinal (PPI),47.4,53.8,15.0,30.0,0.0,17.4,17.4,54.4,946.56,0,0,0,0.0,115,0,HIGH
MED-006,Delayed-Release Capsule,Gastrointestinal (PPI),32.4,52.0,15.0,30.0,0.0,2.4,2.4,3.6,8.64,0,0,0,0.0,220,0,LOW
MED-003,Tablet,Antibiotic (Beta-lactamase inhibitor),27.7,73.3,15.0,25.0,0.0,2.7,2.7,23.4,63.18,0,0,0,0.0,428,0,MODERATE
MED-021,Tablet,Respiratory (Leukotriene Antagonist),25.9,75.2,15.0,30.0,0.0,0.0,0.0,3.6,0.0,0,0,0,0.0,108,0,LOW
MED-017,Nasal Spray Suspension,Corticosteroid / Allergy,0.0,33.7,4.0,30.0,4.0,0.0,4.0,5.2,20.8,0,1,0,0.0,275,0,HIGH
MED-012,Tablet,Antihypertensive (CCB),1.7,63.9,15.0,30.0,13.3,0.0,13.3,64.9,863.17,0,0,0,0.0,154,0,HIGH
MED-012,Tablet,Antihypertensive (CCB),15.1,58.5,15.0,30.0,0.0,0.0,0.0,4.6,0.0,0,0,0,0.0,596,0,LOW
MED-010,Tablet,Antihistamine,24.6,66.2,20.0,25.0,0.0,0.0,0.0,0.5,0.0,0,0,0,0.0,383,0,LOW
MED-008,Tablet,Antibiotic (Fluoroquinolone),34.4,53.1,20.0,25.0,0.0,9.4,9.4,43.3,407.02,0,0,0,0.0,346,0,HIGH
MED-009,Tablet,Analgesic / NSAID,28.7,50.9,20.0,25.0,0.0,3.7,3.7,30.1,111.37,0,0,0,0.0,297,0,MODERATE
MED-016,Inhalation Aerosol,Respiratory (Bronchodilator),45.6,44.2,15.0,25.0,0.0,20.6,20.6,46.8,964.08,0,1,0,0.0,264,0,HIGH
MED-012,Tablet,Antihypertensive (CCB),41.9,81.4,15.0,30.0,0.0,11.9,11.9,20.1,239.19,0,0,0,0.0,52,1,HIGH
MED-022,Tablet,Antiplatelet / Hematologic,29.4,29.6,15.0,30.0,0.0,0.0,0.0,6.0,0.0,0,0,0,0.0,175,0,LOW
MED-022,Tablet,Antiplatelet / Hematologic,42.6,44.0,15.0,30.0,0.0,12.6,12.6,28.6,360.36,0,0,0,0.0,258,0,HIGH
MED-022,Tablet,Antiplatelet / Hematologic,39.6,81.0,15.0,30.0,0.0,9.6,9.6,59.8,574.08,0,0,0,0.0,107,0,HIGH
MED-018,Capsule,Antibiotic (Tetracycline),17.8,63.2,20.0,25.0,2.2,0.0,2.2,8.1,17.82,0,0,0,0.0,485,0,LOW
MED-009,Tablet,Analgesic / NSAID,28.7,75.6,20.0,25.0,0.0,3.7,3.7,7.6,28.12,0,0,0,0.0,500,0,MODERATE
MED-019,Delayed-Release Tablet,Gastrointestinal (PPI),31.5,32.1,20.0,25.0,0.0,6.5,6.5,6.8,44.2,0,0,0,0.0,338,0,MODERATE
MED-002,Capsule,Antibiotic (Penicillin),27.7,67.1,20.0,25.0,0.0,2.7,2.7,10.2,27.54,0,0,0,0.0,264,0,MODERATE
MED-006,Delayed-Release Capsule,Gastrointestinal (PPI),29.1,58.4,15.0,30.0,0.0,0.0,0.0,12.6,0.0,0,0,0,0.0,75,0,LOW
MED-024,Tablet,Corticosteroid / Anti-inflammatory,21.7,74.3,20.0,25.0,0.0,0.0,0.0,1.3,0.0,0,0,0,0.0,485,0,LOW
MED-014,Subcutaneous Injection,Endocrine (Hormone),6.1,57.2,2.0,8.0,0.0,0.0,0.0,3.7,0.0,1,1,0,0.0,578,0,LOW
MED-008,Tablet,Antibiotic (Fluoroquinolone),25.6,83.0,20.0,25.0,0.0,0.6,0.6,8.0,4.8,0,0,0,0.0,155,0,LOW
MED-024,Tablet,Corticosteroid / Anti-inflammatory,31.6,83.6,20.0,25.0,0.0,6.6,6.6,12.6,83.16,0,0,0,0.0,338,0,MODERATE
MED-021,Tablet,Respiratory (Leukotriene Antagonist),20.8,44.8,15.0,30.0,0.0,0.0,0.0,1.5,0.0,0,0,0,0.0,587,0,LOW
MED-008,Tablet,Antibiotic (Fluoroquinolone),24.8,49.6,20.0,25.0,0.0,0.0,0.0,1.9,0.0,0,0,0,0.0,254,0,LOW
MED-018,Capsule,Antibiotic (Tetracycline),35.2,44.1,20.0,25.0,0.0,10.2,10.2,25.1,256.02,0,0,0,0.0,265,0,HIGH
MED-017,Nasal Spray Suspension,Corticosteroid / Allergy,33.9,39.7,4.0,30.0,0.0,3.9,3.9,12.6,49.14,0,1,0,0.0,163,0,MODERATE
MED-025,Tablet,Diuretic / Antihypertensive,13.9,49.3,15.0,30.0,1.1,0.0,1.1,23.6,25.96,0,0,0,0.0,586,0,MODERATE
MED-005,Tablet,Antihyperlipidemic (Statin),34.9,55.9,20.0,25.0,0.0,9.9,9.9,63.5,628.65,0,0,0,0.0,170,0,HIGH
MED-002,Capsule,Antibiotic (Penicillin),29.4,75.3,20.0,25.0,0.0,4.4,4.4,2.6,11.44,0,0,0,0.0,43,1,MODERATE
MED-012,Tablet,Antihypertensive (CCB),44.3,48.3,15.0,30.0,0.0,14.3,14.3,55.4,792.22,0,0,0,0.0,234,0,HIGH
MED-015,Subcutaneous Injection,Endocrine (Hormone),12.7,24.1,2.0,8.0,0.0,4.7,4.7,3.0,14.1,1,1,0,0.0,392,0,MODERATE
MED-020,Tablet,Antidepressant (SSRI),41.5,40.7,20.0,25.0,0.0,16.5,16.5,54.5,899.25,0,0,0,0.0,352,0,HIGH
MED-013,Tablet,Endocrine (Thyroid Hormone),22.2,42.4,15.0,30.0,0.0,0.0,0.0,3.1,0.0,0,0,0,0.0,397,0,LOW
MED-009,Tablet,Analgesic / NSAID,20.3,29.9,20.0,25.0,0.0,0.0,0.0,23.1,0.0,0,0,0,0.0,400,0,LOW
MED-020,Tablet,Antidepressant (SSRI),21.0,39.8,20.0,25.0,0.0,0.0,0.0,0.4,0.0,0,0,0,0.0,661,0,LOW
MED-002,Capsule,Antibiotic (Penicillin),16.2,79.5,20.0,25.0,3.8,0.0,3.8,22.3,84.74,0,0,0,0.0,407,0,MODERATE
MED-015,Subcutaneous Injection,Endocrine (Hormone),7.4,20.2,2.0,8.0,0.0,0.0,0.0,22.1,0.0,1,1,0,0.0,396,0,LOW
MED-008,Tablet,Antibiotic (Fluoroquinolone),28.7,24.2,20.0,25.0,0.0,3.7,3.7,16.8,62.16,0,0,0,0.0,492,0,MODERATE
MED-018,Capsule,Antibiotic (Tetracycline),20.7,50.1,20.0,25.0,0.0,0.0,0.0,0.7,0.0,0,0,0,0.0,489,0,LOW
MED-008,Tablet,Antibiotic (Fluoroquinolone),28.8,20.7,20.0,25.0,0.0,3.8,3.8,12.6,47.88,0,0,0,0.0,457,0,MODERATE
MED-016,Inhalation Aerosol,Respiratory (Bronchodilator),19.9,55.9,15.0,25.0,0.0,0.0,0.0,0.0,0.0,0,1,0,0.0,705,0,LOW
MED-017,Nasal Spray Suspension,Corticosteroid / Allergy,35.5,49.9,4.0,30.0,0.0,5.5,5.5,16.1,88.55,0,1,0,0.0,183,0,MODERATE
MED-005,Tablet,Antihyperlipidemic (Statin),25.2,47.4,20.0,25.0,0.0,0.2,0.2,16.4,3.28,0,0,0,0.0,210,0,LOW
MED-007,Tablet,Antibiotic (Macrolide),19.8,79.0,15.0,30.0,0.0,0.0,0.0,2.6,0.0,0,0,0,0.0,324,0,LOW
MED-003,Tablet,Antibiotic (Beta-lactamase inhibitor),13.7,25.0,15.0,25.0,1.3,0.0,1.3,9.8,12.74,0,0,0,0.0,407,0,LOW
MED-016,Inhalation Aerosol,Respiratory (Bronchodilator),26.5,22.8,15.0,25.0,0.0,1.5,1.5,12.7,19.05,0,1,0,0.0,269,0,LOW
MED-014,Subcutaneous Injection,Endocrine (Hormone),-2.0,30.9,2.0,8.0,4.0,0.0,4.0,20.7,82.8,1,1,0,0.0,201,0,HIGH
MED-013,Tablet,Endocrine (Thyroid Hormone),29.1,57.6,15.0,30.0,0.0,0.0,0.0,28.9,0.0,0,0,0,0.0,169,0,LOW
MED-018,Capsule,Antibiotic (Tetracycline),17.1,54.7,20.0,25.0,2.9,0.0,2.9,4.2,12.18,0,0,0,0.0,217,0,LOW
MED-020,Tablet,Antidepressant (SSRI),27.8,53.1,20.0,25.0,0.0,2.8,2.8,4.9,13.72,0,0,0,0.0,491,0,LOW
MED-018,Capsule,Antibiotic (Tetracycline),36.8,53.6,20.0,25.0,0.0,11.8,11.8,15.5,182.9,0,0,0,0.0,339,0,HIGH
MED-002,Capsule,Antibiotic (Penicillin),21.9,79.9,20.0,25.0,0.0,0.0,0.0,3.1,0.0,0,0,0,0.0,620,0,LOW
MED-011,Tablet,Antihypertensive (ARB),1.1,30.8,15.0,30.0,13.9,0.0,13.9,21.7,301.63,0,0,0,0.0,276,0,HIGH
MED-003,Tablet,Antibiotic (Beta-lactamase inhibitor),18.2,38.1,15.0,25.0,0.0,0.0,0.0,1.3,0.0,0,0,0,0.0,533,0,LOW
MED-024,Tablet,Corticosteroid / Anti-inflammatory,32.6,70.0,20.0,25.0,0.0,7.6,7.6,8.8,66.88,0,0,0,0.0,39,1,HIGH
MED-011,Tablet,Antihypertensive (ARB),15.3,79.6,15.0,30.0,0.0,0.0,0.0,2.3,0.0,0,0,0,0.0,90,0,LOW
MED-025,Tablet,Diuretic / Antihypertensive,34.9,35.5,15.0,30.0,0.0,4.9,4.9,16.3,79.87,0,0,0,0.0,129,0,MODERATE
MED-015,Subcutaneous Injection,Endocrine (Hormone),-1.3,81.7,2.0,8.0,3.3,0.0,3.3,21.0,69.3,1,1,0,0.0,236,0,HIGH
MED-010,Tablet,Antihistamine,29.4,60.3,20.0,25.0,0.0,4.4,4.4,5.4,23.76,0,0,0,0.0,190,0,MODERATE
MED-007,Tablet,Antibiotic (Macrolide),35.9,48.6,15.0,30.0,0.0,5.9,5.9,15.9,93.81,0,0,0,0.0,147,0,MODERATE
MED-021,Tablet,Respiratory (Leukotriene Antagonist),31.0,55.2,15.0,30.0,0.0,1.0,1.0,17.3,17.3,0,0,0,0.0,301,0,LOW
MED-003,Tablet,Antibiotic (Beta-lactamase inhibitor),12.9,80.9,15.0,25.0,2.1,0.0,2.1,1.1,2.31,0,0,0,0.0,87,0,LOW
MED-021,Tablet,Respiratory (Leukotriene Antagonist),22.0,33.9,15.0,30.0,0.0,0.0,0.0,1.8,0.0,0,0,0,0.0,359,0,LOW
MED-003,Tablet,Antibiotic (Beta-lactamase inhibitor),32.7,41.5,15.0,25.0,0.0,7.7,7.7,21.5,165.55,0,0,0,0.0,524,0,HIGH
MED-018,Capsule,Antibiotic (Tetracycline),22.0,67.9,20.0,25.0,0.0,0.0,0.0,0.7,0.0,0,0,0,0.0,477,0,LOW
MED-004,Tablet,Antidiabetic (Biguanide),30.9,37.8,20.0,25.0,0.0,5.9,5.9,11.5,67.85,0,0,0,0.0,243,0,MODERATE
MED-002,Capsule,Antibiotic (Penicillin),33.9,35.5,20.0,25.0,0.0,8.9,8.9,62.6,557.14,0,0,0,0.0,153,0,HIGH
MED-013,Tablet,Endocrine (Thyroid Hormone),27.0,32.5,15.0,30.0,0.0,0.0,0.0,0.4,0.0,0,0,0,0.0,377,0,LOW
MED-010,Tablet,Antihistamine,29.1,75.1,20.0,25.0,0.0,4.1,4.1,15.4,63.14,0,0,0,0.0,306,0,MODERATE
MED-005,Tablet,Antihyperlipidemic (Statin),23.3,50.2,20.0,25.0,0.0,0.0,0.0,4.0,0.0,0,0,0,0.0,144,0,LOW
MED-005,Tablet,Antihyperlipidemic (Statin),21.0,69.6,20.0,25.0,0.0,0.0,0.0,15.7,0.0,0,0,0,0.0,395,0,LOW
MED-010,Tablet,Antihistamine,17.9,43.6,20.0,25.0,2.1,0.0,2.1,12.4,26.04,0,0,0,0.0,12,1,MODERATE
MED-003,Tablet,Antibiotic (Beta-lactamase inhibitor),13.9,53.2,15.0,25.0,1.1,0.0,1.1,11.6,12.76,0,0,0,0.0,60,1,MODERATE
MED-015,Subcutaneous Injection,Endocrine (Hormone),-3.0,61.0,2.0,8.0,5.0,0.0,5.0,15.9,79.5,1,1,0,0.0,5,1,HIGH
MED-015,Subcutaneous Injection,Endocrine (Hormone),-1.3,29.5,2.0,8.0,3.3,0.0,3.3,34.6,114.18,1,1,0,0.0,349,0,HIGH
MED-008,Tablet,Antibiotic (Fluoroquinolone),27.9,55.8,20.0,25.0,0.0,2.9,2.9,11.1,32.19,0,0,0,0.0,282,0,MODERATE
MED-025,Tablet,Diuretic / Antihypertensive,28.7,23.6,15.0,30.0,0.0,0.0,0.0,28.5,0.0,0,0,0,0.0,464,0,LOW
MED-022,Tablet,Antiplatelet / Hematologic,31.6,75.1,15.0,30.0,0.0,1.6,1.6,33.6,53.76,0,0,0,0.0,308,0,MODERATE
MED-014,Subcutaneous Injection,Endocrine (Hormone),12.8,45.2,2.0,8.0,0.0,4.8,4.8,32.2,154.56,1,1,0,0.0,187,0,HIGH
MED-022,Tablet,Antiplatelet / Hematologic,29.6,76.5,15.0,30.0,0.0,0.0,0.0,3.3,0.0,0,0,0,0.0,213,0,LOW
MED-010,Tablet,Antihistamine,30.0,54.4,20.0,25.0,0.0,5.0,5.0,9.8,49.0,0,0,0,0.0,316,0,MODERATE
MED-017,Nasal Spray Suspension,Corticosteroid / Allergy,28.2,38.7,4.0,30.0,0.0,0.0,0.0,14.3,0.0,0,1,0,0.0,419,0,LOW
MED-021,Tablet,Respiratory (Leukotriene Antagonist),15.9,82.9,15.0,30.0,0.0,0.0,0.0,1.1,0.0,0,0,0,0.0,397,0,LOW
MED-005,Tablet,Antihyperlipidemic (Statin),38.4,48.2,20.0,25.0,0.0,13.4,13.4,51.3,687.42,0,0,0,0.0,212,0,HIGH
MED-021,Tablet,Respiratory (Leukotriene Antagonist),42.6,48.8,15.0,30.0,0.0,12.6,12.6,21.8,274.68,0,0,0,0.0,245,0,HIGH
MED-009,Tablet,Analgesic / NSAID,28.2,20.9,20.0,25.0,0.0,3.2,3.2,7.8,24.96,0,0,0,0.0,354,0,MODERATE
MED-013,Tablet,Endocrine (Thyroid Hormone),16.7,22.9,15.0,30.0,0.0,0.0,0.0,1.2,0.0,0,0,0,0.0,564,0,LOW
MED-013,Tablet,Endocrine (Thyroid Hormone),30.7,29.8,15.0,30.0,0.0,0.7,0.7,16.8,11.76,0,0,0,0.0,403,0,LOW
MED-013,Tablet,Endocrine (Thyroid Hormone),0.9,54.2,15.0,30.0,14.1,0.0,14.1,47.4,668.34,0,0,0,0.0,256,0,HIGH
MED-008,Tablet,Antibiotic (Fluoroquinolone),22.8,83.2,20.0,25.0,0.0,0.0,0.0,0.9,0.0,0,0,0,0.0,315,0,LOW
MED-006,Delayed-Release Capsule,Gastrointestinal (PPI),24.0,61.3,15.0,30.0,0.0,0.0,0.0,2.5,0.0,0,0,0,0.0,635,0,LOW
MED-006,Delayed-Release Capsule,Gastrointestinal (PPI),43.6,42.6,15.0,30.0,0.0,13.6,13.6,11.7,159.12,0,0,0,0.0,16,1,HIGH
MED-022,Tablet,Antiplatelet / Hematologic,11.7,49.2,15.0,30.0,3.3,0.0,3.3,22.5,74.25,0,0,0,0.0,383,0,MODERATE
MED-024,Tablet,Corticosteroid / Anti-inflammatory,29.8,60.0,20.0,25.0,0.0,4.8,4.8,14.7,70.56,0,0,0,0.0,56,1,HIGH
MED-002,Capsule,Antibiotic (Penicillin),46.5,37.5,20.0,25.0,0.0,21.5,21.5,33.0,709.5,0,0,0,0.0,228,0,HIGH
MED-004,Tablet,Antidiabetic (Biguanide),46.8,84.4,20.0,25.0,0.0,21.8,21.8,34.2,745.56,0,0,0,0.0,23,1,HIGH
MED-023,Capsule,Anticonvulsant / Neuropathic,20.7,50.6,15.0,30.0,0.0,0.0,0.0,0.2,0.0,0,0,0,0.0,140,0,LOW
MED-009,Tablet,Analgesic / NSAID,29.4,84.7,20.0,25.0,0.0,4.4,4.4,9.0,39.6,0,0,0,0.0,98,0,MODERATE
MED-005,Tablet,Antihyperlipidemic (Statin),29.1,21.0,20.0,25.0,0.0,4.1,4.1,20.0,82.0,0,0,0,0.0,542,0,MODERATE
MED-006,Delayed-Release Capsule,Gastrointestinal (PPI),10.9,23.1,15.0,30.0,4.1,0.0,4.1,3.0,12.3,0,0,0,0.0,112,0,LOW
MED-003,Tablet,Antibiotic (Beta-lactamase inhibitor),24.6,77.9,15.0,25.0,0.0,0.0,0.0,2.6,0.0,0,0,0,0.0,648,0,LOW
MED-017,Nasal Spray Suspension,Corticosteroid / Allergy,34.3,32.6,4.0,30.0,0.0,4.3,4.3,5.1,21.93,0,1,0,0.0,278,0,MODERATE
MED-022,Tablet,Antiplatelet / Hematologic,13.6,79.6,15.0,30.0,1.4,0.0,1.4,11.2,15.68,0,0,0,0.0,60,1,MODERATE
MED-022,Tablet,Antiplatelet / Hematologic,40.5,77.8,15.0,30.0,0.0,10.5,10.5,67.4,707.7,0,0,0,0.0,249,0,HIGH
MED-013,Tablet,Endocrine (Thyroid Hormone),32.1,32.6,15.0,30.0,0.0,2.1,2.1,2.8,5.88,0,0,0,0.0,345,0,LOW
MED-023,Capsule,Anticonvulsant / Neuropathic,36.3,46.9,15.0,30.0,0.0,6.3,6.3,6.4,40.32,0,0,0,0.0,238,0,MODERATE
MED-021,Tablet,Respiratory (Leukotriene Antagonist),35.1,61.1,15.0,30.0,0.0,5.1,5.1,6.2,31.62,0,0,0,0.0,33,1,MODERATE
MED-009,Tablet,Analgesic / NSAID,21.1,74.4,20.0,25.0,0.0,0.0,0.0,3.3,0.0,0,0,0,0.0,241,0,LOW
MED-024,Tablet,Corticosteroid / Anti-inflammatory,19.3,75.0,20.0,25.0,0.7,0.0,0.7,21.6,15.12,0,0,0,0.0,561,0,LOW
MED-008,Tablet,Antibiotic (Fluoroquinolone),23.2,59.1,20.0,25.0,0.0,0.0,0.0,1.0,0.0,0,0,0,0.0,313,0,LOW
MED-021,Tablet,Respiratory (Leukotriene Antagonist),39.6,64.1,15.0,30.0,0.0,9.6,9.6,71.5,686.4,0,0,0,0.0,183,0,HIGH
MED-004,Tablet,Antidiabetic (Biguanide),29.9,62.2,20.0,25.0,0.0,4.9,4.9,3.7,18.13,0,0,0,0.0,59,1,MODERATE
MED-010,Tablet,Antihistamine,22.8,59.4,20.0,25.0,0.0,0.0,0.0,0.7,0.0,0,0,0,0.0,528,0,LOW
MED-004,Tablet,Antidiabetic (Biguanide),-0.4,83.9,20.0,25.0,20.4,0.0,20.4,67.7,1381.08,0,0,0,0.0,159,0,HIGH
MED-023,Capsule,Anticonvulsant / Neuropathic,33.9,73.7,15.0,30.0,0.0,3.9,3.9,3.4,13.26,0,0,0,0.0,270,0,LOW
MED-022,Tablet,Antiplatelet / Hematologic,28.7,55.9,15.0,30.0,0.0,0.0,0.0,21.6,0.0,0,0,0,0.0,583,0,LOW
MED-009,Tablet,Analgesic / NSAID,23.1,77.9,20.0,25.0,0.0,0.0,0.0,3.5,0.0,0,0,0,0.0,93,0,LOW
MED-009,Tablet,Analgesic / NSAID,45.2,84.1,20.0,25.0,0.0,20.2,20.2,63.2,1276.64,0,0,0,0.0,197,0,HIGH
MED-020,Tablet,Antidepressant (SSRI),27.0,44.5,20.0,25.0,0.0,2.0,2.0,28.3,56.6,0,0,0,0.0,274,0,MODERATE
MED-010,Tablet,Antihistamine,26.0,30.4,20.0,25.0,0.0,1.0,1.0,1.5,1.5,0,0,0,0.0,320,0,LOW
MED-014,Subcutaneous Injection,Endocrine (Hormone),12.5,26.7,2.0,8.0,0.0,4.5,4.5,27.5,123.75,1,1,0,0.0,374,0,HIGH
MED-004,Tablet,Antidiabetic (Biguanide),24.3,76.2,20.0,25.0,0.0,0.0,0.0,3.0,0.0,0,0,0,0.0,660,0,LOW
MED-018,Capsule,Antibiotic (Tetracycline),27.9,61.6,20.0,25.0,0.0,2.9,2.9,22.1,64.09,0,0,0,0.0,235,0,MODERATE
MED-015,Subcutaneous Injection,Endocrine (Hormone),2.2,74.6,2.0,8.0,0.0,0.0,0.0,18.6,0.0,1,1,0,0.0,251,0,LOW
MED-002,Capsule,Antibiotic (Penicillin),28.3,39.0,20.0,25.0,0.0,3.3,3.3,27.8,91.74,0,0,0,0.0,502,0,MODERATE
MED-014,Subcutaneous Injection,Endocrine (Hormone),1.1,50.2,2.0,8.0,0.9,0.0,0.9,1.2,1.08,1,1,0,0.0,566,0,MODERATE
MED-011,Tablet,Antihypertensive (ARB),30.7,42.4,15.0,30.0,0.0,0.7,0.7,31.8,22.26,0,0,0,0.0,277,0,MODERATE
MED-010,Tablet,Antihistamine,30.4,81.1,20.0,25.0,0.0,5.4,5.4,9.0,48.6,0,0,0,0.0,585,0,MODERATE
MED-008,Tablet,Antibiotic (Fluoroquinolone),23.6,23.2,20.0,25.0,0.0,0.0,0.0,32.8,0.0,0,0,0,0.0,296,0,LOW
MED-009,Tablet,Analgesic / NSAID,24.7,77.2,20.0,25.0,0.0,0.0,0.0,3.5,0.0,0,0,0,0.0,165,0,LOW
MED-016,Inhalation Aerosol,Respiratory (Bronchodilator),14.2,77.8,15.0,25.0,0.8,0.0,0.8,13.1,10.48,0,1,0,0.0,82,0,LOW
MED-020,Tablet,Antidepressant (SSRI),22.9,80.0,20.0,25.0,0.0,0.0,0.0,2.1,0.0,0,0,0,0.0,520,0,LOW
MED-005,Tablet,Antihyperlipidemic (Statin),39.5,83.2,20.0,25.0,0.0,14.5,14.5,25.6,371.2,0,0,0,0.0,79,0,HIGH
MED-006,Delayed-Release Capsule,Gastrointestinal (PPI),16.5,67.4,15.0,30.0,0.0,0.0,0.0,2.8,0.0,0,0,0,0.0,155,0,LOW
MED-016,Inhalation Aerosol,Respiratory (Bronchodilator),25.9,44.4,15.0,25.0,0.0,0.9,0.9,13.0,11.7,0,1,0,0.0,335,0,LOW
MED-025,Tablet,Diuretic / Antihypertensive,29.7,66.7,15.0,30.0,0.0,0.0,0.0,1.9,0.0,0,0,0,0.0,53,1,LOW
MED-004,Tablet,Antidiabetic (Biguanide),23.5,81.3,20.0,25.0,0.0,0.0,0.0,0.2,0.0,0,0,0,0.0,165,0,LOW
MED-015,Subcutaneous Injection,Endocrine (Hormone),9.7,78.0,2.0,8.0,0.0,1.7,1.7,6.0,10.2,1,1,0,0.0,198,0,LOW
MED-005,Tablet,Antihyperlipidemic (Statin),30.3,83.0,20.0,25.0,0.0,5.3,5.3,3.8,20.14,0,0,0,0.0,270,0,MODERATE
MED-011,Tablet,Antihypertensive (ARB),39.9,30.6,15.0,30.0,0.0,9.9,9.9,30.9,305.91,0,0,0,0.0,336,0,HIGH
MED-003,Tablet,Antibiotic (Beta-lactamase inhibitor),-4.2,83.9,15.0,25.0,19.2,0.0,19.2,26.0,499.2,0,0,0,0.0,204,0,HIGH
MED-004,Tablet,Antidiabetic (Biguanide),24.7,30.0,20.0,25.0,0.0,0.0,0.0,2.6,0.0,0,0,0,0.0,502,0,LOW
MED-016,Inhalation Aerosol,Respiratory (Bronchodilator),13.8,78.2,15.0,25.0,1.2,0.0,1.2,3.0,3.6,0,1,0,0.0,194,0,LOW
MED-014,Subcutaneous Injection,Endocrine (Hormone),12.1,25.0,2.0,8.0,0.0,4.1,4.1,8.0,32.8,1,1,0,0.0,405,0,MODERATE
MED-009,Tablet,Analgesic / NSAID,26.0,21.6,20.0,25.0,0.0,1.0,1.0,4.6,4.6,0,0,0,0.0,345,0,LOW
MED-011,Tablet,Antihypertensive (ARB),25.2,30.7,15.0,30.0,0.0,0.0,0.0,1.6,0.0,0,0,0,0.0,714,0,LOW
MED-020,Tablet,Antidepressant (SSRI),30.9,26.3,20.0,25.0,0.0,5.9,5.9,3.7,21.83,0,0,0,0.0,569,0,MODERATE
MED-019,Delayed-Release Tablet,Gastrointestinal (PPI),40.4,75.3,20.0,25.0,0.0,15.4,15.4,40.0,616.0,0,0,0,0.0,322,0,HIGH
MED-013,Tablet,Endocrine (Thyroid Hormone),18.5,76.1,15.0,30.0,0.0,0.0,0.0,0.9,0.0,0,0,0,0.0,479,0,LOW
MED-005,Tablet,Antihyperlipidemic (Statin),22.6,71.0,20.0,25.0,0.0,0.0,0.0,2.9,0.0,0,0,0,0.0,675,0,LOW
MED-006,Delayed-Release Capsule,Gastrointestinal (PPI),-0.4,67.0,15.0,30.0,15.4,0.0,15.4,56.7,873.18,0,0,0,0.0,278,0,HIGH
MED-019,Delayed-Release Tablet,Gastrointestinal (PPI),41.5,48.2,20.0,25.0,0.0,16.5,16.5,71.6,1181.4,0,0,0,0.0,202,0,HIGH
MED-017,Nasal Spray Suspension,Corticosteroid / Allergy,47.2,39.9,4.0,30.0,0.0,17.2,17.2,52.5,903.0,0,1,0,0.0,60,1,HIGH
MED-018,Capsule,Antibiotic (Tetracycline),18.8,30.0,20.0,25.0,1.2,0.0,1.2,22.2,26.64,0,0,0,0.0,242,0,MODERATE
MED-015,Subcutaneous Injection,Endocrine (Hormone),7.0,30.2,2.0,8.0,0.0,0.0,0.0,11.3,0.0,1,1,0,0.0,171,0,LOW
MED-004,Tablet,Antidiabetic (Biguanide),16.7,28.3,20.0,25.0,3.3,0.0,3.3,2.7,8.91,0,0,0,0.0,282,0,LOW
MED-004,Tablet,Antidiabetic (Biguanide),4.7,57.7,20.0,25.0,15.3,0.0,15.3,23.3,356.49,0,0,0,0.0,299,0,HIGH
MED-002,Capsule,Antibiotic (Penicillin),26.9,39.7,20.0,25.0,0.0,1.9,1.9,11.9,22.61,0,0,0,0.0,17,1,MODERATE
MED-018,Capsule,Antibiotic (Tetracycline),21.1,77.4,20.0,25.0,0.0,0.0,0.0,11.4,0.0,0,0,0,0.0,35,1,LOW
MED-004,Tablet,Antidiabetic (Biguanide),23.6,27.4,20.0,25.0,0.0,0.0,0.0,0.5,0.0,0,0,0,0.0,553,0,LOW
MED-007,Tablet,Antibiotic (Macrolide),11.7,60.4,15.0,30.0,3.3,0.0,3.3,1.1,3.63,0,0,0,0.0,564,0,LOW
MED-010,Tablet,Antihistamine,23.8,72.9,20.0,25.0,0.0,0.0,0.0,0.1,0.0,0,0,0,0.0,238,0,LOW
MED-008,Tablet,Antibiotic (Fluoroquinolone),36.2,65.7,20.0,25.0,0.0,11.2,11.2,37.5,420.0,0,0,0,0.0,163,0,HIGH
MED-013,Tablet,Endocrine (Thyroid Hormone),12.5,38.7,15.0,30.0,2.5,0.0,2.5,8.0,20.0,0,0,0,0.0,380,0,MODERATE
MED-024,Tablet,Corticosteroid / Anti-inflammatory,29.5,32.7,20.0,25.0,0.0,4.5,4.5,11.4,51.3,0,0,0,0.0,138,0,MODERATE
MED-015,Subcutaneous Injection,Endocrine (Hormone),9.8,53.1,2.0,8.0,0.0,1.8,1.8,34.1,61.38,1,1,0,0.0,600,0,HIGH
MED-019,Delayed-Release Tablet,Gastrointestinal (PPI),27.7,36.4,20.0,25.0,0.0,2.7,2.7,4.2,11.34,0,0,0,0.0,422,0,LOW
MED-016,Inhalation Aerosol,Respiratory (Bronchodilator),10.6,68.5,15.0,25.0,4.4,0.0,4.4,1.3,5.72,0,1,0,0.0,16,1,LOW
MED-016,Inhalation Aerosol,Respiratory (Bronchodilator),15.2,58.5,15.0,25.0,0.0,0.0,0.0,22.5,0.0,0,1,0,0.0,463,0,LOW
MED-023,Capsule,Anticonvulsant / Neuropathic,24.5,60.6,15.0,30.0,0.0,0.0,0.0,0.8,0.0,0,0,0,0.0,596,0,LOW
MED-014,Subcutaneous Injection,Endocrine (Hormone),30.2,40.5,2.0,8.0,0.0,22.2,22.2,14.2,315.24,1,1,0,0.0,242,0,HIGH
MED-001,Tablet,Analgesic / Antipyretic,24.7,42.2,20.0,25.0,0.0,0.0,0.0,0.9,0.0,0,0,0,0.0,598,0,LOW
MED-011,Tablet,Antihypertensive (ARB),37.1,30.5,15.0,30.0,0.0,7.1,7.1,8.5,60.35,0,0,0,0.0,75,0,MODERATE
MED-013,Tablet,Endocrine (Thyroid Hormone),29.3,38.9,15.0,30.0,0.0,0.0,0.0,3.2,0.0,0,0,0,0.0,383,0,LOW
MED-010,Tablet,Antihistamine,37.3,56.7,20.0,25.0,0.0,12.3,12.3,25.9,318.57,0,0,0,0.0,32,1,HIGH
MED-016,Inhalation Aerosol,Respiratory (Bronchodilator),22.4,64.5,15.0,25.0,0.0,0.0,0.0,0.1,0.0,0,1,0,0.0,432,0,LOW
MED-023,Capsule,Anticonvulsant / Neuropathic,30.5,35.6,15.0,30.0,0.0,0.5,0.5,33.1,16.55,0,0,0,0.0,465,0,LOW
MED-020,Tablet,Antidepressant (SSRI),21.7,84.7,20.0,25.0,0.0,0.0,0.0,3.6,0.0,0,0,0,0.0,566,0,LOW
MED-018,Capsule,Antibiotic (Tetracycline),4.7,70.6,20.0,25.0,15.3,0.0,15.3,69.4,1061.82,0,0,0,0.0,69,0,HIGH
MED-002,Capsule,Antibiotic (Penicillin),17.2,72.0,20.0,25.0,2.8,0.0,2.8,7.3,20.44,0,0,0,0.0,448,0,MODERATE
MED-012,Tablet,Antihypertensive (CCB),10.1,49.8,15.0,30.0,4.9,0.0,4.9,10.0,49.0,0,0,0,0.0,240,0,MODERATE
MED-016,Inhalation Aerosol,Respiratory (Bronchodilator),30.8,33.5,15.0,25.0,0.0,5.8,5.8,4.6,26.68,0,1,0,0.0,424,0,MODERATE
MED-010,Tablet,Antihistamine,19.3,55.2,20.0,25.0,0.7,0.0,0.7,7.4,5.18,0,0,0,0.0,253,0,LOW
MED-023,Capsule,Anticonvulsant / Neuropathic,33.2,24.5,15.0,30.0,0.0,3.2,3.2,5.0,16.0,0,0,0,0.0,323,0,LOW
MED-007,Tablet,Antibiotic (Macrolide),17.8,42.7,15.0,30.0,0.0,0.0,0.0,0.2,0.0,0,0,0,0.0,80,0,LOW
MED-014,Subcutaneous Injection,Endocrine (Hormone),10.8,36.8,2.0,8.0,0.0,2.8,2.8,31.9,89.32,1,1,0,0.0,482,0,HIGH
MED-004,Tablet,Antidiabetic (Biguanide),23.9,76.4,20.0,25.0,0.0,0.0,0.0,3.1,0.0,0,0,0,0.0,606,0,LOW
MED-020,Tablet,Antidepressant (SSRI),30.1,42.8,20.0,25.0,0.0,5.1,5.1,8.1,41.31,0,0,0,0.0,143,0,MODERATE
MED-023,Capsule,Anticonvulsant / Neuropathic,11.6,78.1,15.0,30.0,3.4,0.0,3.4,15.2,51.68,0,0,0,0.0,463,0,MODERATE
MED-009,Tablet,Analgesic / NSAID,21.7,80.4,20.0,25.0,0.0,0.0,0.0,13.8,0.0,0,0,0,0.0,361,0,LOW
MED-021,Tablet,Respiratory (Leukotriene Antagonist),12.4,63.3,15.0,30.0,2.6,0.0,2.6,1.4,3.64,0,0,0,0.0,345,0,LOW
MED-019,Delayed-Release Tablet,Gastrointestinal (PPI),20.2,62.7,20.0,25.0,0.0,0.0,0.0,0.3,0.0,0,0,0,0.0,638,0,LOW
MED-017,Nasal Spray Suspension,Corticosteroid / Allergy,34.1,79.9,4.0,30.0,0.0,4.1,4.1,31.8,130.38,0,1,0,0.0,392,0,HIGH
MED-016,Inhalation Aerosol,Respiratory (Bronchodilator),32.9,42.5,15.0,25.0,0.0,7.9,7.9,12.1,95.59,0,1,0,0.0,197,0,MODERATE
MED-024,Tablet,Corticosteroid / Anti-inflammatory,21.3,28.9,20.0,25.0,0.0,0.0,0.0,8.3,0.0,0,0,0,0.0,555,0,LOW
MED-006,Delayed-Release Capsule,Gastrointestinal (PPI),35.9,83.6,15.0,30.0,0.0,5.9,5.9,10.3,60.77,0,0,0,0.0,154,0,MODERATE
MED-018,Capsule,Antibiotic (Tetracycline),32.6,42.4,20.0,25.0,0.0,7.6,7.6,11.8,89.68,0,0,0,0.0,553,0,MODERATE
MED-012,Tablet,Antihypertensive (CCB),36.2,69.0,15.0,30.0,0.0,6.2,6.2,27.1,168.02,0,0,0,0.0,469,0,HIGH
MED-016,Inhalation Aerosol,Respiratory (Bronchodilator),27.0,74.5,15.0,25.0,0.0,2.0,2.0,4.6,9.2,0,1,0,0.0,435,0,LOW
MED-005,Tablet,Antihyperlipidemic (Statin),16.0,33.1,20.0,25.0,4.0,0.0,4.0,2.7,10.8,0,0,0,0.0,101,0,LOW
MED-019,Delayed-Release Tablet,Gastrointestinal (PPI),30.6,77.8,20.0,25.0,0.0,5.6,5.6,25.0,140.0,0,0,0,0.0,62,0,HIGH
MED-004,Tablet,Antidiabetic (Biguanide),17.6,66.1,20.0,25.0,2.4,0.0,2.4,9.0,21.6,0,0,0,0.0,212,0,MODERATE
MED-011,Tablet,Antihypertensive (ARB),38.4,36.6,15.0,30.0,0.0,8.4,8.4,61.6,517.44,0,0,0,0.0,144,0,HIGH
MED-007,Tablet,Antibiotic (Macrolide),36.0,69.8,15.0,30.0,0.0,6.0,6.0,2.1,12.6,0,0,0,0.0,313,0,MODERATE
MED-005,Tablet,Antihyperlipidemic (Statin),46.1,43.8,20.0,25.0,0.0,21.1,21.1,17.6,371.36,0,0,0,0.0,167,0,HIGH
MED-007,Tablet,Antibiotic (Macrolide),33.3,71.7,15.0,30.0,0.0,3.3,3.3,15.3,50.49,0,0,0,0.0,94,0,MODERATE
MED-013,Tablet,Endocrine (Thyroid Hormone),14.1,72.8,15.0,30.0,0.9,0.0,0.9,4.0,3.6,0,0,0,0.0,177,0,LOW
MED-004,Tablet,Antidiabetic (Biguanide),46.6,22.6,20.0,25.0,0.0,21.6,21.6,14.2,306.72,0,0,0,0.0,344,0,HIGH
MED-019,Delayed-Release Tablet,Gastrointestinal (PPI),21.8,56.6,20.0,25.0,0.0,0.0,0.0,0.5,0.0,0,0,0,0.0,668,0,LOW
MED-024,Tablet,Corticosteroid / Anti-inflammatory,29.1,69.5,20.0,25.0,0.0,4.1,4.1,9.9,40.59,0,0,0,0.0,327,0,MODERATE
MED-023,Capsule,Anticonvulsant / Neuropathic,33.4,68.9,15.0,30.0,0.0,3.4,3.4,6.7,22.78,0,0,0,0.0,185,0,MODERATE
MED-012,Tablet,Antihypertensive (CCB),42.9,79.1,15.0,30.0,0.0,12.9,12.9,54.3,700.47,0,0,0,0.0,189,0,HIGH
MED-019,Delayed-Release Tablet,Gastrointestinal (PPI),41.4,33.5,20.0,25.0,0.0,16.4,16.4,30.1,493.64,0,0,0,0.0,45,1,HIGH
MED-015,Subcutaneous Injection,Endocrine (Hormone),6.4,50.0,2.0,8.0,0.0,0.0,0.0,0.1,0.0,1,1,0,0.0,283,0,LOW
MED-001,Tablet,Analgesic / Antipyretic,41.7,78.4,20.0,25.0,0.0,16.7,16.7,31.6,527.72,0,0,0,0.0,183,0,HIGH
MED-007,Tablet,Antibiotic (Macrolide),39.7,64.2,15.0,30.0,0.0,9.7,9.7,71.0,688.7,0,0,0,0.0,202,0,HIGH
MED-011,Tablet,Antihypertensive (ARB),11.3,61.0,15.0,30.0,3.7,0.0,3.7,15.9,58.83,0,0,0,0.0,588,0,MODERATE
MED-007,Tablet,Antibiotic (Macrolide),43.7,30.3,15.0,30.0,0.0,13.7,13.7,19.4,265.78,0,0,0,0.0,113,0,HIGH
MED-002,Capsule,Antibiotic (Penicillin),21.9,37.2,20.0,25.0,0.0,0.0,0.0,3.9,0.0,0,0,0,0.0,198,0,LOW
MED-020,Tablet,Antidepressant (SSRI),21.5,65.2,20.0,25.0,0.0,0.0,0.0,2.4,0.0,0,0,0,0.0,169,0,LOW
MED-001,Tablet,Analgesic / Antipyretic,23.8,72.1,20.0,25.0,0.0,0.0,0.0,8.4,0.0,0,0,0,0.0,453,0,LOW
MED-015,Subcutaneous Injection,Endocrine (Hormone),-1.3,81.0,2.0,8.0,3.3,0.0,3.3,9.5,31.35,1,1,0,0.0,520,0,HIGH
MED-009,Tablet,Analgesic / NSAID,28.5,22.7,20.0,25.0,0.0,3.5,3.5,12.3,43.05,0,0,0,0.0,352,0,MODERATE
MED-015,Subcutaneous Injection,Endocrine (Hormone),14.8,47.8,2.0,8.0,0.0,6.8,6.8,5.7,38.76,1,1,0,0.0,87,0,MODERATE
MED-008,Tablet,Antibiotic (Fluoroquinolone),30.0,58.0,20.0,25.0,0.0,5.0,5.0,22.5,112.5,0,0,0,0.0,337,0,MODERATE
MED-022,Tablet,Antiplatelet / Hematologic,14.4,71.8,15.0,30.0,0.6,0.0,0.6,14.0,8.4,0,0,0,0.0,464,0,LOW
MED-008,Tablet,Antibiotic (Fluoroquinolone),27.8,69.6,20.0,25.0,0.0,2.8,2.8,14.0,39.2,0,0,0,0.0,229,0,MODERATE
MED-015,Subcutaneous Injection,Endocrine (Hormone),4.6,62.3,2.0,8.0,0.0,0.0,0.0,3.3,0.0,1,1,0,0.0,372,0,LOW
MED-010,Tablet,Antihistamine,30.8,44.9,20.0,25.0,0.0,5.8,5.8,12.5,72.5,0,0,0,0.0,271,0,MODERATE
MED-020,Tablet,Antidepressant (SSRI),46.9,45.3,20.0,25.0,0.0,21.9,21.9,43.1,943.89,0,0,0,0.0,177,0,HIGH
MED-007,Tablet,Antibiotic (Macrolide),32.8,30.2,15.0,30.0,0.0,2.8,2.8,8.0,22.4,0,0,0,0.0,171,0,MODERATE
MED-016,Inhalation Aerosol,Respiratory (Bronchodilator),12.1,71.1,15.0,25.0,2.9,0.0,2.9,7.6,22.04,0,1,0,0.0,408,0,MODERATE
MED-008,Tablet,Antibiotic (Fluoroquinolone),20.0,70.5,20.0,25.0,0.0,0.0,0.0,2.0,0.0,0,0,0,0.0,391,0,LOW
MED-022,Tablet,Antiplatelet / Hematologic,33.0,28.7,15.0,30.0,0.0,3.0,3.0,2.2,6.6,0,0,0,0.0,346,0,LOW
MED-004,Tablet,Antidiabetic (Biguanide),16.8,54.0,20.0,25.0,3.2,0.0,3.2,5.0,16.0,0,0,0,0.0,262,0,LOW
MED-009,Tablet,Analgesic / NSAID,31.1,49.5,20.0,25.0,0.0,6.1,6.1,32.6,198.86,0,0,0,0.0,58,1,HIGH
MED-004,Tablet,Antidiabetic (Biguanide),47.9,33.3,20.0,25.0,0.0,22.9,22.9,23.1,528.99,0,0,0,0.0,225,0,HIGH
MED-012,Tablet,Antihypertensive (CCB),43.2,34.2,15.0,30.0,0.0,13.2,13.2,60.4,797.28,0,0,0,0.0,285,0,HIGH
MED-007,Tablet,Antibiotic (Macrolide),16.2,42.3,15.0,30.0,0.0,0.0,0.0,1.9,0.0,0,0,0,0.0,466,0,LOW
MED-020,Tablet,Antidepressant (SSRI),36.1,41.7,20.0,25.0,0.0,11.1,11.1,43.9,487.29,0,0,0,0.0,134,0,HIGH
MED-023,Capsule,Anticonvulsant / Neuropathic,12.1,60.4,15.0,30.0,2.9,0.0,2.9,1.3,3.77,0,0,0,0.0,148,0,LOW
MED-004,Tablet,Antidiabetic (Biguanide),32.9,68.6,20.0,25.0,0.0,7.9,7.9,14.9,117.71,0,0,0,0.0,563,0,MODERATE
MED-021,Tablet,Respiratory (Leukotriene Antagonist),29.7,74.3,15.0,30.0,0.0,0.0,0.0,28.4,0.0,0,0,0,0.0,421,0,LOW
MED-017,Nasal Spray Suspension,Corticosteroid / Allergy,33.1,33.5,4.0,30.0,0.0,3.1,3.1,12.0,37.2,0,1,0,0.0,127,0,MODERATE
MED-016,Inhalation Aerosol,Respiratory (Bronchodilator),20.9,56.1,15.0,25.0,0.0,0.0,0.0,1.9,0.0,0,1,0,0.0,147,0,LOW
MED-014,Subcutaneous Injection,Endocrine (Hormone),14.3,69.6,2.0,8.0,0.0,6.3,6.3,5.9,37.17,1,1,0,0.0,299,0,MODERATE
MED-021,Tablet,Respiratory (Leukotriene Antagonist),24.7,41.6,15.0,30.0,0.0,0.0,0.0,3.9,0.0,0,0,0,0.0,723,0,LOW
MED-008,Tablet,Antibiotic (Fluoroquinolone),36.7,80.2,20.0,25.0,0.0,11.7,11.7,65.9,771.03,0,0,0,0.0,117,0,HIGH
MED-011,Tablet,Antihypertensive (ARB),13.2,47.5,15.0,30.0,1.8,0.0,1.8,5.6,10.08,0,0,0,0.0,243,0,LOW
MED-019,Delayed-Release Tablet,Gastrointestinal (PPI),26.7,25.7,20.0,25.0,0.0,1.7,1.7,14.0,23.8,0,0,0,0.0,170,0,MODERATE
MED-019,Delayed-Release Tablet,Gastrointestinal (PPI),26.9,80.5,20.0,25.0,0.0,1.9,1.9,10.1,19.19,0,0,0,0.0,106,0,LOW
MED-015,Subcutaneous Injection,Endocrine (Hormone),11.5,51.7,2.0,8.0,0.0,3.5,3.5,32.2,112.7,1,1,0,0.0,443,0,HIGH
MED-018,Capsule,Antibiotic (Tetracycline),30.9,36.0,20.0,25.0,0.0,5.9,5.9,9.3,54.87,0,0,0,0.0,189,0,MODERATE
MED-025,Tablet,Diuretic / Antihypertensive,35.2,74.0,15.0,30.0,0.0,5.2,5.2,10.4,54.08,0,0,0,0.0,96,0,MODERATE
MED-023,Capsule,Anticonvulsant / Neuropathic,33.2,79.3,15.0,30.0,0.0,3.2,3.2,3.3,10.56,0,0,0,0.0,333,0,LOW
MED-004,Tablet,Antidiabetic (Biguanide),30.8,33.7,20.0,25.0,0.0,5.8,5.8,1.9,11.02,0,0,0,0.0,501,0,MODERATE
MED-006,Delayed-Release Capsule,Gastrointestinal (PPI),22.7,41.5,15.0,30.0,0.0,0.0,0.0,2.2,0.0,0,0,0,0.0,279,0,LOW
MED-016,Inhalation Aerosol,Respiratory (Bronchodilator),29.9,58.3,15.0,25.0,0.0,4.9,4.9,4.3,21.07,0,1,0,0.0,29,1,MODERATE
MED-008,Tablet,Antibiotic (Fluoroquinolone),42.2,43.1,20.0,25.0,0.0,17.2,17.2,37.4,643.28,0,0,0,0.0,215,0,HIGH
MED-013,Tablet,Endocrine (Thyroid Hormone),4.6,78.4,15.0,30.0,10.4,0.0,10.4,14.9,154.96,0,0,0,0.0,15,1,HIGH
MED-021,Tablet,Respiratory (Leukotriene Antagonist),15.3,83.6,15.0,30.0,0.0,0.0,0.0,22.5,0.0,0,0,0,0.0,114,0,LOW
MED-025,Tablet,Diuretic / Antihypertensive,28.7,57.4,15.0,30.0,0.0,0.0,0.0,1.9,0.0,0,0,0,0.0,438,0,LOW
MED-024,Tablet,Corticosteroid / Anti-inflammatory,28.1,54.9,20.0,25.0,0.0,3.1,3.1,28.3,87.73,0,0,0,0.0,449,0,MODERATE
MED-014,Subcutaneous Injection,Endocrine (Hormone),8.7,82.2,2.0,8.0,0.0,0.7,0.7,4.9,3.43,1,1,0,0.0,251,0,LOW
MED-018,Capsule,Antibiotic (Tetracycline),26.0,29.6,20.0,25.0,0.0,1.0,1.0,14.3,14.3,0,0,0,0.0,112,0,LOW
MED-002,Capsule,Antibiotic (Penicillin),28.4,41.9,20.0,25.0,0.0,3.4,3.4,10.4,35.36,0,0,0,0.0,473,0,MODERATE
MED-011,Tablet,Antihypertensive (ARB),40.8,63.5,15.0,30.0,0.0,10.8,10.8,46.3,500.04,0,0,0,0.0,270,0,HIGH
MED-014,Subcutaneous Injection,Endocrine (Hormone),11.6,81.9,2.0,8.0,0.0,3.6,3.6,4.7,16.92,1,1,0,0.0,49,0,MODERATE
MED-016,Inhalation Aerosol,Respiratory (Bronchodilator),30.8,23.1,15.0,25.0,0.0,5.8,5.8,14.3,82.94,0,1,0,0.0,205,0,MODERATE
MED-021,Tablet,Respiratory (Leukotriene Antagonist),29.6,46.0,15.0,30.0,0.0,0.0,0.0,6.6,0.0,0,0,0,0.0,531,0,LOW
MED-019,Delayed-Release Tablet,Gastrointestinal (PPI),29.2,53.0,20.0,25.0,0.0,4.2,4.2,2.9,12.18,0,0,0,0.0,351,0,LOW
MED-001,Tablet,Analgesic / Antipyretic,42.6,76.2,20.0,25.0,0.0,17.6,17.6,17.4,306.24,0,0,0,0.0,115,0,HIGH
MED-017,Nasal Spray Suspension,Corticosteroid / Allergy,25.0,38.5,4.0,30.0,0.0,0.0,0.0,2.7,0.0,0,1,0,0.0,657,0,LOW
MED-021,Tablet,Respiratory (Leukotriene Antagonist),31.8,74.1,15.0,30.0,0.0,1.8,1.8,25.9,46.62,0,0,0,0.0,232,0,MODERATE
MED-012,Tablet,Antihypertensive (CCB),41.0,55.5,15.0,30.0,0.0,11.0,11.0,39.3,432.3,0,0,0,0.0,250,0,HIGH
MED-016,Inhalation Aerosol,Respiratory (Bronchodilator),40.3,56.9,15.0,25.0,0.0,15.3,15.3,25.3,387.09,0,1,0,0.0,196,0,HIGH
MED-012,Tablet,Antihypertensive (CCB),20.7,59.3,15.0,30.0,0.0,0.0,0.0,2.3,0.0,0,0,0,0.0,400,0,LOW
MED-009,Tablet,Analgesic / NSAID,22.4,48.6,20.0,25.0,0.0,0.0,0.0,1.0,0.0,0,0,0,0.0,563,0,LOW
MED-022,Tablet,Antiplatelet / Hematologic,29.0,67.3,15.0,30.0,0.0,0.0,0.0,0.6,0.0,0,0,0,0.0,349,0,LOW
MED-009,Tablet,Analgesic / NSAID,3.6,40.2,20.0,25.0,16.4,0.0,16.4,41.1,674.04,0,0,0,0.0,358,0,HIGH
MED-016,Inhalation Aerosol,Respiratory (Bronchodilator),21.8,74.6,15.0,25.0,0.0,0.0,0.0,1.7,0.0,0,1,0,0.0,448,0,LOW
MED-002,Capsule,Antibiotic (Penicillin),19.4,82.3,20.0,25.0,0.6,0.0,0.6,17.0,10.2,0,0,0,0.0,117,0,LOW
MED-009,Tablet,Analgesic / NSAID,25.0,33.8,20.0,25.0,0.0,0.0,0.0,35.7,0.0,0,0,0,0.0,566,0,LOW
MED-005,Tablet,Antihyperlipidemic (Statin),21.2,39.2,20.0,25.0,0.0,0.0,0.0,3.7,0.0,0,0,0,0.0,454,0,LOW
MED-009,Tablet,Analgesic / NSAID,26.1,70.6,20.0,25.0,0.0,1.1,1.1,7.8,8.58,0,0,0,0.0,70,0,LOW
MED-012,Tablet,Antihypertensive (CCB),32.3,49.7,15.0,30.0,0.0,2.3,2.3,3.6,8.28,0,0,0,0.0,462,0,LOW
MED-012,Tablet,Antihypertensive (CCB),31.6,36.1,15.0,30.0,0.0,1.6,1.6,9.4,15.04,0,0,0,0.0,262,0,LOW
MED-003,Tablet,Antibiotic (Beta-lactamase inhibitor),30.8,77.6,15.0,25.0,0.0,5.8,5.8,16.3,94.54,0,0,0,0.0,376,0,MODERATE
MED-015,Subcutaneous Injection,Endocrine (Hormone),9.1,42.2,2.0,8.0,0.0,1.1,1.1,26.2,28.82,1,1,0,0.0,139,0,MODERATE
MED-003,Tablet,Antibiotic (Beta-lactamase inhibitor),42.7,76.3,15.0,25.0,0.0,17.7,17.7,44.4,785.88,0,0,0,0.0,176,0,HIGH
MED-021,Tablet,Respiratory (Leukotriene Antagonist),46.9,80.0,15.0,30.0,0.0,16.9,16.9,14.0,236.6,0,0,0,0.0,306,0,HIGH
MED-021,Tablet,Respiratory (Leukotriene Antagonist),32.3,53.5,15.0,30.0,0.0,2.3,2.3,5.7,13.11,0,0,0,0.0,372,0,LOW
MED-014,Subcutaneous Injection,Endocrine (Hormone),16.0,63.8,2.0,8.0,0.0,8.0,8.0,13.9,111.2,1,1,0,0.0,508,0,HIGH
MED-013,Tablet,Endocrine (Thyroid Hormone),10.3,77.5,15.0,30.0,4.7,0.0,4.7,12.7,59.69,0,0,0,0.0,589,0,MODERATE
MED-021,Tablet,Respiratory (Leukotriene Antagonist),44.0,67.7,15.0,30.0,0.0,14.0,14.0,15.7,219.8,0,0,0,0.0,101,0,HIGH
MED-002,Capsule,Antibiotic (Penicillin),29.6,60.6,20.0,25.0,0.0,4.6,4.6,28.9,132.94,0,0,0,0.0,426,0,HIGH
MED-003,Tablet,Antibiotic (Beta-lactamase inhibitor),36.1,59.6,15.0,25.0,0.0,11.1,11.1,17.6,195.36,0,0,0,0.0,180,0,HIGH
MED-022,Tablet,Antiplatelet / Hematologic,11.6,50.8,15.0,30.0,3.4,0.0,3.4,20.0,68.0,0,0,0,0.0,418,0,MODERATE
MED-008,Tablet,Antibiotic (Fluoroquinolone),19.1,47.9,20.0,25.0,0.9,0.0,0.9,23.7,21.33,0,0,0,0.0,184,0,MODERATE
MED-021,Tablet,Respiratory (Leukotriene Antagonist),19.5,63.1,15.0,30.0,0.0,0.0,0.0,2.6,0.0,0,0,0,0.0,39,1,LOW
MED-021,Tablet,Respiratory (Leukotriene Antagonist),27.1,32.5,15.0,30.0,0.0,0.0,0.0,1.8,0.0,0,0,0,0.0,385,0,LOW
MED-017,Nasal Spray Suspension,Corticosteroid / Allergy,3.9,77.8,4.0,30.0,0.1,0.0,0.1,3.9,0.39,0,1,0,0.0,283,0,LOW
MED-003,Tablet,Antibiotic (Beta-lactamase inhibitor),36.9,62.9,15.0,25.0,0.0,11.9,11.9,28.1,334.39,0,0,0,0.0,172,0,HIGH
MED-008,Tablet,Antibiotic (Fluoroquinolone),23.3,61.5,20.0,25.0,0.0,0.0,0.0,2.1,0.0,0,0,0,0.0,81,0,LOW
MED-024,Tablet,Corticosteroid / Anti-inflammatory,22.4,47.4,20.0,25.0,0.0,0.0,0.0,0.0,0.0,0,0,0,0.0,183,0,LOW
MED-020,Tablet,Antidepressant (SSRI),-0.4,30.2,20.0,25.0,20.4,0.0,20.4,62.6,1277.04,0,0,0,0.0,150,0,HIGH
MED-004,Tablet,Antidiabetic (Biguanide),35.2,71.1,20.0,25.0,0.0,10.2,10.2,54.4,554.88,0,0,0,0.0,179,0,HIGH
MED-003,Tablet,Antibiotic (Beta-lactamase inhibitor),18.4,83.1,15.0,25.0,0.0,0.0,0.0,2.2,0.0,0,0,0,0.0,714,0,LOW
MED-022,Tablet,Antiplatelet / Hematologic,16.3,47.5,15.0,30.0,0.0,0.0,0.0,2.7,0.0,0,0,0,0.0,619,0,LOW
MED-017,Nasal Spray Suspension,Corticosteroid / Allergy,35.9,62.1,4.0,30.0,0.0,5.9,5.9,12.8,75.52,0,1,0,0.0,189,0,MODERATE
MED-013,Tablet,Endocrine (Thyroid Hormone),32.3,64.2,15.0,30.0,0.0,2.3,2.3,7.8,17.94,0,0,0,0.0,231,0,LOW
MED-002,Capsule,Antibiotic (Penicillin),21.1,26.7,20.0,25.0,0.0,0.0,0.0,1.0,0.0,0,0,0,0.0,396,0,LOW
MED-004,Tablet,Antidiabetic (Biguanide),44.8,36.0,20.0,25.0,0.0,19.8,19.8,48.8,966.24,0,0,0,0.0,324,0,HIGH
MED-007,Tablet,Antibiotic (Macrolide),33.9,58.6,15.0,30.0,0.0,3.9,3.9,18.7,72.93,0,0,0,0.0,498,0,MODERATE
MED-005,Tablet,Antihyperlipidemic (Statin),22.3,25.7,20.0,25.0,0.0,0.0,0.0,1.3,0.0,0,0,0,0.0,54,1,LOW
MED-005,Tablet,Antihyperlipidemic (Statin),24.3,66.3,20.0,25.0,0.0,0.0,0.0,0.7,0.0,0,0,0,0.0,196,0,LOW
MED-025,Tablet,Diuretic / Antihypertensive,33.9,24.4,15.0,30.0,0.0,3.9,3.9,10.1,39.39,0,0,0,0.0,388,0,MODERATE
MED-019,Delayed-Release Tablet,Gastrointestinal (PPI),36.6,59.9,20.0,25.0,0.0,11.6,11.6,35.5,411.8,0,0,0,0.0,101,0,HIGH
MED-013,Tablet,Endocrine (Thyroid Hormone),31.6,54.1,15.0,30.0,0.0,1.6,1.6,6.7,10.72,0,0,0,0.0,160,0,LOW
MED-019,Delayed-Release Tablet,Gastrointestinal (PPI),19.0,83.2,20.0,25.0,1.0,0.0,1.0,11.7,11.7,0,0,0,0.0,330,0,LOW
MED-019,Delayed-Release Tablet,Gastrointestinal (PPI),43.8,20.9,20.0,25.0,0.0,18.8,18.8,61.1,1148.68,0,0,0,0.0,6,1,HIGH
MED-020,Tablet,Antidepressant (SSRI),20.1,52.4,20.0,25.0,0.0,0.0,0.0,2.0,0.0,0,0,0,0.0,289,0,LOW
MED-012,Tablet,Antihypertensive (CCB),27.4,22.6,15.0,30.0,0.0,0.0,0.0,1.1,0.0,0,0,0,0.0,89,0,LOW
MED-018,Capsule,Antibiotic (Tetracycline),15.0,71.1,20.0,25.0,5.0,0.0,5.0,2.5,12.5,0,0,0,0.0,392,0,MODERATE
MED-007,Tablet,Antibiotic (Macrolide),13.0,50.9,15.0,30.0,2.0,0.0,2.0,12.6,25.2,0,0,0,0.0,551,0,MODERATE
MED-021,Tablet,Respiratory (Leukotriene Antagonist),20.4,77.9,15.0,30.0,0.0,0.0,0.0,3.0,0.0,0,0,0,0.0,92,0,LOW
MED-019,Delayed-Release Tablet,Gastrointestinal (PPI),33.4,73.9,20.0,25.0,0.0,8.4,8.4,8.8,73.92,0,0,0,0.0,134,0,MODERATE
MED-007,Tablet,Antibiotic (Macrolide),35.3,71.6,15.0,30.0,0.0,5.3,5.3,6.8,36.04,0,0,0,0.0,363,0,MODERATE
MED-014,Subcutaneous Injection,Endocrine (Hormone),15.1,52.7,2.0,8.0,0.0,7.1,7.1,23.4,166.14,1,1,0,0.0,506,0,HIGH
MED-022,Tablet,Antiplatelet / Hematologic,32.4,68.9,15.0,30.0,0.0,2.4,2.4,6.2,14.88,0,0,0,0.0,499,0,LOW
MED-009,Tablet,Analgesic / NSAID,31.9,59.0,20.0,25.0,0.0,6.9,6.9,31.7,218.73,0,0,0,0.0,302,0,HIGH
MED-011,Tablet,Antihypertensive (ARB),15.2,75.0,15.0,30.0,0.0,0.0,0.0,11.4,0.0,0,0,0,0.0,560,0,LOW
MED-019,Delayed-Release Tablet,Gastrointestinal (PPI),35.2,34.8,20.0,25.0,0.0,10.2,10.2,25.2,257.04,0,0,0,0.0,67,0,HIGH
MED-003,Tablet,Antibiotic (Beta-lactamase inhibitor),29.8,57.3,15.0,25.0,0.0,4.8,4.8,5.1,24.48,0,0,0,0.0,318,0,MODERATE
MED-022,Tablet,Antiplatelet / Hematologic,10.5,69.6,15.0,30.0,4.5,0.0,4.5,5.7,25.65,0,0,0,0.0,22,1,MODERATE
MED-007,Tablet,Antibiotic (Macrolide),38.2,71.9,15.0,30.0,0.0,8.2,8.2,33.8,277.16,0,0,0,0.0,327,0,HIGH
MED-020,Tablet,Antidepressant (SSRI),15.9,84.4,20.0,25.0,4.1,0.0,4.1,17.1,70.11,0,0,0,0.0,240,0,MODERATE
MED-006,Delayed-Release Capsule,Gastrointestinal (PPI),15.9,46.3,15.0,30.0,0.0,0.0,0.0,6.6,0.0,0,0,0,0.0,24,1,LOW
MED-024,Tablet,Corticosteroid / Anti-inflammatory,31.3,53.6,20.0,25.0,0.0,6.3,6.3,4.6,28.98,0,0,0,0.0,54,1,MODERATE
MED-003,Tablet,Antibiotic (Beta-lactamase inhibitor),48.0,67.7,15.0,25.0,0.0,23.0,23.0,48.3,1110.9,0,0,0,0.0,119,0,HIGH
MED-021,Tablet,Respiratory (Leukotriene Antagonist),31.9,81.7,15.0,30.0,0.0,1.9,1.9,10.8,20.52,0,0,0,0.0,484,0,MODERATE
MED-012,Tablet,Antihypertensive (CCB),15.2,72.5,15.0,30.0,0.0,0.0,0.0,17.8,0.0,0,0,0,0.0,567,0,LOW
MED-004,Tablet,Antidiabetic (Biguanide),20.6,28.6,20.0,25.0,0.0,0.0,0.0,10.3,0.0,0,0,0,0.0,185,0,LOW
MED-021,Tablet,Respiratory (Leukotriene Antagonist),28.8,22.4,15.0,30.0,0.0,0.0,0.0,34.1,0.0,0,0,0,0.0,127,0,LOW
MED-018,Capsule,Antibiotic (Tetracycline),16.0,66.3,20.0,25.0,4.0,0.0,4.0,3.1,12.4,0,0,0,0.0,574,0,LOW
MED-004,Tablet,Antidiabetic (Biguanide),29.9,30.8,20.0,25.0,0.0,4.9,4.9,11.4,55.86,0,0,0,0.0,313,0,MODERATE
MED-009,Tablet,Analgesic / NSAID,29.3,54.7,20.0,25.0,0.0,4.3,4.3,7.8,33.54,0,0,0,0.0,365,0,MODERATE
MED-023,Capsule,Anticonvulsant / Neuropathic,10.0,28.3,15.0,30.0,5.0,0.0,5.0,6.7,33.5,0,0,0,0.0,67,0,MODERATE
MED-024,Tablet,Corticosteroid / Anti-inflammatory,37.4,30.5,20.0,25.0,0.0,12.4,12.4,24.5,303.8,0,0,0,0.0,137,0,HIGH
MED-019,Delayed-Release Tablet,Gastrointestinal (PPI),21.1,30.3,20.0,25.0,0.0,0.0,0.0,2.4,0.0,0,0,0,0.0,375,0,LOW
MED-006,Delayed-Release Capsule,Gastrointestinal (PPI),17.0,26.8,15.0,30.0,0.0,0.0,0.0,23.6,0.0,0,0,0,0.0,545,0,LOW
MED-014,Subcutaneous Injection,Endocrine (Hormone),-4.5,74.8,2.0,8.0,6.5,0.0,6.5,37.9,246.35,1,1,0,0.0,220,0,HIGH
MED-008,Tablet,Antibiotic (Fluoroquinolone),30.7,83.4,20.0,25.0,0.0,5.7,5.7,17.9,102.03,0,0,0,0.0,46,1,HIGH
MED-005,Tablet,Antihyperlipidemic (Statin),18.5,71.2,20.0,25.0,1.5,0.0,1.5,19.6,29.4,0,0,0,0.0,512,0,MODERATE
MED-018,Capsule,Antibiotic (Tetracycline),27.6,64.8,20.0,25.0,0.0,2.6,2.6,15.5,40.3,0,0,0,0.0,238,0,MODERATE
MED-022,Tablet,Antiplatelet / Hematologic,11.0,65.8,15.0,30.0,4.0,0.0,4.0,19.5,78.0,0,0,0,0.0,29,1,HIGH
MED-024,Tablet,Corticosteroid / Anti-inflammatory,33.5,58.9,20.0,25.0,0.0,8.5,8.5,52.1,442.85,0,0,0,0.0,177,0,HIGH
MED-025,Tablet,Diuretic / Antihypertensive,31.2,69.5,15.0,30.0,0.0,1.2,1.2,4.8,5.76,0,0,0,0.0,370,0,LOW
MED-016,Inhalation Aerosol,Respiratory (Bronchodilator),27.7,58.8,15.0,25.0,0.0,2.7,2.7,3.8,10.26,0,1,0,0.0,441,0,LOW
MED-006,Delayed-Release Capsule,Gastrointestinal (PPI),31.9,47.4,15.0,30.0,0.0,1.9,1.9,3.1,5.89,0,0,0,0.0,372,0,LOW
MED-022,Tablet,Antiplatelet / Hematologic,17.8,41.0,15.0,30.0,0.0,0.0,0.0,0.6,0.0,0,0,0,0.0,127,0,LOW
MED-003,Tablet,Antibiotic (Beta-lactamase inhibitor),10.1,82.2,15.0,25.0,4.9,0.0,4.9,10.0,49.0,0,0,0,0.0,59,1,HIGH
MED-012,Tablet,Antihypertensive (CCB),36.5,49.1,15.0,30.0,0.0,6.5,6.5,25.2,163.8,0,0,0,0.0,505,0,HIGH
MED-012,Tablet,Antihypertensive (CCB),10.1,43.2,15.0,30.0,4.9,0.0,4.9,23.3,114.17,0,0,0,0.0,218,0,MODERATE
MED-005,Tablet,Antihyperlipidemic (Statin),26.2,70.7,20.0,25.0,0.0,1.2,1.2,26.9,32.28,0,0,0,0.0,487,0,MODERATE
MED-005,Tablet,Antihyperlipidemic (Statin),29.2,50.0,20.0,25.0,0.0,4.2,4.2,9.4,39.48,0,0,0,0.0,182,0,MODERATE
MED-004,Tablet,Antidiabetic (Biguanide),17.3,23.8,20.0,25.0,2.7,0.0,2.7,13.8,37.26,0,0,0,0.0,553,0,MODERATE
MED-011,Tablet,Antihypertensive (ARB),44.1,79.4,15.0,30.0,0.0,14.1,14.1,56.1,791.01,0,0,0,0.0,261,0,HIGH
MED-009,Tablet,Analgesic / NSAID,20.5,28.6,20.0,25.0,0.0,0.0,0.0,3.5,0.0,0,0,0,0.0,208,0,LOW
MED-020,Tablet,Antidepressant (SSRI),21.6,72.5,20.0,25.0,0.0,0.0,0.0,2.9,0.0,0,0,0,0.0,294,0,LOW
MED-014,Subcutaneous Injection,Endocrine (Hormone),10.7,42.9,2.0,8.0,0.0,2.7,2.7,19.7,53.19,1,1,0,0.0,530,0,MODERATE
MED-004,Tablet,Antidiabetic (Biguanide),26.5,62.9,20.0,25.0,0.0,1.5,1.5,6.7,10.05,0,0,0,0.0,371,0,LOW
MED-019,Delayed-Release Tablet,Gastrointestinal (PPI),15.1,46.0,20.0,25.0,4.9,0.0,4.9,2.9,14.21,0,0,0,0.0,167,0,LOW
MED-025,Tablet,Diuretic / Antihypertensive,11.3,75.2,15.0,30.0,3.7,0.0,3.7,4.7,17.39,0,0,0,0.0,261,0,LOW
MED-023,Capsule,Anticonvulsant / Neuropathic,34.5,29.0,15.0,30.0,0.0,4.5,4.5,16.2,72.9,0,0,0,0.0,220,0,MODERATE
MED-012,Tablet,Antihypertensive (CCB),32.6,79.0,15.0,30.0,0.0,2.6,2.6,30.8,80.08,0,0,0,0.0,74,0,MODERATE
MED-025,Tablet,Diuretic / Antihypertensive,31.7,78.4,15.0,30.0,0.0,1.7,1.7,7.8,13.26,0,0,0,0.0,93,0,LOW
MED-015,Subcutaneous Injection,Endocrine (Hormone),-1.0,75.7,2.0,8.0,3.0,0.0,3.0,21.6,64.8,1,1,0,0.0,13,1,HIGH
MED-004,Tablet,Antidiabetic (Biguanide),28.8,53.7,20.0,25.0,0.0,3.8,3.8,10.6,40.28,0,0,0,0.0,113,0,MODERATE
MED-011,Tablet,Antihypertensive (ARB),34.0,77.9,15.0,30.0,0.0,4.0,4.0,2.4,9.6,0,0,0,0.0,402,0,LOW
MED-018,Capsule,Antibiotic (Tetracycline),1.9,72.0,20.0,25.0,18.1,0.0,18.1,56.4,1020.84,0,0,0,0.0,59,1,HIGH
MED-007,Tablet,Antibiotic (Macrolide),22.8,23.7,15.0,30.0,0.0,0.0,0.0,1.0,0.0,0,0,0,0.0,183,0,LOW
MED-011,Tablet,Antihypertensive (ARB),12.3,61.3,15.0,30.0,2.7,0.0,2.7,21.1,56.97,0,0,0,0.0,219,0,MODERATE
MED-008,Tablet,Antibiotic (Fluoroquinolone),18.2,25.0,20.0,25.0,1.8,0.0,1.8,18.7,33.66,0,0,0,0.0,202,0,MODERATE
MED-011,Tablet,Antihypertensive (ARB),36.6,58.2,15.0,30.0,0.0,6.6,6.6,2.9,19.14,0,0,0,0.0,557,0,MODERATE
MED-016,Inhalation Aerosol,Respiratory (Bronchodilator),15.6,20.9,15.0,25.0,0.0,0.0,0.0,5.3,0.0,0,1,0,0.0,315,0,LOW
MED-017,Nasal Spray Suspension,Corticosteroid / Allergy,5.6,74.8,4.0,30.0,0.0,0.0,0.0,18.1,0.0,0,1,0,0.0,139,0,LOW
MED-011,Tablet,Antihypertensive (ARB),33.1,60.6,15.0,30.0,0.0,3.1,3.1,7.9,24.49,0,0,0,0.0,370,0,MODERATE
MED-010,Tablet,Antihistamine,27.7,26.0,20.0,25.0,0.0,2.7,2.7,15.9,42.93,0,0,0,0.0,323,0,MODERATE
MED-023,Capsule,Anticonvulsant / Neuropathic,27.9,44.7,15.0,30.0,0.0,0.0,0.0,3.1,0.0,0,0,0,0.0,50,1,LOW
MED-018,Capsule,Antibiotic (Tetracycline),24.5,62.2,20.0,25.0,0.0,0.0,0.0,3.1,0.0,0,0,0,0.0,31,1,LOW
MED-017,Nasal Spray Suspension,Corticosteroid / Allergy,32.8,26.3,4.0,30.0,0.0,2.8,2.8,11.8,33.04,0,1,0,0.0,532,0,MODERATE
MED-007,Tablet,Antibiotic (Macrolide),38.7,30.2,15.0,30.0,0.0,8.7,8.7,55.5,482.85,0,0,0,0.0,18,1,HIGH
MED-022,Tablet,Antiplatelet / Hematologic,11.1,55.1,15.0,30.0,3.9,0.0,3.9,17.2,67.08,0,0,0,0.0,358,0,MODERATE
MED-003,Tablet,Antibiotic (Beta-lactamase inhibitor),29.8,27.7,15.0,25.0,0.0,4.8,4.8,6.8,32.64,0,0,0,0.0,80,0,MODERATE
MED-014,Subcutaneous Injection,Endocrine (Hormone),7.7,62.2,2.0,8.0,0.0,0.0,0.0,19.0,0.0,1,1,0,0.0,246,0,LOW
MED-019,Delayed-Release Tablet,Gastrointestinal (PPI),30.2,28.3,20.0,25.0,0.0,5.2,5.2,10.1,52.52,0,0,0,0.0,416,0,MODERATE
MED-018,Capsule,Antibiotic (Tetracycline),20.6,83.8,20.0,25.0,0.0,0.0,0.0,0.9,0.0,0,0,0,0.0,139,0,LOW
MED-010,Tablet,Antihistamine,18.0,84.4,20.0,25.0,2.0,0.0,2.0,18.0,36.0,0,0,0,0.0,309,0,MODERATE
MED-006,Delayed-Release Capsule,Gastrointestinal (PPI),37.5,53.9,15.0,30.0,0.0,7.5,7.5,10.1,75.75,0,0,0,0.0,38,1,HIGH
MED-013,Tablet,Endocrine (Thyroid Hormone),31.6,22.4,15.0,30.0,0.0,1.6,1.6,6.8,10.88,0,0,0,0.0,412,0,LOW
MED-001,Tablet,Analgesic / Antipyretic,23.2,51.1,20.0,25.0,0.0,0.0,0.0,25.3,0.0,0,0,0,0.0,479,0,LOW
MED-003,Tablet,Antibiotic (Beta-lactamase inhibitor),18.1,66.7,15.0,25.0,0.0,0.0,0.0,4.0,0.0,0,0,0,0.0,97,0,LOW
MED-021,Tablet,Respiratory (Leukotriene Antagonist),16.6,78.5,15.0,30.0,0.0,0.0,0.0,16.8,0.0,0,0,0,0.0,222,0,LOW
MED-017,Nasal Spray Suspension,Corticosteroid / Allergy,2.8,43.1,4.0,30.0,1.2,0.0,1.2,1.0,1.2,0,1,0,0.0,250,0,LOW
MED-009,Tablet,Analgesic / NSAID,34.9,57.8,20.0,25.0,0.0,9.9,9.9,44.9,444.51,0,0,0,0.0,175,0,HIGH
MED-014,Subcutaneous Injection,Endocrine (Hormone),5.2,33.5,2.0,8.0,0.0,0.0,0.0,3.9,0.0,1,1,0,0.0,153,0,LOW
MED-003,Tablet,Antibiotic (Beta-lactamase inhibitor),26.8,61.6,15.0,25.0,0.0,1.8,1.8,30.8,55.44,0,0,0,0.0,221,0,MODERATE
MED-007,Tablet,Antibiotic (Macrolide),-2.0,73.8,15.0,30.0,17.0,0.0,17.0,21.3,362.1,0,0,0,0.0,17,1,HIGH
MED-009,Tablet,Analgesic / NSAID,18.2,80.2,20.0,25.0,1.8,0.0,1.8,19.9,35.82,0,0,0,0.0,593,0,MODERATE
MED-004,Tablet,Antidiabetic (Biguanide),23.1,80.5,20.0,25.0,0.0,0.0,0.0,0.8,0.0,0,0,0,0.0,290,0,LOW
MED-011,Tablet,Antihypertensive (ARB),16.3,68.4,15.0,30.0,0.0,0.0,0.0,1.4,0.0,0,0,0,0.0,700,0,LOW
MED-025,Tablet,Diuretic / Antihypertensive,14.9,51.1,15.0,30.0,0.1,0.0,0.1,17.3,1.73,0,0,0,0.0,338,0,LOW
MED-005,Tablet,Antihyperlipidemic (Statin),27.6,38.0,20.0,25.0,0.0,2.6,2.6,1.4,3.64,0,0,0,0.0,410,0,LOW
MED-021,Tablet,Respiratory (Leukotriene Antagonist),15.4,34.5,15.0,30.0,0.0,0.0,0.0,1.1,0.0,0,0,0,0.0,144,0,LOW
MED-013,Tablet,Endocrine (Thyroid Hormone),31.3,45.4,15.0,30.0,0.0,1.3,1.3,7.3,9.49,0,0,0,0.0,151,0,LOW
MED-021,Tablet,Respiratory (Leukotriene Antagonist),30.9,72.0,15.0,30.0,0.0,0.9,0.9,20.4,18.36,0,0,0,0.0,278,0,LOW
MED-023,Capsule,Anticonvulsant / Neuropathic,-1.5,37.9,15.0,30.0,16.5,0.0,16.5,69.1,1140.15,0,0,0,0.0,80,0,HIGH
MED-021,Tablet,Respiratory (Leukotriene Antagonist),14.7,71.9,15.0,30.0,0.3,0.0,0.3,7.7,2.31,0,0,0,0.0,273,0,LOW
MED-012,Tablet,Antihypertensive (CCB),32.6,83.6,15.0,30.0,0.0,2.6,2.6,30.4,79.04,0,0,0,0.0,598,0,MODERATE
MED-019,Delayed-Release Tablet,Gastrointestinal (PPI),24.8,44.2,20.0,25.0,0.0,0.0,0.0,7.2,0.0,0,0,0,0.0,143,0,LOW
MED-020,Tablet,Antidepressant (SSRI),23.1,26.3,20.0,25.0,0.0,0.0,0.0,0.5,0.0,0,0,0,0.0,726,0,LOW
MED-025,Tablet,Diuretic / Antihypertensive,44.3,20.2,15.0,30.0,0.0,14.3,14.3,25.3,361.79,0,0,0,0.0,363,0,HIGH
MED-008,Tablet,Antibiotic (Fluoroquinolone),21.1,21.9,20.0,25.0,0.0,0.0,0.0,1.7,0.0,0,0,0,0.0,529,0,LOW
MED-021,Tablet,Respiratory (Leukotriene Antagonist),34.8,25.2,15.0,30.0,0.0,4.8,4.8,6.4,30.72,0,0,0,0.0,223,0,MODERATE
MED-013,Tablet,Endocrine (Thyroid Hormone),40.2,38.1,15.0,30.0,0.0,10.2,10.2,34.0,346.8,0,0,0,0.0,154,0,HIGH
MED-025,Tablet,Diuretic / Antihypertensive,36.1,75.4,15.0,30.0,0.0,6.1,6.1,15.9,96.99,0,0,0,0.0,39,1,HIGH
MED-014,Subcutaneous Injection,Endocrine (Hormone),8.8,43.6,2.0,8.0,0.0,0.8,0.8,1.8,1.44,1,1,0,0.0,344,0,LOW
MED-010,Tablet,Antihistamine,23.9,43.2,20.0,25.0,0.0,0.0,0.0,35.0,0.0,0,0,0,0.0,310,0,LOW
MED-022,Tablet,Antiplatelet / Hematologic,24.1,77.3,15.0,30.0,0.0,0.0,0.0,1.3,0.0,0,0,0,0.0,644,0,LOW
MED-004,Tablet,Antidiabetic (Biguanide),24.3,20.6,20.0,25.0,0.0,0.0,0.0,3.6,0.0,0,0,0,0.0,127,0,LOW
MED-017,Nasal Spray Suspension,Corticosteroid / Allergy,19.1,49.0,4.0,30.0,0.0,0.0,0.0,2.3,0.0,0,1,0,0.0,601,0,LOW
MED-022,Tablet,Antiplatelet / Hematologic,33.4,84.9,15.0,30.0,0.0,3.4,3.4,31.5,107.1,0,0,0,0.0,256,0,MODERATE
MED-009,Tablet,Analgesic / NSAID,20.9,22.4,20.0,25.0,0.0,0.0,0.0,14.9,0.0,0,0,0,0.0,306,0,LOW
MED-006,Delayed-Release Capsule,Gastrointestinal (PPI),42.8,63.5,15.0,30.0,0.0,12.8,12.8,32.3,413.44,0,0,0,0.0,273,0,HIGH
MED-010,Tablet,Antihistamine,21.5,59.7,20.0,25.0,0.0,0.0,0.0,4.4,0.0,0,0,0,0.0,400,0,LOW
MED-005,Tablet,Antihyperlipidemic (Statin),25.5,45.4,20.0,25.0,0.0,0.5,0.5,24.6,12.3,0,0,0,0.0,145,0,LOW
MED-021,Tablet,Respiratory (Leukotriene Antagonist),4.2,64.8,15.0,30.0,10.8,0.0,10.8,21.2,228.96,0,0,0,0.0,318,0,HIGH
MED-007,Tablet,Antibiotic (Macrolide),30.9,50.9,15.0,30.0,0.0,0.9,0.9,15.5,13.95,0,0,0,0.0,453,0,LOW
MED-006,Delayed-Release Capsule,Gastrointestinal (PPI),14.0,33.2,15.0,30.0,1.0,0.0,1.0,19.4,19.4,0,0,0,0.0,164,0,LOW
MED-018,Capsule,Antibiotic (Tetracycline),25.8,65.2,20.0,25.0,0.0,0.8,0.8,14.3,11.44,0,0,0,0.0,261,0,LOW
MED-001,Tablet,Analgesic / Antipyretic,20.1,55.5,20.0,25.0,0.0,0.0,0.0,12.6,0.0,0,0,0,0.0,473,0,LOW
MED-006,Delayed-Release Capsule,Gastrointestinal (PPI),24.4,41.9,15.0,30.0,0.0,0.0,0.0,3.6,0.0,0,0,0,0.0,704,0,LOW
MED-008,Tablet,Antibiotic (Fluoroquinolone),27.6,70.7,20.0,25.0,0.0,2.6,2.6,13.0,33.8,0,0,0,0.0,16,1,MODERATE
MED-025,Tablet,Diuretic / Antihypertensive,13.1,31.3,15.0,30.0,1.9,0.0,1.9,2.4,4.56,0,0,0,0.0,594,0,LOW
MED-021,Tablet,Respiratory (Leukotriene Antagonist),15.5,23.5,15.0,30.0,0.0,0.0,0.0,7.8,0.0,0,0,0,0.0,494,0,LOW
MED-005,Tablet,Antihyperlipidemic (Statin),28.3,51.8,20.0,25.0,0.0,3.3,3.3,11.3,37.29,0,0,0,0.0,450,0,MODERATE
MED-007,Tablet,Antibiotic (Macrolide),16.0,65.9,15.0,30.0,0.0,0.0,0.0,4.3,0.0,0,0,0,0.0,204,0,LOW
MED-001,Tablet,Analgesic / Antipyretic,21.8,20.4,20.0,25.0,0.0,0.0,0.0,13.7,0.0,0,0,0,0.0,319,0,LOW
MED-010,Tablet,Antihistamine,26.0,45.6,20.0,25.0,0.0,1.0,1.0,7.9,7.9,0,0,0,0.0,116,0,LOW
MED-008,Tablet,Antibiotic (Fluoroquinolone),26.3,36.2,20.0,25.0,0.0,1.3,1.3,10.2,13.26,0,0,0,0.0,331,0,LOW
MED-001,Tablet,Analgesic / Antipyretic,28.8,26.3,20.0,25.0,0.0,3.8,3.8,3.9,14.82,0,0,0,0.0,93,0,LOW
MED-021,Tablet,Respiratory (Leukotriene Antagonist),31.5,80.2,15.0,30.0,0.0,1.5,1.5,13.3,19.95,0,0,0,0.0,433,0,LOW
MED-006,Delayed-Release Capsule,Gastrointestinal (PPI),45.0,57.5,15.0,30.0,0.0,15.0,15.0,23.6,354.0,0,0,0,0.0,171,0,HIGH
MED-020,Tablet,Antidepressant (SSRI),27.8,46.6,20.0,25.0,0.0,2.8,2.8,9.5,26.6,0,0,0,0.0,187,0,MODERATE
MED-020,Tablet,Antidepressant (SSRI),17.8,33.6,20.0,25.0,2.2,0.0,2.2,15.6,34.32,0,0,0,0.0,196,0,MODERATE
MED-005,Tablet,Antihyperlipidemic (Statin),15.9,24.4,20.0,25.0,4.1,0.0,4.1,7.8,31.98,0,0,0,0.0,57,1,MODERATE
MED-024,Tablet,Corticosteroid / Anti-inflammatory,28.9,75.6,20.0,25.0,0.0,3.9,3.9,5.0,19.5,0,0,0,0.0,272,0,LOW
MED-011,Tablet,Antihypertensive (ARB),43.5,61.7,15.0,30.0,0.0,13.5,13.5,41.6,561.6,0,0,0,0.0,40,1,HIGH
MED-006,Delayed-Release Capsule,Gastrointestinal (PPI),11.1,42.8,15.0,30.0,3.9,0.0,3.9,5.2,20.28,0,0,0,0.0,578,0,MODERATE
MED-009,Tablet,Analgesic / NSAID,21.3,26.9,20.0,25.0,0.0,0.0,0.0,5.2,0.0,0,0,0,0.0,143,0,LOW
MED-011,Tablet,Antihypertensive (ARB),34.5,28.2,15.0,30.0,0.0,4.5,4.5,13.8,62.1,0,0,0,0.0,214,0,MODERATE
MED-006,Delayed-Release Capsule,Gastrointestinal (PPI),21.2,72.1,15.0,30.0,0.0,0.0,0.0,2.4,0.0,0,0,0,0.0,136,0,LOW
MED-001,Tablet,Analgesic / Antipyretic,30.1,63.7,20.0,25.0,0.0,5.1,5.1,12.7,64.77,0,0,0,0.0,471,0,MODERATE
MED-018,Capsule,Antibiotic (Tetracycline),21.1,40.5,20.0,25.0,0.0,0.0,0.0,18.8,0.0,0,0,0,0.0,435,0,LOW
MED-012,Tablet,Antihypertensive (CCB),15.9,39.9,15.0,30.0,0.0,0.0,0.0,0.5,0.0,0,0,0,0.0,271,0,LOW
MED-019,Delayed-Release Tablet,Gastrointestinal (PPI),30.3,80.1,20.0,25.0,0.0,5.3,5.3,9.2,48.76,0,0,0,0.0,491,0,MODERATE
MED-001,Tablet,Analgesic / Antipyretic,45.7,55.1,20.0,25.0,0.0,20.7,20.7,57.9,1198.53,0,0,0,0.0,278,0,HIGH
MED-015,Subcutaneous Injection,Endocrine (Hormone),-0.1,26.8,2.0,8.0,2.1,0.0,2.1,19.0,39.9,1,1,0,0.0,578,0,HIGH
MED-019,Delayed-Release Tablet,Gastrointestinal (PPI),18.1,29.3,20.0,25.0,1.9,0.0,1.9,15.4,29.26,0,0,0,0.0,33,1,MODERATE
MED-006,Delayed-Release Capsule,Gastrointestinal (PPI),30.8,70.4,15.0,30.0,0.0,0.8,0.8,9.0,7.2,0,0,0,0.0,230,0,LOW
MED-025,Tablet,Diuretic / Antihypertensive,10.3,41.8,15.0,30.0,4.7,0.0,4.7,9.7,45.59,0,0,0,0.0,194,0,MODERATE
MED-002,Capsule,Antibiotic (Penicillin),43.9,79.7,20.0,25.0,0.0,18.9,18.9,69.2,1307.88,0,0,0,0.0,213,0,HIGH
MED-005,Tablet,Antihyperlipidemic (Statin),28.1,40.0,20.0,25.0,0.0,3.1,3.1,7.9,24.49,0,0,0,0.0,200,0,MODERATE
MED-018,Capsule,Antibiotic (Tetracycline),30.7,48.0,20.0,25.0,0.0,5.7,5.7,2.5,14.25,0,0,0,0.0,24,1,MODERATE
MED-023,Capsule,Anticonvulsant / Neuropathic,47.3,26.6,15.0,30.0,0.0,17.3,17.3,17.0,294.1,0,0,0,0.0,72,0,HIGH
MED-007,Tablet,Antibiotic (Macrolide),30.6,69.3,15.0,30.0,0.0,0.6,0.6,13.9,8.34,0,0,0,0.0,242,0,LOW
MED-012,Tablet,Antihypertensive (CCB),30.0,83.7,15.0,30.0,0.0,0.0,0.0,1.1,0.0,0,0,0,0.0,659,0,LOW
MED-011,Tablet,Antihypertensive (ARB),41.7,82.2,15.0,30.0,0.0,11.7,11.7,38.0,444.6,0,0,0,0.0,320,0,HIGH
MED-013,Tablet,Endocrine (Thyroid Hormone),30.8,47.9,15.0,30.0,0.0,0.8,0.8,16.9,13.52,0,0,0,0.0,439,0,LOW
MED-023,Capsule,Anticonvulsant / Neuropathic,34.4,56.9,15.0,30.0,0.0,4.4,4.4,5.4,23.76,0,0,0,0.0,20,1,MODERATE
MED-002,Capsule,Antibiotic (Penicillin),15.8,47.8,20.0,25.0,4.2,0.0,4.2,18.3,76.86,0,0,0,0.0,41,1,HIGH
MED-010,Tablet,Antihistamine,30.2,66.0,20.0,25.0,0.0,5.2,5.2,3.3,17.16,0,0,0,0.0,508,0,MODERATE
MED-004,Tablet,Antidiabetic (Biguanide),32.2,31.6,20.0,25.0,0.0,7.2,7.2,22.7,163.44,0,0,0,0.0,449,0,HIGH
MED-007,Tablet,Antibiotic (Macrolide),20.2,76.6,15.0,30.0,0.0,0.0,0.0,3.3,0.0,0,0,0,0.0,501,0,LOW
MED-009,Tablet,Analgesic / NSAID,15.2,42.1,20.0,25.0,4.8,0.0,4.8,16.4,78.72,0,0,0,0.0,536,0,MODERATE
MED-005,Tablet,Antihyperlipidemic (Statin),20.8,66.1,20.0,25.0,0.0,0.0,0.0,1.3,0.0,0,0,0,0.0,341,0,LOW
MED-003,Tablet,Antibiotic (Beta-lactamase inhibitor),-3.4,54.8,15.0,25.0,18.4,0.0,18.4,60.2,1107.68,0,0,0,0.0,88,0,HIGH
MED-014,Subcutaneous Injection,Endocrine (Hormone),7.6,42.6,2.0,8.0,0.0,0.0,0.0,0.1,0.0,1,1,0,0.0,519,0,LOW
MED-012,Tablet,Antihypertensive (CCB),45.5,30.7,15.0,30.0,0.0,15.5,15.5,63.2,979.6,0,0,0,0.0,335,0,HIGH
MED-002,Capsule,Antibiotic (Penicillin),21.1,82.2,20.0,25.0,0.0,0.0,0.0,0.3,0.0,0,0,0,0.0,388,0,LOW
MED-008,Tablet,Antibiotic (Fluoroquinolone),17.5,55.8,20.0,25.0,2.5,0.0,2.5,1.2,3.0,0,0,0,0.0,479,0,LOW
MED-019,Delayed-Release Tablet,Gastrointestinal (PPI),39.6,24.2,20.0,25.0,0.0,14.6,14.6,45.8,668.68,0,0,0,0.0,32,1,HIGH
MED-013,Tablet,Endocrine (Thyroid Hormone),34.3,57.9,15.0,30.0,0.0,4.3,4.3,16.8,72.24,0,0,0,0.0,153,0,MODERATE
MED-021,Tablet,Respiratory (Leukotriene Antagonist),29.3,62.7,15.0,30.0,0.0,0.0,0.0,0.0,0.0,0,0,0,0.0,39,1,LOW
MED-022,Tablet,Antiplatelet / Hematologic,27.1,51.5,15.0,30.0,0.0,0.0,0.0,1.1,0.0,0,0,0,0.0,688,0,LOW
MED-020,Tablet,Antidepressant (SSRI),27.4,40.8,20.0,25.0,0.0,2.4,2.4,17.6,42.24,0,0,0,0.0,361,0,MODERATE
MED-025,Tablet,Diuretic / Antihypertensive,34.4,48.5,15.0,30.0,0.0,4.4,4.4,18.0,79.2,0,0,0,0.0,171,0,MODERATE
MED-010,Tablet,Antihistamine,25.8,62.1,20.0,25.0,0.0,0.8,0.8,18.0,14.4,0,0,0,0.0,220,0,LOW
MED-003,Tablet,Antibiotic (Beta-lactamase inhibitor),27.7,66.3,15.0,25.0,0.0,2.7,2.7,6.8,18.36,0,0,0,0.0,155,0,LOW
MED-022,Tablet,Antiplatelet / Hematologic,30.4,36.3,15.0,30.0,0.0,0.4,0.4,5.9,2.36,0,0,0,0.0,198,0,LOW
MED-013,Tablet,Endocrine (Thyroid Hormone),21.3,78.7,15.0,30.0,0.0,0.0,0.0,3.9,0.0,0,0,0,0.0,660,0,LOW
MED-014,Subcutaneous Injection,Endocrine (Hormone),22.5,23.9,2.0,8.0,0.0,14.5,14.5,15.5,224.75,1,1,0,0.0,325,0,HIGH
MED-004,Tablet,Antidiabetic (Biguanide),46.5,50.9,20.0,25.0,0.0,21.5,21.5,18.2,391.3,0,0,0,0.0,327,0,HIGH
MED-019,Delayed-Release Tablet,Gastrointestinal (PPI),31.8,53.9,20.0,25.0,0.0,6.8,6.8,23.2,157.76,0,0,0,0.0,23,1,HIGH
MED-024,Tablet,Corticosteroid / Anti-inflammatory,20.6,38.1,20.0,25.0,0.0,0.0,0.0,0.2,0.0,0,0,0,0.0,556,0,LOW
MED-014,Subcutaneous Injection,Endocrine (Hormone),11.5,33.5,2.0,8.0,0.0,3.5,3.5,22.2,77.7,1,1,0,0.0,448,0,HIGH
MED-013,Tablet,Endocrine (Thyroid Hormone),22.9,55.8,15.0,30.0,0.0,0.0,0.0,2.0,0.0,0,0,0,0.0,224,0,LOW
MED-025,Tablet,Diuretic / Antihypertensive,23.4,81.3,15.0,30.0,0.0,0.0,0.0,2.3,0.0,0,0,0,0.0,390,0,LOW
MED-020,Tablet,Antidepressant (SSRI),23.3,66.9,20.0,25.0,0.0,0.0,0.0,2.7,0.0,0,0,0,0.0,443,0,LOW
MED-008,Tablet,Antibiotic (Fluoroquinolone),37.7,60.7,20.0,25.0,0.0,12.7,12.7,40.6,515.62,0,0,0,0.0,305,0,HIGH
MED-020,Tablet,Antidepressant (SSRI),19.1,56.5,20.0,25.0,0.9,0.0,0.9,11.1,9.99,0,0,0,0.0,478,0,LOW
MED-018,Capsule,Antibiotic (Tetracycline),18.5,43.2,20.0,25.0,1.5,0.0,1.5,13.2,19.8,0,0,0,0.0,134,0,LOW
MED-010,Tablet,Antihistamine,15.9,83.7,20.0,25.0,4.1,0.0,4.1,22.3,91.43,0,0,0,0.0,559,0,MODERATE
MED-015,Subcutaneous Injection,Endocrine (Hormone),7.0,40.9,2.0,8.0,0.0,0.0,0.0,2.4,0.0,1,1,0,0.0,476,0,LOW
MED-005,Tablet,Antihyperlipidemic (Statin),16.5,34.1,20.0,25.0,3.5,0.0,3.5,23.3,81.55,0,0,0,0.0,158,0,MODERATE
MED-015,Subcutaneous Injection,Endocrine (Hormone),34.9,50.1,2.0,8.0,0.0,26.9,26.9,46.8,1258.92,1,1,0,0.0,171,0,HIGH
MED-006,Delayed-Release Capsule,Gastrointestinal (PPI),32.6,73.8,15.0,30.0,0.0,2.6,2.6,31.3,81.38,0,0,0,0.0,277,0,MODERATE
MED-004,Tablet,Antidiabetic (Biguanide),44.3,25.5,20.0,25.0,0.0,19.3,19.3,24.7,476.71,0,0,0,0.0,263,0,HIGH
MED-021,Tablet,Respiratory (Leukotriene Antagonist),16.6,41.5,15.0,30.0,0.0,0.0,0.0,2.0,0.0,0,0,0,0.0,609,0,LOW
MED-002,Capsule,Antibiotic (Penicillin),-1.7,52.9,20.0,25.0,21.7,0.0,21.7,27.9,605.43,0,0,0,0.0,250,0,HIGH
MED-025,Tablet,Diuretic / Antihypertensive,32.2,67.9,15.0,30.0,0.0,2.2,2.2,15.3,33.66,0,0,0,0.0,428,0,MODERATE
MED-008,Tablet,Antibiotic (Fluoroquinolone),27.0,46.1,20.0,25.0,0.0,2.0,2.0,5.7,11.4,0,0,0,0.0,372,0,LOW
MED-007,Tablet,Antibiotic (Macrolide),37.6,80.7,15.0,30.0,0.0,7.6,7.6,17.5,133.0,0,0,0,0.0,230,0,HIGH
MED-015,Subcutaneous Injection,Endocrine (Hormone),27.9,49.9,2.0,8.0,0.0,19.9,19.9,7.5,149.25,1,1,0,0.0,89,0,HIGH
MED-019,Delayed-Release Tablet,Gastrointestinal (PPI),31.2,59.0,20.0,25.0,0.0,6.2,6.2,3.7,22.94,0,0,0,0.0,380,0,MODERATE
MED-008,Tablet,Antibiotic (Fluoroquinolone),15.1,48.7,20.0,25.0,4.9,0.0,4.9,5.3,25.97,0,0,0,0.0,552,0,MODERATE
MED-013,Tablet,Endocrine (Thyroid Hormone),23.6,84.8,15.0,30.0,0.0,0.0,0.0,2.2,0.0,0,0,0,0.0,697,0,LOW
MED-007,Tablet,Antibiotic (Macrolide),35.4,35.2,15.0,30.0,0.0,5.4,5.4,9.2,49.68,0,0,0,0.0,127,0,MODERATE
MED-003,Tablet,Antibiotic (Beta-lactamase inhibitor),25.5,82.1,15.0,25.0,0.0,0.5,0.5,6.1,3.05,0,0,0,0.0,50,1,LOW
MED-018,Capsule,Antibiotic (Tetracycline),34.2,77.4,20.0,25.0,0.0,9.2,9.2,45.0,414.0,0,0,0,0.0,70,0,HIGH
MED-017,Nasal Spray Suspension,Corticosteroid / Allergy,10.3,48.0,4.0,30.0,0.0,0.0,0.0,1.1,0.0,0,1,0,0.0,282,0,LOW
MED-018,Capsule,Antibiotic (Tetracycline),40.9,75.9,20.0,25.0,0.0,15.9,15.9,67.0,1065.3,0,0,0,0.0,354,0,HIGH
MED-024,Tablet,Corticosteroid / Anti-inflammatory,19.1,73.5,20.0,25.0,0.9,0.0,0.9,8.0,7.2,0,0,0,0.0,27,1,LOW
MED-010,Tablet,Antihistamine,17.8,76.4,20.0,25.0,2.2,0.0,2.2,10.3,22.66,0,0,0,0.0,348,0,MODERATE
MED-021,Tablet,Respiratory (Leukotriene Antagonist),32.3,27.0,15.0,30.0,0.0,2.3,2.3,6.0,13.8,0,0,0,0.0,493,0,LOW
MED-022,Tablet,Antiplatelet / Hematologic,33.9,76.9,15.0,30.0,0.0,3.9,3.9,6.6,25.74,0,0,0,0.0,169,0,MODERATE
MED-024,Tablet,Corticosteroid / Anti-inflammatory,21.9,56.0,20.0,25.0,0.0,0.0,0.0,3.8,0.0,0,0,0,0.0,693,0,LOW
MED-018,Capsule,Antibiotic (Tetracycline),38.9,62.9,20.0,25.0,0.0,13.9,13.9,33.8,469.82,0,0,0,0.0,362,0,HIGH
MED-024,Tablet,Corticosteroid / Anti-inflammatory,22.5,35.8,20.0,25.0,0.0,0.0,0.0,2.3,0.0,0,0,0,0.0,678,0,LOW
MED-009,Tablet,Analgesic / NSAID,18.2,40.8,20.0,25.0,1.8,0.0,1.8,7.2,12.96,0,0,0,0.0,531,0,LOW
MED-007,Tablet,Antibiotic (Macrolide),28.7,55.4,15.0,30.0,0.0,0.0,0.0,9.8,0.0,0,0,0,0.0,48,1,LOW
MED-014,Subcutaneous Injection,Endocrine (Hormone),6.7,75.8,2.0,8.0,0.0,0.0,0.0,2.3,0.0,1,1,0,0.0,690,0,LOW
MED-010,Tablet,Antihistamine,44.1,75.0,20.0,25.0,0.0,19.1,19.1,63.7,1216.67,0,0,0,0.0,338,0,HIGH
MED-024,Tablet,Corticosteroid / Anti-inflammatory,23.8,57.4,20.0,25.0,0.0,0.0,0.0,3.8,0.0,0,0,0,0.0,87,0,LOW
MED-004,Tablet,Antidiabetic (Biguanide),24.8,79.7,20.0,25.0,0.0,0.0,0.0,3.1,0.0,0,0,0,0.0,168,0,LOW
MED-009,Tablet,Analgesic / NSAID,28.8,47.5,20.0,25.0,0.0,3.8,3.8,3.4,12.92,0,0,0,0.0,303,0,LOW
MED-001,Tablet,Analgesic / Antipyretic,3.0,34.9,20.0,25.0,17.0,0.0,17.0,31.8,540.6,0,0,0,0.0,25,1,HIGH
MED-014,Subcutaneous Injection,Endocrine (Hormone),10.5,83.1,2.0,8.0,0.0,2.5,2.5,6.9,17.25,1,1,0,0.0,259,0,MODERATE
MED-008,Tablet,Antibiotic (Fluoroquinolone),41.1,76.4,20.0,25.0,0.0,16.1,16.1,58.1,935.41,0,0,0,0.0,225,0,HIGH
MED-025,Tablet,Diuretic / Antihypertensive,35.8,68.8,15.0,30.0,0.0,5.8,5.8,10.3,59.74,0,0,0,0.0,42,1,HIGH
MED-021,Tablet,Respiratory (Leukotriene Antagonist),34.8,45.1,15.0,30.0,0.0,4.8,4.8,16.5,79.2,0,0,0,0.0,570,0,MODERATE
MED-022,Tablet,Antiplatelet / Hematologic,34.4,73.1,15.0,30.0,0.0,4.4,4.4,5.1,22.44,0,0,0,0.0,486,0,MODERATE
MED-023,Capsule,Anticonvulsant / Neuropathic,46.8,68.9,15.0,30.0,0.0,16.8,16.8,31.2,524.16,0,0,0,0.0,124,0,HIGH
MED-001,Tablet,Analgesic / Antipyretic,29.8,65.9,20.0,25.0,0.0,4.8,4.8,5.9,28.32,0,0,0,0.0,155,0,MODERATE
MED-015,Subcutaneous Injection,Endocrine (Hormone),-1.2,57.5,2.0,8.0,3.2,0.0,3.2,7.4,23.68,1,1,0,0.0,197,0,HIGH
MED-005,Tablet,Antihyperlipidemic (Statin),24.3,72.7,20.0,25.0,0.0,0.0,0.0,3.9,0.0,0,0,0,0.0,272,0,LOW
MED-011,Tablet,Antihypertensive (ARB),36.4,51.1,15.0,30.0,0.0,6.4,6.4,6.4,40.96,0,0,0,0.0,259,0,MODERATE
MED-018,Capsule,Antibiotic (Tetracycline),28.8,21.6,20.0,25.0,0.0,3.8,3.8,28.9,109.82,0,0,0,0.0,263,0,MODERATE
MED-018,Capsule,Antibiotic (Tetracycline),-0.9,62.9,20.0,25.0,20.9,0.0,20.9,61.8,1291.62,0,0,0,0.0,92,0,HIGH
MED-025,Tablet,Diuretic / Antihypertensive,16.7,41.6,15.0,30.0,0.0,0.0,0.0,13.7,0.0,0,0,0,0.0,583,0,LOW
MED-002,Capsule,Antibiotic (Penicillin),42.5,31.8,20.0,25.0,0.0,17.5,17.5,43.6,763.0,0,0,0,0.0,272,0,HIGH
MED-016,Inhalation Aerosol,Respiratory (Bronchodilator),30.2,67.7,15.0,25.0,0.0,5.2,5.2,16.5,85.8,0,1,0,0.0,352,0,MODERATE
MED-013,Tablet,Endocrine (Thyroid Hormone),29.6,70.5,15.0,30.0,0.0,0.0,0.0,31.7,0.0,0,0,0,0.0,389,0,LOW
MED-008,Tablet,Antibiotic (Fluoroquinolone),40.4,58.9,20.0,25.0,0.0,15.4,15.4,48.3,743.82,0,0,0,0.0,154,0,HIGH
MED-018,Capsule,Antibiotic (Tetracycline),21.8,37.6,20.0,25.0,0.0,0.0,0.0,16.6,0.0,0,0,0,0.0,34,1,LOW
MED-024,Tablet,Corticosteroid / Anti-inflammatory,24.7,69.5,20.0,25.0,0.0,0.0,0.0,0.2,0.0,0,0,0,0.0,525,0,LOW
MED-006,Delayed-Release Capsule,Gastrointestinal (PPI),32.9,58.7,15.0,30.0,0.0,2.9,2.9,4.8,13.92,0,0,0,0.0,249,0,LOW
MED-013,Tablet,Endocrine (Thyroid Hormone),11.0,75.9,15.0,30.0,4.0,0.0,4.0,22.7,90.8,0,0,0,0.0,221,0,MODERATE
MED-007,Tablet,Antibiotic (Macrolide),45.7,42.1,15.0,30.0,0.0,15.7,15.7,24.3,381.51,0,0,0,0.0,56,1,HIGH
MED-002,Capsule,Antibiotic (Penicillin),29.7,67.7,20.0,25.0,0.0,4.7,4.7,9.6,45.12,0,0,0,0.0,431,0,MODERATE
MED-013,Tablet,Endocrine (Thyroid Hormone),32.8,68.2,15.0,30.0,0.0,2.8,2.8,8.3,23.24,0,0,0,0.0,488,0,MODERATE
MED-006,Delayed-Release Capsule,Gastrointestinal (PPI),26.5,28.3,15.0,30.0,0.0,0.0,0.0,2.4,0.0,0,0,0,0.0,319,0,LOW
MED-015,Subcutaneous Injection,Endocrine (Hormone),-2.8,28.2,2.0,8.0,4.8,0.0,4.8,14.7,70.56,1,1,0,0.0,396,0,HIGH
MED-003,Tablet,Antibiotic (Beta-lactamase inhibitor),29.1,48.5,15.0,25.0,0.0,4.1,4.1,13.4,54.94,0,0,0,0.0,295,0,MODERATE
MED-013,Tablet,Endocrine (Thyroid Hormone),12.8,71.0,15.0,30.0,2.2,0.0,2.2,2.3,5.06,0,0,0,0.0,188,0,LOW
MED-016,Inhalation Aerosol,Respiratory (Bronchodilator),40.6,76.7,15.0,25.0,0.0,15.6,15.6,34.0,530.4,0,1,0,0.0,319,0,HIGH
MED-001,Tablet,Analgesic / Antipyretic,30.9,50.6,20.0,25.0,0.0,5.9,5.9,2.6,15.34,0,0,0,0.0,228,0,MODERATE
MED-024,Tablet,Corticosteroid / Anti-inflammatory,27.9,30.1,20.0,25.0,0.0,2.9,2.9,29.7,86.13,0,0,0,0.0,525,0,MODERATE
MED-023,Capsule,Anticonvulsant / Neuropathic,44.4,80.3,15.0,30.0,0.0,14.4,14.4,33.8,486.72,0,0,0,0.0,306,0,HIGH
MED-011,Tablet,Antihypertensive (ARB),44.4,59.1,15.0,30.0,0.0,14.4,14.4,45.9,660.96,0,0,0,0.0,121,0,HIGH
MED-021,Tablet,Respiratory (Leukotriene Antagonist),45.0,71.2,15.0,30.0,0.0,15.0,15.0,25.5,382.5,0,0,0,0.0,21,1,HIGH
MED-014,Subcutaneous Injection,Endocrine (Hormone),-2.9,74.4,2.0,8.0,4.9,0.0,4.9,18.5,90.65,1,1,0,0.0,280,0,HIGH
MED-011,Tablet,Antihypertensive (ARB),16.9,26.5,15.0,30.0,0.0,0.0,0.0,2.6,0.0,0,0,0,0.0,395,0,LOW
MED-001,Tablet,Analgesic / Antipyretic,38.4,44.8,20.0,25.0,0.0,13.4,13.4,71.6,959.44,0,0,0,0.0,344,0,HIGH
MED-022,Tablet,Antiplatelet / Hematologic,16.7,49.7,15.0,30.0,0.0,0.0,0.0,22.2,0.0,0,0,0,0.0,352,0,LOW
MED-010,Tablet,Antihistamine,19.6,47.0,20.0,25.0,0.4,0.0,0.4,17.4,6.96,0,0,0,0.0,247,0,LOW
MED-011,Tablet,Antihypertensive (ARB),16.8,50.0,15.0,30.0,0.0,0.0,0.0,1.6,0.0,0,0,0,0.0,586,0,LOW
MED-004,Tablet,Antidiabetic (Biguanide),37.2,38.5,20.0,25.0,0.0,12.2,12.2,14.4,175.68,0,0,0,0.0,81,1,HIGH
MED-016,Inhalation Aerosol,Respiratory (Bronchodilator),40.9,34.5,15.0,25.0,0.0,15.9,15.9,39.5,628.05,0,1,0,0.0,207,0,HIGH
MED-013,Tablet,Endocrine (Thyroid Hormone),23.8,25.1,15.0,30.0,0.0,0.0,0.0,3.6,0.0,0,0,0,0.0,404,0,LOW
MED-006,Delayed-Release Capsule,Gastrointestinal (PPI),35.4,63.3,15.0,30.0,0.0,5.4,5.4,10.6,57.24,0,0,0,0.0,155,0,MODERATE
MED-008,Tablet,Antibiotic (Fluoroquinolone),16.2,77.8,20.0,25.0,3.8,0.0,3.8,13.8,52.44,0,0,0,0.0,242,0,MODERATE
MED-025,Tablet,Diuretic / Antihypertensive,26.0,50.2,15.0,30.0,0.0,0.0,0.0,1.2,0.0,0,0,0,0.0,633,0,LOW
MED-014,Subcutaneous Injection,Endocrine (Hormone),6.6,63.8,2.0,8.0,0.0,0.0,0.0,2.3,0.0,1,1,0,0.0,138,0,LOW
MED-001,Tablet,Analgesic / Antipyretic,26.4,45.6,20.0,25.0,0.0,1.4,1.4,4.8,6.72,0,0,0,0.0,173,0,LOW
MED-025,Tablet,Diuretic / Antihypertensive,26.0,71.7,15.0,30.0,0.0,0.0,0.0,2.2,0.0,0,0,0,0.0,230,0,LOW
MED-001,Tablet,Analgesic / Antipyretic,27.7,35.2,20.0,25.0,0.0,2.7,2.7,9.4,25.38,0,0,0,0.0,317,0,MODERATE
MED-011,Tablet,Antihypertensive (ARB),15.7,68.2,15.0,30.0,0.0,0.0,0.0,3.5,0.0,0,0,0,0.0,453,0,LOW
MED-013,Tablet,Endocrine (Thyroid Hormone),38.2,57.1,15.0,30.0,0.0,8.2,8.2,18.3,150.06,0,0,0,0.0,109,0,HIGH
MED-006,Delayed-Release Capsule,Gastrointestinal (PPI),42.5,25.1,15.0,30.0,0.0,12.5,12.5,32.3,403.75,0,0,0,0.0,18,1,HIGH
MED-006,Delayed-Release Capsule,Gastrointestinal (PPI),30.6,44.8,15.0,30.0,0.0,0.6,0.6,10.4,6.24,0,0,0,0.0,227,0,LOW
MED-010,Tablet,Antihistamine,27.9,57.9,20.0,25.0,0.0,2.9,2.9,22.5,65.25,0,0,0,0.0,292,0,MODERATE
MED-006,Delayed-Release Capsule,Gastrointestinal (PPI),35.0,71.2,15.0,30.0,0.0,5.0,5.0,7.1,35.5,0,0,0,0.0,229,0,MODERATE
MED-013,Tablet,Endocrine (Thyroid Hormone),21.9,57.9,15.0,30.0,0.0,0.0,0.0,1.0,0.0,0,0,0,0.0,547,0,LOW
MED-006,Delayed-Release Capsule,Gastrointestinal (PPI),14.5,52.7,15.0,30.0,0.5,0.0,0.5,5.8,2.9,0,0,0,0.0,232,0,LOW
MED-009,Tablet,Analgesic / NSAID,30.2,52.0,20.0,25.0,0.0,5.2,5.2,20.0,104.0,0,0,0,0.0,60,1,HIGH
MED-003,Tablet,Antibiotic (Beta-lactamase inhibitor),28.9,42.9,15.0,25.0,0.0,3.9,3.9,34.2,133.38,0,0,0,0.0,152,0,HIGH
MED-010,Tablet,Antihistamine,25.1,65.1,20.0,25.0,0.0,0.1,0.1,21.7,2.17,0,0,0,0.0,420,0,LOW
MED-009,Tablet,Analgesic / NSAID,20.8,63.5,20.0,25.0,0.0,0.0,0.0,1.1,0.0,0,0,0,0.0,117,0,LOW
MED-012,Tablet,Antihypertensive (CCB),34.4,70.3,15.0,30.0,0.0,4.4,4.4,16.3,71.72,0,0,0,0.0,169,0,MODERATE
MED-001,Tablet,Analgesic / Antipyretic,26.9,83.5,20.0,25.0,0.0,1.9,1.9,14.2,26.98,0,0,0,0.0,266,0,MODERATE
MED-009,Tablet,Analgesic / NSAID,26.0,34.1,20.0,25.0,0.0,1.0,1.0,2.6,2.6,0,0,0,0.0,104,0,LOW
MED-024,Tablet,Corticosteroid / Anti-inflammatory,28.5,65.2,20.0,25.0,0.0,3.5,3.5,7.2,25.2,0,0,0,0.0,431,0,MODERATE
MED-018,Capsule,Antibiotic (Tetracycline),31.3,62.1,20.0,25.0,0.0,6.3,6.3,34.7,218.61,0,0,0,0.0,258,0,HIGH
MED-025,Tablet,Diuretic / Antihypertensive,28.1,42.2,15.0,30.0,0.0,0.0,0.0,28.6,0.0,0,0,0,0.0,217,0,LOW
MED-021,Tablet,Respiratory (Leukotriene Antagonist),34.4,48.3,15.0,30.0,0.0,4.4,4.4,8.5,37.4,0,0,0,0.0,177,0,MODERATE
MED-001,Tablet,Analgesic / Antipyretic,45.3,58.0,20.0,25.0,0.0,20.3,20.3,63.6,1291.08,0,0,0,0.0,103,0,HIGH
MED-023,Capsule,Anticonvulsant / Neuropathic,32.0,37.0,15.0,30.0,0.0,2.0,2.0,21.0,42.0,0,0,0,0.0,565,0,MODERATE
MED-016,Inhalation Aerosol,Respiratory (Bronchodilator),30.6,70.9,15.0,25.0,0.0,5.6,5.6,30.2,169.12,0,1,0,0.0,106,0,HIGH
MED-015,Subcutaneous Injection,Endocrine (Hormone),1.3,32.1,2.0,8.0,0.7,0.0,0.7,14.7,10.29,1,1,0,0.0,395,0,MODERATE
MED-025,Tablet,Diuretic / Antihypertensive,34.1,36.9,15.0,30.0,0.0,4.1,4.1,35.2,144.32,0,0,0,0.0,405,0,HIGH
MED-017,Nasal Spray Suspension,Corticosteroid / Allergy,17.0,21.5,4.0,30.0,0.0,0.0,0.0,1.2,0.0,0,1,0,0.0,508,0,LOW
MED-003,Tablet,Antibiotic (Beta-lactamase inhibitor),29.7,62.7,15.0,25.0,0.0,4.7,4.7,19.0,89.3,0,0,0,0.0,130,0,MODERATE
MED-004,Tablet,Antidiabetic (Biguanide),27.3,76.3,20.0,25.0,0.0,2.3,2.3,14.7,33.81,0,0,0,0.0,82,1,MODERATE
MED-007,Tablet,Antibiotic (Macrolide),36.5,49.8,15.0,30.0,0.0,6.5,6.5,15.1,98.15,0,0,0,0.0,591,0,MODERATE
MED-005,Tablet,Antihyperlipidemic (Statin),23.7,61.6,20.0,25.0,0.0,0.0,0.0,1.7,0.0,0,0,0,0.0,191,0,LOW
MED-021,Tablet,Respiratory (Leukotriene Antagonist),12.3,73.4,15.0,30.0,2.7,0.0,2.7,13.0,35.1,0,0,0,0.0,269,0,MODERATE
MED-008,Tablet,Antibiotic (Fluoroquinolone),21.4,73.3,20.0,25.0,0.0,0.0,0.0,2.5,0.0,0,0,0,0.0,590,0,LOW
MED-019,Delayed-Release Tablet,Gastrointestinal (PPI),22.6,40.1,20.0,25.0,0.0,0.0,0.0,2.6,0.0,0,0,0,0.0,475,0,LOW
MED-002,Capsule,Antibiotic (Penicillin),41.0,39.5,20.0,25.0,0.0,16.0,16.0,25.6,409.6,0,0,0,0.0,152,0,HIGH
MED-018,Capsule,Antibiotic (Tetracycline),20.9,51.4,20.0,25.0,0.0,0.0,0.0,2.2,0.0,0,0,0,0.0,524,0,LOW
MED-022,Tablet,Antiplatelet / Hematologic,33.4,48.8,15.0,30.0,0.0,3.4,3.4,5.8,19.72,0,0,0,0.0,77,0,LOW
MED-022,Tablet,Antiplatelet / Hematologic,41.2,81.7,15.0,30.0,0.0,11.2,11.2,53.5,599.2,0,0,0,0.0,105,0,HIGH
MED-006,Delayed-Release Capsule,Gastrointestinal (PPI),38.1,76.3,15.0,30.0,0.0,8.1,8.1,52.9,428.49,0,0,0,0.0,355,0,HIGH
MED-023,Capsule,Anticonvulsant / Neuropathic,34.1,56.9,15.0,30.0,0.0,4.1,4.1,4.3,17.63,0,0,0,0.0,94,0,LOW
MED-002,Capsule,Antibiotic (Penicillin),22.5,49.4,20.0,25.0,0.0,0.0,0.0,1.2,0.0,0,0,0,0.0,390,0,LOW
MED-007,Tablet,Antibiotic (Macrolide),42.1,38.9,15.0,30.0,0.0,12.1,12.1,23.9,289.19,0,0,0,0.0,116,0,HIGH
MED-019,Delayed-Release Tablet,Gastrointestinal (PPI),21.6,43.4,20.0,25.0,0.0,0.0,0.0,7.0,0.0,0,0,0,0.0,233,0,LOW
MED-017,Nasal Spray Suspension,Corticosteroid / Allergy,-0.6,65.1,4.0,30.0,4.6,0.0,4.6,2.0,9.2,0,1,0,0.0,431,0,HIGH
MED-003,Tablet,Antibiotic (Beta-lactamase inhibitor),29.5,21.2,15.0,25.0,0.0,4.5,4.5,9.8,44.1,0,0,0,0.0,33,1,HIGH
MED-003,Tablet,Antibiotic (Beta-lactamase inhibitor),46.5,21.1,15.0,25.0,0.0,21.5,21.5,68.2,1466.3,0,0,0,0.0,145,0,HIGH
MED-023,Capsule,Anticonvulsant / Neuropathic,45.5,27.7,15.0,30.0,0.0,15.5,15.5,9.5,147.25,0,0,0,0.0,137,0,HIGH
MED-003,Tablet,Antibiotic (Beta-lactamase inhibitor),28.0,70.0,15.0,25.0,0.0,3.0,3.0,17.9,53.7,0,0,0,0.0,342,0,MODERATE
MED-010,Tablet,Antihistamine,26.2,27.3,20.0,25.0,0.0,1.2,1.2,2.2,2.64,0,0,0,0.0,59,1,LOW
MED-006,Delayed-Release Capsule,Gastrointestinal (PPI),37.4,59.9,15.0,30.0,0.0,7.4,7.4,10.6,78.44,0,0,0,0.0,14,1,HIGH
MED-008,Tablet,Antibiotic (Fluoroquinolone),36.8,54.5,20.0,25.0,0.0,11.8,11.8,25.0,295.0,0,0,0,0.0,347,0,HIGH
MED-011,Tablet,Antihypertensive (ARB),25.1,30.2,15.0,30.0,0.0,0.0,0.0,1.1,0.0,0,0,0,0.0,481,0,LOW
MED-003,Tablet,Antibiotic (Beta-lactamase inhibitor),16.1,30.5,15.0,25.0,0.0,0.0,0.0,4.0,0.0,0,0,0,0.0,80,0,LOW
MED-016,Inhalation Aerosol,Respiratory (Bronchodilator),10.0,33.9,15.0,25.0,5.0,0.0,5.0,5.1,25.5,0,1,0,0.0,176,0,MODERATE
MED-017,Nasal Spray Suspension,Corticosteroid / Allergy,34.9,27.4,4.0,30.0,0.0,4.9,4.9,7.4,36.26,0,1,0,0.0,31,1,HIGH
MED-020,Tablet,Antidepressant (SSRI),22.6,56.0,20.0,25.0,0.0,0.0,0.0,2.7,0.0,0,0,0,0.0,699,0,LOW
MED-024,Tablet,Corticosteroid / Anti-inflammatory,21.1,33.0,20.0,25.0,0.0,0.0,0.0,2.8,0.0,0,0,0,0.0,298,0,LOW
MED-008,Tablet,Antibiotic (Fluoroquinolone),24.2,34.9,20.0,25.0,0.0,0.0,0.0,3.1,0.0,0,0,0,0.0,362,0,LOW
MED-009,Tablet,Analgesic / NSAID,24.9,46.4,20.0,25.0,0.0,0.0,0.0,0.9,0.0,0,0,0,0.0,415,0,LOW
MED-010,Tablet,Antihistamine,21.7,39.8,20.0,25.0,0.0,0.0,0.0,3.2,0.0,0,0,0,0.0,44,1,LOW
MED-001,Tablet,Analgesic / Antipyretic,20.2,84.0,20.0,25.0,0.0,0.0,0.0,23.9,0.0,0,0,0,0.0,194,0,LOW
MED-017,Nasal Spray Suspension,Corticosteroid / Allergy,24.8,25.1,4.0,30.0,0.0,0.0,0.0,2.9,0.0,0,1,0,0.0,303,0,LOW
MED-025,Tablet,Diuretic / Antihypertensive,45.3,58.3,15.0,30.0,0.0,15.3,15.3,54.3,830.79,0,0,0,0.0,249,0,HIGH
MED-016,Inhalation Aerosol,Respiratory (Bronchodilator),30.3,47.6,15.0,25.0,0.0,5.3,5.3,17.4,92.22,0,1,0,0.0,428,0,MODERATE
MED-024,Tablet,Corticosteroid / Anti-inflammatory,21.7,37.6,20.0,25.0,0.0,0.0,0.0,2.8,0.0,0,0,0,0.0,593,0,LOW
MED-006,Delayed-Release Capsule,Gastrointestinal (PPI),31.4,41.3,15.0,30.0,0.0,1.4,1.4,16.8,23.52,0,0,0,0.0,158,0,MODERATE
MED-025,Tablet,Diuretic / Antihypertensive,29.0,25.3,15.0,30.0,0.0,0.0,0.0,33.5,0.0,0,0,0,0.0,474,0,LOW
MED-010,Tablet,Antihistamine,18.3,61.5,20.0,25.0,1.7,0.0,1.7,18.6,31.62,0,0,0,0.0,285,0,MODERATE
MED-010,Tablet,Antihistamine,21.4,30.9,20.0,25.0,0.0,0.0,0.0,2.2,0.0,0,0,0,0.0,63,0,LOW
MED-003,Tablet,Antibiotic (Beta-lactamase inhibitor),46.9,33.1,15.0,25.0,0.0,21.9,21.9,50.1,1097.19,0,0,0,0.0,172,0,HIGH
MED-005,Tablet,Antihyperlipidemic (Statin),22.3,27.3,20.0,25.0,0.0,0.0,0.0,0.8,0.0,0,0,0,0.0,546,0,LOW
MED-020,Tablet,Antidepressant (SSRI),36.7,64.4,20.0,25.0,0.0,11.7,11.7,68.9,806.13,0,0,0,0.0,155,0,HIGH
MED-017,Nasal Spray Suspension,Corticosteroid / Allergy,45.5,20.2,4.0,30.0,0.0,15.5,15.5,61.6,954.8,0,1,0,0.0,214,0,HIGH
MED-012,Tablet,Antihypertensive (CCB),32.1,63.2,15.0,30.0,0.0,2.1,2.1,15.7,32.97,0,0,0,0.0,464,0,MODERATE
MED-017,Nasal Spray Suspension,Corticosteroid / Allergy,-3.2,56.7,4.0,30.0,7.2,0.0,7.2,25.6,184.32,0,1,0,0.0,232,0,HIGH
MED-012,Tablet,Antihypertensive (CCB),29.4,40.4,15.0,30.0,0.0,0.0,0.0,0.7,0.0,0,0,0,0.0,353,0,LOW
MED-022,Tablet,Antiplatelet / Hematologic,11.5,39.9,15.0,30.0,3.5,0.0,3.5,12.2,42.7,0,0,0,0.0,72,0,MODERATE
MED-006,Delayed-Release Capsule,Gastrointestinal (PPI),38.7,33.4,15.0,30.0,0.0,8.7,8.7,21.0,182.7,0,0,0,0.0,118,0,HIGH
MED-020,Tablet,Antidepressant (SSRI),15.0,50.8,20.0,25.0,5.0,0.0,5.0,9.4,47.0,0,0,0,0.0,188,0,MODERATE
MED-022,Tablet,Antiplatelet / Hematologic,36.6,50.3,15.0,30.0,0.0,6.6,6.6,2.3,15.18,0,0,0,0.0,23,1,MODERATE
MED-016,Inhalation Aerosol,Respiratory (Bronchodilator),12.3,75.1,15.0,25.0,2.7,0.0,2.7,13.6,36.72,0,1,0,0.0,69,0,MODERATE
MED-018,Capsule,Antibiotic (Tetracycline),23.2,70.0,20.0,25.0,0.0,0.0,0.0,0.3,0.0,0,0,0,0.0,638,0,LOW
MED-020,Tablet,Antidepressant (SSRI),18.5,36.6,20.0,25.0,1.5,0.0,1.5,8.8,13.2,0,0,0,0.0,484,0,LOW
MED-024,Tablet,Corticosteroid / Anti-inflammatory,32.8,60.0,20.0,25.0,0.0,7.8,7.8,14.3,111.54,0,0,0,0.0,401,0,MODERATE
MED-024,Tablet,Corticosteroid / Anti-inflammatory,16.4,84.6,20.0,25.0,3.6,0.0,3.6,4.1,14.76,0,0,0,0.0,173,0,LOW
MED-014,Subcutaneous Injection,Endocrine (Hormone),-1.8,28.1,2.0,8.0,3.8,0.0,3.8,31.0,117.8,1,1,0,0.0,28,1,HIGH
MED-007,Tablet,Antibiotic (Macrolide),10.5,67.2,15.0,30.0,4.5,0.0,4.5,6.3,28.35,0,0,0,0.0,14,1,MODERATE
MED-012,Tablet,Antihypertensive (CCB),34.2,43.2,15.0,30.0,0.0,4.2,4.2,30.1,126.42,0,0,0,0.0,191,0,HIGH
MED-016,Inhalation Aerosol,Respiratory (Bronchodilator),33.4,76.7,15.0,25.0,0.0,8.4,8.4,25.4,213.36,0,1,0,0.0,108,0,HIGH
MED-013,Tablet,Endocrine (Thyroid Hormone),15.6,57.1,15.0,30.0,0.0,0.0,0.0,7.4,0.0,0,0,0,0.0,536,0,LOW
MED-002,Capsule,Antibiotic (Penicillin),24.1,54.7,20.0,25.0,0.0,0.0,0.0,8.3,0.0,0,0,0,0.0,87,0,LOW
MED-023,Capsule,Anticonvulsant / Neuropathic,36.7,48.2,15.0,30.0,0.0,6.7,6.7,31.3,209.71,0,0,0,0.0,32,1,HIGH
MED-005,Tablet,Antihyperlipidemic (Statin),3.0,52.0,20.0,25.0,17.0,0.0,17.0,55.7,946.9,0,0,0,0.0,181,0,HIGH
MED-010,Tablet,Antihistamine,30.9,39.5,20.0,25.0,0.0,5.9,5.9,12.9,76.11,0,0,0,0.0,91,0,MODERATE
MED-005,Tablet,Antihyperlipidemic (Statin),19.1,61.9,20.0,25.0,0.9,0.0,0.9,13.4,12.06,0,0,0,0.0,43,1,MODERATE
MED-006,Delayed-Release Capsule,Gastrointestinal (PPI),40.6,58.0,15.0,30.0,0.0,10.6,10.6,32.3,342.38,0,0,0,0.0,24,1,HIGH
MED-004,Tablet,Antidiabetic (Biguanide),26.2,30.5,20.0,25.0,0.0,1.2,1.2,5.3,6.36,0,0,0,0.0,35,1,LOW
MED-025,Tablet,Diuretic / Antihypertensive,10.6,39.0,15.0,30.0,4.4,0.0,4.4,15.6,68.64,0,0,0,0.0,450,0,MODERATE
MED-025,Tablet,Diuretic / Antihypertensive,42.3,82.4,15.0,30.0,0.0,12.3,12.3,44.1,542.43,0,0,0,0.0,77,0,HIGH
MED-020,Tablet,Antidepressant (SSRI),16.3,31.9,20.0,25.0,3.7,0.0,3.7,7.9,29.23,0,0,0,0.0,588,0,MODERATE
MED-021,Tablet,Respiratory (Leukotriene Antagonist),11.2,39.5,15.0,30.0,3.8,0.0,3.8,21.3,80.94,0,0,0,0.0,425,0,MODERATE
MED-005,Tablet,Antihyperlipidemic (Statin),24.5,41.6,20.0,25.0,0.0,0.0,0.0,3.3,0.0,0,0,0,0.0,124,0,LOW
MED-009,Tablet,Analgesic / NSAID,15.3,61.8,20.0,25.0,4.7,0.0,4.7,12.4,58.28,0,0,0,0.0,520,0,MODERATE
MED-005,Tablet,Antihyperlipidemic (Statin),25.8,40.8,20.0,25.0,0.0,0.8,0.8,2.1,1.68,0,0,0,0.0,149,0,LOW
MED-003,Tablet,Antibiotic (Beta-lactamase inhibitor),34.1,51.5,15.0,25.0,0.0,9.1,9.1,31.2,283.92,0,0,0,0.0,185,0,HIGH
MED-012,Tablet,Antihypertensive (CCB),35.5,73.3,15.0,30.0,0.0,5.5,5.5,8.6,47.3,0,0,0,0.0,421,0,MODERATE
MED-015,Subcutaneous Injection,Endocrine (Hormone),14.8,38.7,2.0,8.0,0.0,6.8,6.8,6.5,44.2,1,1,0,0.0,305,0,MODERATE
MED-014,Subcutaneous Injection,Endocrine (Hormone),2.8,20.3,2.0,8.0,0.0,0.0,0.0,9.9,0.0,1,1,0,0.0,315,0,LOW
MED-002,Capsule,Antibiotic (Penicillin),20.7,38.5,20.0,25.0,0.0,0.0,0.0,1.1,0.0,0,0,0,0.0,513,0,LOW
MED-016,Inhalation Aerosol,Respiratory (Bronchodilator),29.1,47.1,15.0,25.0,0.0,4.1,4.1,16.3,66.83,0,1,0,0.0,78,0,MODERATE
MED-016,Inhalation Aerosol,Respiratory (Bronchodilator),12.1,69.6,15.0,25.0,2.9,0.0,2.9,1.2,3.48,0,1,0,0.0,421,0,LOW
MED-012,Tablet,Antihypertensive (CCB),18.7,64.6,15.0,30.0,0.0,0.0,0.0,2.0,0.0,0,0,0,0.0,121,0,LOW
MED-015,Subcutaneous Injection,Endocrine (Hormone),-2.0,47.7,2.0,8.0,4.0,0.0,4.0,20.2,80.8,1,1,0,0.0,192,0,HIGH
MED-017,Nasal Spray Suspension,Corticosteroid / Allergy,34.1,78.2,4.0,30.0,0.0,4.1,4.1,6.7,27.47,0,1,0,0.0,184,0,MODERATE
MED-006,Delayed-Release Capsule,Gastrointestinal (PPI),21.8,74.6,15.0,30.0,0.0,0.0,0.0,3.0,0.0,0,0,0,0.0,516,0,LOW
MED-019,Delayed-Release Tablet,Gastrointestinal (PPI),30.7,32.4,20.0,25.0,0.0,5.7,5.7,6.4,36.48,0,0,0,0.0,228,0,MODERATE
MED-018,Capsule,Antibiotic (Tetracycline),41.6,55.8,20.0,25.0,0.0,16.6,16.6,24.3,403.38,0,0,0,0.0,26,1,HIGH
MED-024,Tablet,Corticosteroid / Anti-inflammatory,28.8,67.8,20.0,25.0,0.0,3.8,3.8,27.5,104.5,0,0,0,0.0,531,0,MODERATE
MED-018,Capsule,Antibiotic (Tetracycline),29.0,72.4,20.0,25.0,0.0,4.0,4.0,10.1,40.4,0,0,0,0.0,66,0,MODERATE
MED-011,Tablet,Antihypertensive (ARB),35.1,67.6,15.0,30.0,0.0,5.1,5.1,5.4,27.54,0,0,0,0.0,93,0,MODERATE
MED-004,Tablet,Antidiabetic (Biguanide),22.5,42.7,20.0,25.0,0.0,0.0,0.0,3.6,0.0,0,0,0,0.0,573,0,LOW
MED-006,Delayed-Release Capsule,Gastrointestinal (PPI),17.5,51.7,15.0,30.0,0.0,0.0,0.0,2.9,0.0,0,0,0,0.0,390,0,LOW
MED-004,Tablet,Antidiabetic (Biguanide),26.9,60.0,20.0,25.0,0.0,1.9,1.9,34.9,66.31,0,0,0,0.0,244,0,MODERATE
MED-023,Capsule,Anticonvulsant / Neuropathic,25.1,54.7,15.0,30.0,0.0,0.0,0.0,3.6,0.0,0,0,0,0.0,457,0,LOW
MED-023,Capsule,Anticonvulsant / Neuropathic,31.0,25.4,15.0,30.0,0.0,1.0,1.0,9.9,9.9,0,0,0,0.0,435,0,LOW
MED-018,Capsule,Antibiotic (Tetracycline),25.6,44.1,20.0,25.0,0.0,0.6,0.6,3.4,2.04,0,0,0,0.0,237,0,LOW
MED-010,Tablet,Antihistamine,17.2,68.0,20.0,25.0,2.8,0.0,2.8,10.6,29.68,0,0,0,0.0,64,0,MODERATE
MED-005,Tablet,Antihyperlipidemic (Statin),28.5,36.2,20.0,25.0,0.0,3.5,3.5,12.9,45.15,0,0,0,0.0,600,0,MODERATE
MED-010,Tablet,Antihistamine,28.4,49.2,20.0,25.0,0.0,3.4,3.4,15.3,52.02,0,0,0,0.0,270,0,MODERATE
MED-013,Tablet,Endocrine (Thyroid Hormone),31.4,25.2,15.0,30.0,0.0,1.4,1.4,16.1,22.54,0,0,0,0.0,413,0,MODERATE
MED-002,Capsule,Antibiotic (Penicillin),-1.5,36.8,20.0,25.0,21.5,0.0,21.5,53.7,1154.55,0,0,0,0.0,141,0,HIGH
MED-002,Capsule,Antibiotic (Penicillin),25.8,32.4,20.0,25.0,0.0,0.8,0.8,17.6,14.08,0,0,0,0.0,304,0,LOW
MED-005,Tablet,Antihyperlipidemic (Statin),24.5,20.8,20.0,25.0,0.0,0.0,0.0,2.5,0.0,0,0,0,0.0,601,0,LOW
MED-015,Subcutaneous Injection,Endocrine (Hormone),2.0,27.8,2.0,8.0,0.0,0.0,0.0,1.4,0.0,1,1,0,0.0,39,0,LOW
MED-001,Tablet,Analgesic / Antipyretic,26.5,59.4,20.0,25.0,0.0,1.5,1.5,11.1,16.65,0,0,0,0.0,477,0,LOW
MED-002,Capsule,Antibiotic (Penicillin),42.5,50.4,20.0,25.0,0.0,17.5,17.5,38.4,672.0,0,0,0,0.0,64,0,HIGH
MED-005,Tablet,Antihyperlipidemic (Statin),15.9,34.3,20.0,25.0,4.1,0.0,4.1,17.7,72.57,0,0,0,0.0,251,0,MODERATE
MED-012,Tablet,Antihypertensive (CCB),31.5,35.4,15.0,30.0,0.0,1.5,1.5,14.5,21.75,0,0,0,0.0,428,0,MODERATE
MED-018,Capsule,Antibiotic (Tetracycline),37.7,42.7,20.0,25.0,0.0,12.7,12.7,26.7,339.09,0,0,0,0.0,66,0,HIGH
MED-010,Tablet,Antihistamine,27.6,68.9,20.0,25.0,0.0,2.6,2.6,3.5,9.1,0,0,0,0.0,450,0,LOW
MED-006,Delayed-Release Capsule,Gastrointestinal (PPI),38.4,22.2,15.0,30.0,0.0,8.4,8.4,29.2,245.28,0,0,0,0.0,69,0,HIGH
MED-005,Tablet,Antihyperlipidemic (Statin),27.7,26.6,20.0,25.0,0.0,2.7,2.7,11.4,30.78,0,0,0,0.0,217,0,MODERATE
MED-014,Subcutaneous Injection,Endocrine (Hormone),7.0,67.1,2.0,8.0,0.0,0.0,0.0,1.2,0.0,1,1,0,0.0,87,0,LOW
MED-012,Tablet,Antihypertensive (CCB),34.4,43.9,15.0,30.0,0.0,4.4,4.4,12.2,53.68,0,0,0,0.0,275,0,MODERATE
MED-022,Tablet,Antiplatelet / Hematologic,31.9,81.5,15.0,30.0,0.0,1.9,1.9,2.7,5.13,0,0,0,0.0,15,1,LOW
MED-024,Tablet,Corticosteroid / Anti-inflammatory,27.8,40.3,20.0,25.0,0.0,2.8,2.8,9.5,26.6,0,0,0,0.0,558,0,MODERATE
MED-021,Tablet,Respiratory (Leukotriene Antagonist),33.8,63.0,15.0,30.0,0.0,3.8,3.8,15.5,58.9,0,0,0,0.0,478,0,MODERATE
MED-018,Capsule,Antibiotic (Tetracycline),19.0,80.9,20.0,25.0,1.0,0.0,1.0,22.3,22.3,0,0,0,0.0,18,1,MODERATE
MED-012,Tablet,Antihypertensive (CCB),35.0,32.0,15.0,30.0,0.0,5.0,5.0,14.8,74.0,0,0,0,0.0,177,0,MODERATE
MED-004,Tablet,Antidiabetic (Biguanide),15.1,48.1,20.0,25.0,4.9,0.0,4.9,6.0,29.4,0,0,0,0.0,572,0,MODERATE
MED-010,Tablet,Antihistamine,23.7,70.6,20.0,25.0,0.0,0.0,0.0,17.0,0.0,0,0,0,0.0,123,0,LOW
MED-011,Tablet,Antihypertensive (ARB),14.8,38.1,15.0,30.0,0.2,0.0,0.2,10.3,2.06,0,0,0,0.0,470,0,LOW
MED-010,Tablet,Antihistamine,19.4,73.6,20.0,25.0,0.6,0.0,0.6,3.0,1.8,0,0,0,0.0,148,0,LOW
MED-014,Subcutaneous Injection,Endocrine (Hormone),12.5,40.7,2.0,8.0,0.0,4.5,4.5,7.7,34.65,1,1,0,0.0,122,0,MODERATE
MED-019,Delayed-Release Tablet,Gastrointestinal (PPI),23.5,56.9,20.0,25.0,0.0,0.0,0.0,1.4,0.0,0,0,0,0.0,58,1,LOW
MED-019,Delayed-Release Tablet,Gastrointestinal (PPI),28.2,55.1,20.0,25.0,0.0,3.2,3.2,3.0,9.6,0,0,0,0.0,137,0,LOW
MED-001,Tablet,Analgesic / Antipyretic,17.8,21.2,20.0,25.0,2.2,0.0,2.2,20.9,45.98,0,0,0,0.0,424,0,MODERATE
MED-014,Subcutaneous Injection,Endocrine (Hormone),9.3,68.0,2.0,8.0,0.0,1.3,1.3,7.3,9.49,1,1,0,0.0,26,1,LOW
MED-007,Tablet,Antibiotic (Macrolide),11.1,20.6,15.0,30.0,3.9,0.0,3.9,3.9,15.21,0,0,0,0.0,96,0,LOW
MED-001,Tablet,Analgesic / Antipyretic,26.6,72.2,20.0,25.0,0.0,1.6,1.6,9.4,15.04,0,0,0,0.0,428,0,LOW
MED-014,Subcutaneous Injection,Endocrine (Hormone),-2.7,40.5,2.0,8.0,4.7,0.0,4.7,14.6,68.62,1,1,0,0.0,233,0,HIGH
MED-020,Tablet,Antidepressant (SSRI),1.4,42.4,20.0,25.0,18.6,0.0,18.6,64.5,1199.7,0,0,0,0.0,85,0,HIGH
MED-014,Subcutaneous Injection,Endocrine (Hormone),3.7,24.3,2.0,8.0,0.0,0.0,0.0,19.7,0.0,1,1,0,0.0,447,0,LOW
MED-019,Delayed-Release Tablet,Gastrointestinal (PPI),15.0,55.0,20.0,25.0,5.0,0.0,5.0,21.7,108.5,0,0,0,0.0,181,0,MODERATE
MED-007,Tablet,Antibiotic (Macrolide),31.8,71.2,15.0,30.0,0.0,1.8,1.8,3.8,6.84,0,0,0,0.0,566,0,LOW
MED-022,Tablet,Antiplatelet / Hematologic,31.9,58.3,15.0,30.0,0.0,1.9,1.9,13.2,25.08,0,0,0,0.0,284,0,MODERATE
MED-005,Tablet,Antihyperlipidemic (Statin),29.6,58.1,20.0,25.0,0.0,4.6,4.6,3.9,17.94,0,0,0,0.0,337,0,LOW
MED-007,Tablet,Antibiotic (Macrolide),23.3,84.9,15.0,30.0,0.0,0.0,0.0,2.2,0.0,0,0,0,0.0,67,0,LOW
MED-022,Tablet,Antiplatelet / Hematologic,41.3,76.7,15.0,30.0,0.0,11.3,11.3,10.0,113.0,0,0,0,0.0,239,0,MODERATE
MED-020,Tablet,Antidepressant (SSRI),20.4,44.1,20.0,25.0,0.0,0.0,0.0,1.1,0.0,0,0,0,0.0,475,0,LOW
MED-001,Tablet,Analgesic / Antipyretic,24.6,56.4,20.0,25.0,0.0,0.0,0.0,27.6,0.0,0,0,0,0.0,365,0,LOW
MED-013,Tablet,Endocrine (Thyroid Hormone),37.0,22.4,15.0,30.0,0.0,7.0,7.0,9.9,69.3,0,0,0,0.0,456,0,MODERATE
MED-019,Delayed-Release Tablet,Gastrointestinal (PPI),-1.3,83.1,20.0,25.0,21.3,0.0,21.3,49.3,1050.09,0,0,0,0.0,86,0,HIGH
MED-011,Tablet,Antihypertensive (ARB),20.7,43.4,15.0,30.0,0.0,0.0,0.0,2.1,0.0,0,0,0,0.0,319,0,LOW
MED-005,Tablet,Antihyperlipidemic (Statin),21.2,65.5,20.0,25.0,0.0,0.0,0.0,2.3,0.0,0,0,0,0.0,727,0,LOW
MED-017,Nasal Spray Suspension,Corticosteroid / Allergy,0.0,66.6,4.0,30.0,4.0,0.0,4.0,9.1,36.4,0,1,0,0.0,569,0,HIGH
MED-004,Tablet,Antidiabetic (Biguanide),45.8,44.9,20.0,25.0,0.0,20.8,20.8,41.6,865.28,0,0,0,0.0,150,0,HIGH
MED-011,Tablet,Antihypertensive (ARB),34.3,55.6,15.0,30.0,0.0,4.3,4.3,4.9,21.07,0,0,0,0.0,361,0,MODERATE
MED-024,Tablet,Corticosteroid / Anti-inflammatory,20.0,20.8,20.0,25.0,0.0,0.0,0.0,3.4,0.0,0,0,0,0.0,551,0,LOW
MED-024,Tablet,Corticosteroid / Anti-inflammatory,26.6,83.2,20.0,25.0,0.0,1.6,1.6,3.2,5.12,0,0,0,0.0,453,0,LOW
MED-006,Delayed-Release Capsule,Gastrointestinal (PPI),39.6,41.5,15.0,30.0,0.0,9.6,9.6,26.6,255.36,0,0,0,0.0,236,0,HIGH
MED-016,Inhalation Aerosol,Respiratory (Bronchodilator),41.9,48.8,15.0,25.0,0.0,16.9,16.9,63.1,1066.39,0,1,0,0.0,152,0,HIGH
MED-017,Nasal Spray Suspension,Corticosteroid / Allergy,41.4,66.7,4.0,30.0,0.0,11.4,11.4,68.3,778.62,0,1,0,0.0,222,0,HIGH
MED-001,Tablet,Analgesic / Antipyretic,22.0,55.7,20.0,25.0,0.0,0.0,0.0,0.1,0.0,0,0,0,0.0,135,0,LOW
MED-006,Delayed-Release Capsule,Gastrointestinal (PPI),10.1,78.8,15.0,30.0,4.9,0.0,4.9,6.2,30.38,0,0,0,0.0,160,0,MODERATE
MED-014,Subcutaneous Injection,Endocrine (Hormone),10.3,35.8,2.0,8.0,0.0,2.3,2.3,1.5,3.45,1,1,0,0.0,483,0,LOW
MED-023,Capsule,Anticonvulsant / Neuropathic,42.3,79.2,15.0,30.0,0.0,12.3,12.3,15.3,188.19,0,0,0,0.0,272,0,HIGH
MED-005,Tablet,Antihyperlipidemic (Statin),21.2,61.2,20.0,25.0,0.0,0.0,0.0,3.0,0.0,0,0,0,0.0,553,0,LOW
MED-007,Tablet,Antibiotic (Macrolide),31.7,66.6,15.0,30.0,0.0,1.7,1.7,11.0,18.7,0,0,0,0.0,284,0,LOW
MED-001,Tablet,Analgesic / Antipyretic,21.8,77.7,20.0,25.0,0.0,0.0,0.0,3.7,0.0,0,0,0,0.0,344,0,LOW
MED-003,Tablet,Antibiotic (Beta-lactamase inhibitor),18.0,69.9,15.0,25.0,0.0,0.0,0.0,2.2,0.0,0,0,0,0.0,345,0,LOW
MED-015,Subcutaneous Injection,Endocrine (Hormone),6.7,47.2,2.0,8.0,0.0,0.0,0.0,2.0,0.0,1,1,0,0.0,318,0,LOW
MED-005,Tablet,Antihyperlipidemic (Statin),23.3,39.4,20.0,25.0,0.0,0.0,0.0,3.4,0.0,0,0,0,0.0,63,0,LOW
MED-013,Tablet,Endocrine (Thyroid Hormone),16.9,74.3,15.0,30.0,0.0,0.0,0.0,3.9,0.0,0,0,0,0.0,571,0,LOW
MED-009,Tablet,Analgesic / NSAID,24.3,43.8,20.0,25.0,0.0,0.0,0.0,1.7,0.0,0,0,0,0.0,297,0,LOW
MED-012,Tablet,Antihypertensive (CCB),16.8,45.0,15.0,30.0,0.0,0.0,0.0,4.2,0.0,0,0,0,0.0,247,0,LOW
MED-016,Inhalation Aerosol,Respiratory (Bronchodilator),13.9,72.4,15.0,25.0,1.1,0.0,1.1,10.9,11.99,0,1,0,0.0,12,1,MODERATE
MED-013,Tablet,Endocrine (Thyroid Hormone),32.9,44.7,15.0,30.0,0.0,2.9,2.9,5.6,16.24,0,0,0,0.0,211,0,LOW
MED-003,Tablet,Antibiotic (Beta-lactamase inhibitor),23.9,43.5,15.0,25.0,0.0,0.0,0.0,0.0,0.0,0,0,0,0.0,570,0,LOW
MED-004,Tablet,Antidiabetic (Biguanide),21.4,69.9,20.0,25.0,0.0,0.0,0.0,18.3,0.0,0,0,0,0.0,565,0,LOW
MED-025,Tablet,Diuretic / Antihypertensive,10.0,30.1,15.0,30.0,5.0,0.0,5.0,2.7,13.5,0,0,0,0.0,121,0,MODERATE
MED-004,Tablet,Antidiabetic (Biguanide),21.5,59.6,20.0,25.0,0.0,0.0,0.0,2.6,0.0,0,0,0,0.0,670,0,LOW
MED-021,Tablet,Respiratory (Leukotriene Antagonist),26.1,26.9,15.0,30.0,0.0,0.0,0.0,1.3,0.0,0,0,0,0.0,187,0,LOW
MED-016,Inhalation Aerosol,Respiratory (Bronchodilator),16.8,40.7,15.0,25.0,0.0,0.0,0.0,1.6,0.0,0,1,0,0.0,351,0,LOW
MED-015,Subcutaneous Injection,Endocrine (Hormone),-4.5,69.8,2.0,8.0,6.5,0.0,6.5,26.9,174.85,1,1,0,0.0,48,0,HIGH
MED-022,Tablet,Antiplatelet / Hematologic,11.3,71.0,15.0,30.0,3.7,0.0,3.7,21.7,80.29,0,0,0,0.0,148,0,MODERATE
MED-020,Tablet,Antidepressant (SSRI),20.3,62.8,20.0,25.0,0.0,0.0,0.0,2.7,0.0,0,0,0,0.0,653,0,LOW
MED-004,Tablet,Antidiabetic (Biguanide),35.8,41.4,20.0,25.0,0.0,10.8,10.8,50.2,542.16,0,0,0,0.0,132,0,HIGH
MED-013,Tablet,Endocrine (Thyroid Hormone),25.0,33.0,15.0,30.0,0.0,0.0,0.0,1.6,0.0,0,0,0,0.0,391,0,LOW
MED-006,Delayed-Release Capsule,Gastrointestinal (PPI),16.3,58.7,15.0,30.0,0.0,0.0,0.0,9.8,0.0,0,0,0,0.0,77,0,LOW
MED-021,Tablet,Respiratory (Leukotriene Antagonist),36.6,47.2,15.0,30.0,0.0,6.6,6.6,25.4,167.64,0,0,0,0.0,478,0,HIGH
MED-005,Tablet,Antihyperlipidemic (Statin),17.3,26.6,20.0,25.0,2.7,0.0,2.7,9.0,24.3,0,0,0,0.0,304,0,MODERATE
MED-009,Tablet,Analgesic / NSAID,27.5,78.7,20.0,25.0,0.0,2.5,2.5,8.9,22.25,0,0,0,0.0,397,0,MODERATE
MED-018,Capsule,Antibiotic (Tetracycline),16.9,43.3,20.0,25.0,3.1,0.0,3.1,20.2,62.62,0,0,0,0.0,193,0,MODERATE
MED-003,Tablet,Antibiotic (Beta-lactamase inhibitor),40.7,53.6,15.0,25.0,0.0,15.7,15.7,42.8,671.96,0,0,0,0.0,255,0,HIGH
MED-020,Tablet,Antidepressant (SSRI),21.3,71.7,20.0,25.0,0.0,0.0,0.0,1.4,0.0,0,0,0,0.0,569,0,LOW
MED-021,Tablet,Respiratory (Leukotriene Antagonist),20.6,70.1,15.0,30.0,0.0,0.0,0.0,2.6,0.0,0,0,0,0.0,68,0,LOW
MED-018,Capsule,Antibiotic (Tetracycline),-3.1,80.3,20.0,25.0,23.1,0.0,23.1,67.8,1566.18,0,0,0,0.0,206,0,HIGH
MED-004,Tablet,Antidiabetic (Biguanide),27.9,81.6,20.0,25.0,0.0,2.9,2.9,4.1,11.89,0,0,0,0.0,39,1,MODERATE
MED-024,Tablet,Corticosteroid / Anti-inflammatory,19.9,61.8,20.0,25.0,0.1,0.0,0.1,6.9,0.69,0,0,0,0.0,214,0,LOW
MED-014,Subcutaneous Injection,Endocrine (Hormone),-1.8,63.2,2.0,8.0,3.8,0.0,3.8,13.5,51.3,1,1,0,0.0,32,0,HIGH
MED-003,Tablet,Antibiotic (Beta-lactamase inhibitor),42.4,82.6,15.0,25.0,0.0,17.4,17.4,40.5,704.7,0,0,0,0.0,150,0,HIGH
MED-024,Tablet,Corticosteroid / Anti-inflammatory,32.1,82.1,20.0,25.0,0.0,7.1,7.1,2.7,19.17,0,0,0,0.0,18,1,MODERATE
MED-004,Tablet,Antidiabetic (Biguanide),21.7,54.1,20.0,25.0,0.0,0.0,0.0,1.7,0.0,0,0,0,0.0,60,1,LOW
MED-025,Tablet,Diuretic / Antihypertensive,32.8,30.6,15.0,30.0,0.0,2.8,2.8,16.7,46.76,0,0,0,0.0,263,0,MODERATE
MED-020,Tablet,Antidepressant (SSRI),21.8,20.8,20.0,25.0,0.0,0.0,0.0,18.8,0.0,0,0,0,0.0,231,0,LOW
MED-007,Tablet,Antibiotic (Macrolide),33.7,43.2,15.0,30.0,0.0,3.7,3.7,28.4,105.08,0,0,0,0.0,78,0,MODERATE
MED-006,Delayed-Release Capsule,Gastrointestinal (PPI),26.5,62.0,15.0,30.0,0.0,0.0,0.0,3.9,0.0,0,0,0,0.0,168,0,LOW
MED-020,Tablet,Antidepressant (SSRI),21.1,81.3,20.0,25.0,0.0,0.0,0.0,2.4,0.0,0,0,0,0.0,38,1,LOW
MED-022,Tablet,Antiplatelet / Hematologic,31.9,81.9,15.0,30.0,0.0,1.9,1.9,11.6,22.04,0,0,0,0.0,90,0,MODERATE
MED-022,Tablet,Antiplatelet / Hematologic,15.4,69.6,15.0,30.0,0.0,0.0,0.0,1.1,0.0,0,0,0,0.0,303,0,LOW
MED-005,Tablet,Antihyperlipidemic (Statin),28.2,84.0,20.0,25.0,0.0,3.2,3.2,13.2,42.24,0,0,0,0.0,449,0,MODERATE
MED-010,Tablet,Antihistamine,26.8,58.0,20.0,25.0,0.0,1.8,1.8,23.2,41.76,0,0,0,0.0,584,0,MODERATE
MED-004,Tablet,Antidiabetic (Biguanide),28.4,41.7,20.0,25.0,0.0,3.4,3.4,17.9,60.86,0,0,0,0.0,305,0,MODERATE
MED-023,Capsule,Anticonvulsant / Neuropathic,10.3,39.2,15.0,30.0,4.7,0.0,4.7,7.2,33.84,0,0,0,0.0,135,0,MODERATE
MED-009,Tablet,Analgesic / NSAID,20.4,37.5,20.0,25.0,0.0,0.0,0.0,4.9,0.0,0,0,0,0.0,89,0,LOW
MED-020,Tablet,Antidepressant (SSRI),40.9,44.3,20.0,25.0,0.0,15.9,15.9,29.8,473.82,0,0,0,0.0,67,0,HIGH
MED-002,Capsule,Antibiotic (Penicillin),47.0,44.8,20.0,25.0,0.0,22.0,22.0,27.4,602.8,0,0,0,0.0,10,1,HIGH
MED-022,Tablet,Antiplatelet / Hematologic,11.6,63.4,15.0,30.0,3.4,0.0,3.4,6.6,22.44,0,0,0,0.0,421,0,MODERATE
MED-002,Capsule,Antibiotic (Penicillin),27.4,44.9,20.0,25.0,0.0,2.4,2.4,2.2,5.28,0,0,0,0.0,117,0,LOW
MED-015,Subcutaneous Injection,Endocrine (Hormone),3.2,43.7,2.0,8.0,0.0,0.0,0.0,16.3,0.0,1,1,0,0.0,201,0,LOW
MED-017,Nasal Spray Suspension,Corticosteroid / Allergy,1.7,61.7,4.0,30.0,2.3,0.0,2.3,9.7,22.31,0,1,0,0.0,15,1,MODERATE
MED-009,Tablet,Analgesic / NSAID,33.8,23.2,20.0,25.0,0.0,8.8,8.8,39.1,344.08,0,0,0,0.0,172,0,HIGH
MED-022,Tablet,Antiplatelet / Hematologic,18.0,30.5,15.0,30.0,0.0,0.0,0.0,3.0,0.0,0,0,0,0.0,87,0,LOW
MED-009,Tablet,Analgesic / NSAID,22.0,70.7,20.0,25.0,0.0,0.0,0.0,0.1,0.0,0,0,0,0.0,697,0,LOW
MED-022,Tablet,Antiplatelet / Hematologic,33.6,63.8,15.0,30.0,0.0,3.6,3.6,31.1,111.96,0,0,0,0.0,232,0,MODERATE
MED-014,Subcutaneous Injection,Endocrine (Hormone),6.2,54.9,2.0,8.0,0.0,0.0,0.0,0.3,0.0,1,1,0,0.0,463,0,LOW
MED-012,Tablet,Antihypertensive (CCB),31.8,21.0,15.0,30.0,0.0,1.8,1.8,18.0,32.4,0,0,0,0.0,166,0,MODERATE
MED-002,Capsule,Antibiotic (Penicillin),44.5,33.7,20.0,25.0,0.0,19.5,19.5,20.1,391.95,0,0,0,0.0,344,0,HIGH
MED-019,Delayed-Release Tablet,Gastrointestinal (PPI),22.3,28.4,20.0,25.0,0.0,0.0,0.0,3.9,0.0,0,0,0,0.0,407,0,LOW
MED-007,Tablet,Antibiotic (Macrolide),33.5,75.5,15.0,30.0,0.0,3.5,3.5,3.5,12.25,0,0,0,0.0,317,0,LOW
MED-014,Subcutaneous Injection,Endocrine (Hormone),3.4,32.0,2.0,8.0,0.0,0.0,0.0,1.6,0.0,1,1,0,0.0,503,0,LOW
MED-017,Nasal Spray Suspension,Corticosteroid / Allergy,41.8,35.7,4.0,30.0,0.0,11.8,11.8,50.1,591.18,0,1,0,0.0,347,0,HIGH
MED-011,Tablet,Antihypertensive (ARB),37.1,24.9,15.0,30.0,0.0,7.1,7.1,33.7,239.27,0,0,0,0.0,149,0,HIGH
MED-011,Tablet,Antihypertensive (ARB),15.1,56.8,15.0,30.0,0.0,0.0,0.0,3.5,0.0,0,0,0,0.0,389,0,LOW
MED-002,Capsule,Antibiotic (Penicillin),20.7,44.2,20.0,25.0,0.0,0.0,0.0,3.3,0.0,0,0,0,0.0,257,0,LOW
MED-014,Subcutaneous Injection,Endocrine (Hormone),8.5,79.4,2.0,8.0,0.0,0.5,0.5,34.4,17.2,1,1,0,0.0,384,0,MODERATE
MED-012,Tablet,Antihypertensive (CCB),39.8,83.1,15.0,30.0,0.0,9.8,9.8,65.2,638.96,0,0,0,0.0,230,0,HIGH
MED-021,Tablet,Respiratory (Leukotriene Antagonist),10.5,21.9,15.0,30.0,4.5,0.0,4.5,3.1,13.95,0,0,0,0.0,447,0,LOW
MED-013,Tablet,Endocrine (Thyroid Hormone),34.1,61.2,15.0,30.0,0.0,4.1,4.1,15.9,65.19,0,0,0,0.0,499,0,MODERATE
MED-013,Tablet,Endocrine (Thyroid Hormone),33.0,77.2,15.0,30.0,0.0,3.0,3.0,21.6,64.8,0,0,0,0.0,238,0,MODERATE
MED-003,Tablet,Antibiotic (Beta-lactamase inhibitor),28.1,72.1,15.0,25.0,0.0,3.1,3.1,3.3,10.23,0,0,0,0.0,163,0,LOW
MED-021,Tablet,Respiratory (Leukotriene Antagonist),47.2,56.8,15.0,30.0,0.0,17.2,17.2,70.8,1217.76,0,0,0,0.0,247,0,HIGH
MED-019,Delayed-Release Tablet,Gastrointestinal (PPI),17.0,37.8,20.0,25.0,3.0,0.0,3.0,21.5,64.5,0,0,0,0.0,266,0,MODERATE
MED-024,Tablet,Corticosteroid / Anti-inflammatory,24.5,57.2,20.0,25.0,0.0,0.0,0.0,3.9,0.0,0,0,0,0.0,602,0,LOW
MED-013,Tablet,Endocrine (Thyroid Hormone),26.9,29.9,15.0,30.0,0.0,0.0,0.0,2.6,0.0,0,0,0,0.0,709,0,LOW
MED-012,Tablet,Antihypertensive (CCB),-4.0,44.8,15.0,30.0,19.0,0.0,19.0,23.0,437.0,0,0,0,0.0,24,1,HIGH
MED-022,Tablet,Antiplatelet / Hematologic,36.0,54.6,15.0,30.0,0.0,6.0,6.0,13.1,78.6,0,0,0,0.0,26,1,HIGH
MED-018,Capsule,Antibiotic (Tetracycline),18.2,82.1,20.0,25.0,1.8,0.0,1.8,15.0,27.0,0,0,0,0.0,457,0,MODERATE
MED-004,Tablet,Antidiabetic (Biguanide),29.5,37.4,20.0,25.0,0.0,4.5,4.5,16.1,72.45,0,0,0,0.0,127,0,MODERATE
MED-002,Capsule,Antibiotic (Penicillin),28.1,49.4,20.0,25.0,0.0,3.1,3.1,7.0,21.7,0,0,0,0.0,228,0,MODERATE
MED-017,Nasal Spray Suspension,Corticosteroid / Allergy,16.2,32.0,4.0,30.0,0.0,0.0,0.0,2.6,0.0,0,1,0,0.0,649,0,LOW
MED-019,Delayed-Release Tablet,Gastrointestinal (PPI),23.0,64.3,20.0,25.0,0.0,0.0,0.0,2.2,0.0,0,0,0,0.0,234,0,LOW
MED-012,Tablet,Antihypertensive (CCB),15.0,42.9,15.0,30.0,0.0,0.0,0.0,23.2,0.0,0,0,0,0.0,140,0,LOW
MED-025,Tablet,Diuretic / Antihypertensive,42.5,47.6,15.0,30.0,0.0,12.5,12.5,23.8,297.5,0,0,0,0.0,152,0,HIGH
MED-013,Tablet,Endocrine (Thyroid Hormone),34.5,24.6,15.0,30.0,0.0,4.5,4.5,15.0,67.5,0,0,0,0.0,447,0,MODERATE
MED-025,Tablet,Diuretic / Antihypertensive,47.6,57.9,15.0,30.0,0.0,17.6,17.6,63.3,1114.08,0,0,0,0.0,224,0,HIGH
MED-018,Capsule,Antibiotic (Tetracycline),20.6,55.7,20.0,25.0,0.0,0.0,0.0,1.9,0.0,0,0,0,0.0,158,0,LOW
MED-016,Inhalation Aerosol,Respiratory (Bronchodilator),45.8,58.9,15.0,25.0,0.0,20.8,20.8,49.3,1025.44,0,1,0,0.0,85,0,HIGH
MED-005,Tablet,Antihyperlipidemic (Statin),27.5,39.7,20.0,25.0,0.0,2.5,2.5,17.9,44.75,0,0,0,0.0,75,0,MODERATE
MED-012,Tablet,Antihypertensive (CCB),37.3,71.9,15.0,30.0,0.0,7.3,7.3,15.9,116.07,0,0,0,0.0,538,0,MODERATE
MED-012,Tablet,Antihypertensive (CCB),27.3,66.7,15.0,30.0,0.0,0.0,0.0,0.2,0.0,0,0,0,0.0,585,0,LOW
MED-024,Tablet,Corticosteroid / Anti-inflammatory,40.7,84.8,20.0,25.0,0.0,15.7,15.7,29.6,464.72,0,0,0,0.0,148,0,HIGH
MED-017,Nasal Spray Suspension,Corticosteroid / Allergy,30.4,39.5,4.0,30.0,0.0,0.4,0.4,3.5,1.4,0,1,0,0.0,568,0,LOW
MED-022,Tablet,Antiplatelet / Hematologic,13.1,42.1,15.0,30.0,1.9,0.0,1.9,21.5,40.85,0,0,0,0.0,275,0,MODERATE
MED-008,Tablet,Antibiotic (Fluoroquinolone),20.1,53.7,20.0,25.0,0.0,0.0,0.0,0.7,0.0,0,0,0,0.0,146,0,LOW
MED-012,Tablet,Antihypertensive (CCB),30.8,37.4,15.0,30.0,0.0,0.8,0.8,16.0,12.8,0,0,0,0.0,408,0,LOW
MED-012,Tablet,Antihypertensive (CCB),11.9,83.2,15.0,30.0,3.1,0.0,3.1,9.8,30.38,0,0,0,0.0,90,0,MODERATE
MED-025,Tablet,Diuretic / Antihypertensive,12.9,82.4,15.0,30.0,2.1,0.0,2.1,17.9,37.59,0,0,0,0.0,128,0,MODERATE
MED-004,Tablet,Antidiabetic (Biguanide),39.0,76.1,20.0,25.0,0.0,14.0,14.0,58.6,820.4,0,0,0,0.0,73,1,HIGH
MED-017,Nasal Spray Suspension,Corticosteroid / Allergy,31.4,39.4,4.0,30.0,0.0,1.4,1.4,19.7,27.58,0,1,0,0.0,536,0,MODERATE
MED-025,Tablet,Diuretic / Antihypertensive,34.7,45.2,15.0,30.0,0.0,4.7,4.7,2.1,9.87,0,0,0,0.0,291,0,LOW
MED-015,Subcutaneous Injection,Endocrine (Hormone),7.6,20.6,2.0,8.0,0.0,0.0,0.0,3.7,0.0,1,1,0,0.0,353,0,LOW
MED-012,Tablet,Antihypertensive (CCB),34.0,46.6,15.0,30.0,0.0,4.0,4.0,10.9,43.6,0,0,0,0.0,260,0,MODERATE
MED-008,Tablet,Antibiotic (Fluoroquinolone),28.4,36.3,20.0,25.0,0.0,3.4,3.4,4.3,14.62,0,0,0,0.0,247,0,LOW
MED-021,Tablet,Respiratory (Leukotriene Antagonist),43.9,27.0,15.0,30.0,0.0,13.9,13.9,56.5,785.35,0,0,0,0.0,200,0,HIGH
MED-018,Capsule,Antibiotic (Tetracycline),32.6,71.0,20.0,25.0,0.0,7.6,7.6,33.0,250.8,0,0,0,0.0,340,0,HIGH
MED-010,Tablet,Antihistamine,32.9,66.3,20.0,25.0,0.0,7.9,7.9,14.3,112.97,0,0,0,0.0,151,0,MODERATE
MED-021,Tablet,Respiratory (Leukotriene Antagonist),32.7,35.7,15.0,30.0,0.0,2.7,2.7,2.5,6.75,0,0,0,0.0,384,0,LOW
MED-020,Tablet,Antidepressant (SSRI),16.3,73.2,20.0,25.0,3.7,0.0,3.7,23.4,86.58,0,0,0,0.0,309,0,MODERATE
MED-022,Tablet,Antiplatelet / Hematologic,31.3,25.8,15.0,30.0,0.0,1.3,1.3,13.6,17.68,0,0,0,0.0,244,0,LOW
MED-001,Tablet,Analgesic / Antipyretic,45.9,68.1,20.0,25.0,0.0,20.9,20.9,58.4,1220.56,0,0,0,0.0,23,1,HIGH
MED-017,Nasal Spray Suspension,Corticosteroid / Allergy,33.9,24.1,4.0,30.0,0.0,3.9,3.9,12.1,47.19,0,1,0,0.0,487,0,MODERATE
MED-019,Delayed-Release Tablet,Gastrointestinal (PPI),24.8,78.5,20.0,25.0,0.0,0.0,0.0,2.1,0.0,0,0,0,0.0,303,0,LOW
MED-016,Inhalation Aerosol,Respiratory (Bronchodilator),10.1,48.2,15.0,25.0,4.9,0.0,4.9,15.9,77.91,0,1,0,0.0,286,0,MODERATE
MED-025,Tablet,Diuretic / Antihypertensive,26.2,69.3,15.0,30.0,0.0,0.0,0.0,0.1,0.0,0,0,0,0.0,704,0,LOW
MED-025,Tablet,Diuretic / Antihypertensive,33.4,29.0,15.0,30.0,0.0,3.4,3.4,14.6,49.64,0,0,0,0.0,400,0,MODERATE
MED-023,Capsule,Anticonvulsant / Neuropathic,10.7,73.8,15.0,30.0,4.3,0.0,4.3,11.3,48.59,0,0,0,0.0,216,0,MODERATE
MED-001,Tablet,Analgesic / Antipyretic,23.6,57.7,20.0,25.0,0.0,0.0,0.0,3.3,0.0,0,0,0,0.0,319,0,LOW
MED-022,Tablet,Antiplatelet / Hematologic,22.2,61.7,15.0,30.0,0.0,0.0,0.0,2.7,0.0,0,0,0,0.0,284,0,LOW
MED-025,Tablet,Diuretic / Antihypertensive,14.1,59.8,15.0,30.0,0.9,0.0,0.9,14.7,13.23,0,0,0,0.0,426,0,LOW
MED-019,Delayed-Release Tablet,Gastrointestinal (PPI),34.4,38.0,20.0,25.0,0.0,9.4,9.4,20.7,194.58,0,0,0,0.0,183,0,HIGH
MED-005,Tablet,Antihyperlipidemic (Statin),22.3,48.9,20.0,25.0,0.0,0.0,0.0,3.6,0.0,0,0,0,0.0,105,0,LOW
MED-008,Tablet,Antibiotic (Fluoroquinolone),16.2,35.9,20.0,25.0,3.8,0.0,3.8,23.0,87.4,0,0,0,0.0,221,0,MODERATE
MED-019,Delayed-Release Tablet,Gastrointestinal (PPI),41.3,75.6,20.0,25.0,0.0,16.3,16.3,57.9,943.77,0,0,0,0.0,114,0,HIGH
MED-005,Tablet,Antihyperlipidemic (Statin),15.7,81.9,20.0,25.0,4.3,0.0,4.3,15.8,67.94,0,0,0,0.0,415,0,MODERATE
MED-015,Subcutaneous Injection,Endocrine (Hormone),15.6,69.6,2.0,8.0,0.0,7.6,7.6,31.4,238.64,1,1,0,0.0,231,0,HIGH
MED-006,Delayed-Release Capsule,Gastrointestinal (PPI),28.4,64.9,15.0,30.0,0.0,0.0,0.0,2.5,0.0,0,0,0,0.0,640,0,LOW
MED-020,Tablet,Antidepressant (SSRI),28.5,68.2,20.0,25.0,0.0,3.5,3.5,4.5,15.75,0,0,0,0.0,322,0,LOW
MED-024,Tablet,Corticosteroid / Anti-inflammatory,25.3,63.8,20.0,25.0,0.0,0.3,0.3,19.8,5.94,0,0,0,0.0,260,0,LOW
MED-018,Capsule,Antibiotic (Tetracycline),24.6,51.2,20.0,25.0,0.0,0.0,0.0,2.8,0.0,0,0,0,0.0,538,0,LOW
MED-017,Nasal Spray Suspension,Corticosteroid / Allergy,33.9,84.1,4.0,30.0,0.0,3.9,3.9,15.8,61.62,0,1,0,0.0,63,0,MODERATE
MED-025,Tablet,Diuretic / Antihypertensive,27.9,64.1,15.0,30.0,0.0,0.0,0.0,2.6,0.0,0,0,0,0.0,249,0,LOW
MED-004,Tablet,Antidiabetic (Biguanide),31.4,61.1,20.0,25.0,0.0,6.4,6.4,17.1,109.44,0,0,0,0.0,145,0,MODERATE
MED-021,Tablet,Respiratory (Leukotriene Antagonist),32.5,34.2,15.0,30.0,0.0,2.5,2.5,3.1,7.75,0,0,0,0.0,334,0,LOW
MED-005,Tablet,Antihyperlipidemic (Statin),29.6,45.9,20.0,25.0,0.0,4.6,4.6,16.9,77.74,0,0,0,0.0,152,0,MODERATE
MED-011,Tablet,Antihypertensive (ARB),32.1,82.1,15.0,30.0,0.0,2.1,2.1,3.0,6.3,0,0,0,0.0,323,0,LOW
MED-007,Tablet,Antibiotic (Macrolide),14.8,74.5,15.0,30.0,0.2,0.0,0.2,18.2,3.64,0,0,0,0.0,594,0,LOW
MED-021,Tablet,Respiratory (Leukotriene Antagonist),26.9,46.1,15.0,30.0,0.0,0.0,0.0,2.1,0.0,0,0,0,0.0,102,0,LOW
MED-011,Tablet,Antihypertensive (ARB),25.3,52.9,15.0,30.0,0.0,0.0,0.0,3.4,0.0,0,0,0,0.0,238,0,LOW
MED-018,Capsule,Antibiotic (Tetracycline),31.9,40.1,20.0,25.0,0.0,6.9,6.9,27.1,186.99,0,0,0,0.0,45,1,HIGH
MED-025,Tablet,Diuretic / Antihypertensive,21.4,26.2,15.0,30.0,0.0,0.0,0.0,0.4,0.0,0,0,0,0.0,269,0,LOW
MED-023,Capsule,Anticonvulsant / Neuropathic,31.0,44.4,15.0,30.0,0.0,1.0,1.0,11.7,11.7,0,0,0,0.0,76,0,LOW
MED-004,Tablet,Antidiabetic (Biguanide),23.0,53.5,20.0,25.0,0.0,0.0,0.0,0.1,0.0,0,0,0,0.0,541,0,LOW
MED-021,Tablet,Respiratory (Leukotriene Antagonist),25.8,27.4,15.0,30.0,0.0,0.0,0.0,0.5,0.0,0,0,0,0.0,197,0,LOW
MED-014,Subcutaneous Injection,Endocrine (Hormone),34.7,44.6,2.0,8.0,0.0,26.7,26.7,11.0,293.7,1,1,0,0.0,83,0,HIGH
MED-022,Tablet,Antiplatelet / Hematologic,35.9,31.3,15.0,30.0,0.0,5.9,5.9,25.1,148.09,0,0,0,0.0,197,0,HIGH
MED-018,Capsule,Antibiotic (Tetracycline),46.3,56.0,20.0,25.0,0.0,21.3,21.3,25.0,532.5,0,0,0,0.0,101,0,HIGH
MED-013,Tablet,Endocrine (Thyroid Hormone),31.1,21.4,15.0,30.0,0.0,1.1,1.1,3.7,4.07,0,0,0,0.0,82,0,LOW
MED-003,Tablet,Antibiotic (Beta-lactamase inhibitor),28.5,21.4,15.0,25.0,0.0,3.5,3.5,31.8,111.3,0,0,0,0.0,553,0,MODERATE
MED-014,Subcutaneous Injection,Endocrine (Hormone),1.3,23.0,2.0,8.0,0.7,0.0,0.7,11.4,7.98,1,1,0,0.0,321,0,MODERATE
MED-004,Tablet,Antidiabetic (Biguanide),28.2,81.3,20.0,25.0,0.0,3.2,3.2,5.7,18.24,0,0,0,0.0,143,0,LOW
MED-015,Subcutaneous Injection,Endocrine (Hormone),10.2,54.5,2.0,8.0,0.0,2.2,2.2,4.3,9.46,1,1,0,0.0,110,0,LOW
MED-002,Capsule,Antibiotic (Penicillin),18.3,47.0,20.0,25.0,1.7,0.0,1.7,5.7,9.69,0,0,0,0.0,406,0,LOW
MED-014,Subcutaneous Injection,Endocrine (Hormone),14.1,36.2,2.0,8.0,0.0,6.1,6.1,7.2,43.92,1,1,0,0.0,380,0,MODERATE
MED-005,Tablet,Antihyperlipidemic (Statin),20.8,61.8,20.0,25.0,0.0,0.0,0.0,0.3,0.0,0,0,0,0.0,480,0,LOW
MED-011,Tablet,Antihypertensive (ARB),11.4,48.9,15.0,30.0,3.6,0.0,3.6,13.3,47.88,0,0,0,0.0,60,1,HIGH
MED-008,Tablet,Antibiotic (Fluoroquinolone),26.5,53.1,20.0,25.0,0.0,1.5,1.5,14.5,21.75,0,0,0,0.0,75,0,MODERATE
MED-002,Capsule,Antibiotic (Penicillin),26.3,84.6,20.0,25.0,0.0,1.3,1.3,17.6,22.88,0,0,0,0.0,487,0,MODERATE
MED-017,Nasal Spray Suspension,Corticosteroid / Allergy,34.3,22.1,4.0,30.0,0.0,4.3,4.3,9.3,39.99,0,1,0,0.0,75,0,MODERATE
MED-011,Tablet,Antihypertensive (ARB),12.7,72.8,15.0,30.0,2.3,0.0,2.3,6.4,14.72,0,0,0,0.0,427,0,LOW
MED-010,Tablet,Antihistamine,24.9,84.4,20.0,25.0,0.0,0.0,0.0,2.5,0.0,0,0,0,0.0,203,0,LOW
MED-025,Tablet,Diuretic / Antihypertensive,34.2,22.7,15.0,30.0,0.0,4.2,4.2,14.6,61.32,0,0,0,0.0,18,1,HIGH
MED-023,Capsule,Anticonvulsant / Neuropathic,41.9,42.6,15.0,30.0,0.0,11.9,11.9,55.6,661.64,0,0,0,0.0,314,0,HIGH
MED-015,Subcutaneous Injection,Endocrine (Hormone),10.8,77.4,2.0,8.0,0.0,2.8,2.8,6.3,17.64,1,1,0,0.0,268,0,MODERATE
MED-017,Nasal Spray Suspension,Corticosteroid / Allergy,35.5,23.0,4.0,30.0,0.0,5.5,5.5,29.8,163.9,0,1,0,0.0,499,0,HIGH
MED-023,Capsule,Anticonvulsant / Neuropathic,45.0,71.2,15.0,30.0,0.0,15.0,15.0,32.2,483.0,0,0,0,0.0,44,1,HIGH
MED-007,Tablet,Antibiotic (Macrolide),33.4,69.9,15.0,30.0,0.0,3.4,3.4,14.5,49.3,0,0,0,0.0,313,0,MODERATE
MED-008,Tablet,Antibiotic (Fluoroquinolone),20.3,31.5,20.0,25.0,0.0,0.0,0.0,13.4,0.0,0,0,0,0.0,389,0,LOW
MED-024,Tablet,Corticosteroid / Anti-inflammatory,43.8,48.1,20.0,25.0,0.0,18.8,18.8,13.9,261.32,0,0,0,0.0,46,1,HIGH
MED-006,Delayed-Release Capsule,Gastrointestinal (PPI),34.7,81.9,15.0,30.0,0.0,4.7,4.7,4.5,21.15,0,0,0,0.0,145,0,MODERATE
MED-016,Inhalation Aerosol,Respiratory (Bronchodilator),38.1,69.2,15.0,25.0,0.0,13.1,13.1,32.9,430.99,0,1,0,0.0,328,0,HIGH
MED-009,Tablet,Analgesic / NSAID,39.0,59.1,20.0,25.0,0.0,14.0,14.0,61.9,866.6,0,0,0,0.0,305,0,HIGH
MED-006,Delayed-Release Capsule,Gastrointestinal (PPI),45.2,65.2,15.0,30.0,0.0,15.2,15.2,35.2,535.04,0,0,0,0.0,60,1,HIGH
MED-004,Tablet,Antidiabetic (Biguanide),21.1,30.8,20.0,25.0,0.0,0.0,0.0,22.7,0.0,0,0,0,0.0,376,0,LOW
MED-016,Inhalation Aerosol,Respiratory (Bronchodilator),18.3,33.8,15.0,25.0,0.0,0.0,0.0,3.0,0.0,0,1,0,0.0,53,1,LOW
MED-020,Tablet,Antidepressant (SSRI),34.9,46.4,20.0,25.0,0.0,9.9,9.9,23.8,235.62,0,0,0,0.0,143,0,HIGH
MED-005,Tablet,Antihyperlipidemic (Statin),24.0,59.9,20.0,25.0,0.0,0.0,0.0,24.2,0.0,0,0,0,0.0,38,1,LOW
MED-005,Tablet,Antihyperlipidemic (Statin),26.9,38.2,20.0,25.0,0.0,1.9,1.9,12.1,22.99,0,0,0,0.0,182,0,MODERATE
MED-006,Delayed-Release Capsule,Gastrointestinal (PPI),30.3,44.4,15.0,30.0,0.0,0.3,0.3,11.5,3.45,0,0,0,0.0,242,0,LOW
MED-016,Inhalation Aerosol,Respiratory (Bronchodilator),17.1,44.2,15.0,25.0,0.0,0.0,0.0,2.8,0.0,0,1,0,0.0,464,0,LOW
MED-020,Tablet,Antidepressant (SSRI),26.1,67.3,20.0,25.0,0.0,1.1,1.1,13.0,14.3,0,0,0,0.0,262,0,LOW
MED-008,Tablet,Antibiotic (Fluoroquinolone),22.8,46.6,20.0,25.0,0.0,0.0,0.0,0.6,0.0,0,0,0,0.0,207,0,LOW
MED-018,Capsule,Antibiotic (Tetracycline),21.8,82.4,20.0,25.0,0.0,0.0,0.0,1.8,0.0,0,0,0,0.0,290,0,LOW
MED-023,Capsule,Anticonvulsant / Neuropathic,10.3,49.9,15.0,30.0,4.7,0.0,4.7,12.3,57.81,0,0,0,0.0,333,0,MODERATE
MED-021,Tablet,Respiratory (Leukotriene Antagonist),31.1,67.2,15.0,30.0,0.0,1.1,1.1,10.4,11.44,0,0,0,0.0,221,0,LOW
MED-016,Inhalation Aerosol,Respiratory (Bronchodilator),31.9,61.5,15.0,25.0,0.0,6.9,6.9,30.5,210.45,0,1,0,0.0,138,0,HIGH
MED-006,Delayed-Release Capsule,Gastrointestinal (PPI),27.0,36.3,15.0,30.0,0.0,0.0,0.0,0.6,0.0,0,0,0,0.0,234,0,LOW
MED-024,Tablet,Corticosteroid / Anti-inflammatory,20.5,21.8,20.0,25.0,0.0,0.0,0.0,13.4,0.0,0,0,0,0.0,415,0,LOW
MED-025,Tablet,Diuretic / Antihypertensive,24.4,33.2,15.0,30.0,0.0,0.0,0.0,3.0,0.0,0,0,0,0.0,540,0,LOW
MED-021,Tablet,Respiratory (Leukotriene Antagonist),30.5,51.3,15.0,30.0,0.0,0.5,0.5,16.9,8.45,0,0,0,0.0,100,0,LOW
MED-022,Tablet,Antiplatelet / Hematologic,14.7,61.9,15.0,30.0,0.3,0.0,0.3,8.9,2.67,0,0,0,0.0,237,0,LOW
MED-015,Subcutaneous Injection,Endocrine (Hormone),-1.2,79.0,2.0,8.0,3.2,0.0,3.2,1.5,4.8,1,1,0,0.0,317,0,HIGH
MED-018,Capsule,Antibiotic (Tetracycline),23.7,78.0,20.0,25.0,0.0,0.0,0.0,21.1,0.0,0,0,0,0.0,529,0,LOW
MED-010,Tablet,Antihistamine,27.2,64.1,20.0,25.0,0.0,2.2,2.2,11.0,24.2,0,0,0,0.0,320,0,MODERATE
MED-011,Tablet,Antihypertensive (ARB),47.4,69.1,15.0,30.0,0.0,17.4,17.4,45.7,795.18,0,0,0,0.0,337,0,HIGH
MED-019,Delayed-Release Tablet,Gastrointestinal (PPI),24.4,41.1,20.0,25.0,0.0,0.0,0.0,0.4,0.0,0,0,0,0.0,236,0,LOW
MED-010,Tablet,Antihistamine,20.9,59.6,20.0,25.0,0.0,0.0,0.0,7.6,0.0,0,0,0,0.0,291,0,LOW
MED-008,Tablet,Antibiotic (Fluoroquinolone),21.3,50.1,20.0,25.0,0.0,0.0,0.0,15.3,0.0,0,0,0,0.0,450,0,LOW
MED-015,Subcutaneous Injection,Endocrine (Hormone),9.1,79.6,2.0,8.0,0.0,1.1,1.1,6.1,6.71,1,1,0,0.0,70,0,LOW
MED-022,Tablet,Antiplatelet / Hematologic,25.2,37.3,15.0,30.0,0.0,0.0,0.0,2.1,0.0,0,0,0,0.0,147,0,LOW
MED-005,Tablet,Antihyperlipidemic (Statin),27.9,79.3,20.0,25.0,0.0,2.9,2.9,12.1,35.09,0,0,0,0.0,163,0,MODERATE
MED-018,Capsule,Antibiotic (Tetracycline),45.9,39.5,20.0,25.0,0.0,20.9,20.9,11.5,240.35,0,0,0,0.0,222,0,HIGH
MED-013,Tablet,Endocrine (Thyroid Hormone),25.2,57.9,15.0,30.0,0.0,0.0,0.0,2.0,0.0,0,0,0,0.0,664,0,LOW
MED-023,Capsule,Anticonvulsant / Neuropathic,16.5,60.1,15.0,30.0,0.0,0.0,0.0,4.4,0.0,0,0,0,0.0,487,0,LOW
MED-003,Tablet,Antibiotic (Beta-lactamase inhibitor),15.8,39.9,15.0,25.0,0.0,0.0,0.0,11.5,0.0,0,0,0,0.0,495,0,LOW
MED-005,Tablet,Antihyperlipidemic (Statin),42.9,28.7,20.0,25.0,0.0,17.9,17.9,22.4,400.96,0,0,0,0.0,156,0,HIGH
MED-025,Tablet,Diuretic / Antihypertensive,33.0,47.4,15.0,30.0,0.0,3.0,3.0,13.0,39.0,0,0,0,0.0,350,0,MODERATE
MED-010,Tablet,Antihistamine,30.5,83.3,20.0,25.0,0.0,5.5,5.5,10.6,58.3,0,0,0,0.0,102,0,MODERATE
MED-010,Tablet,Antihistamine,21.4,41.5,20.0,25.0,0.0,0.0,0.0,13.4,0.0,0,0,0,0.0,425,0,LOW
MED-004,Tablet,Antidiabetic (Biguanide),16.1,48.8,20.0,25.0,3.9,0.0,3.9,7.4,28.86,0,0,0,0.0,461,0,MODERATE
MED-021,Tablet,Respiratory (Leukotriene Antagonist),36.9,43.1,15.0,30.0,0.0,6.9,6.9,23.2,160.08,0,0,0,0.0,400,0,HIGH
MED-010,Tablet,Antihistamine,21.9,54.5,20.0,25.0,0.0,0.0,0.0,0.6,0.0,0,0,0,0.0,397,0,LOW
MED-023,Capsule,Anticonvulsant / Neuropathic,29.1,83.9,15.0,30.0,0.0,0.0,0.0,8.8,0.0,0,0,0,0.0,185,0,LOW
MED-011,Tablet,Antihypertensive (ARB),32.6,27.9,15.0,30.0,0.0,2.6,2.6,15.2,39.52,0,0,0,0.0,147,0,MODERATE
MED-001,Tablet,Analgesic / Antipyretic,45.1,70.2,20.0,25.0,0.0,20.1,20.1,65.9,1324.59,0,0,0,0.0,203,0,HIGH
MED-023,Capsule,Anticonvulsant / Neuropathic,16.9,46.3,15.0,30.0,0.0,0.0,0.0,17.1,0.0,0,0,0,0.0,573,0,LOW
MED-010,Tablet,Antihistamine,36.1,35.9,20.0,25.0,0.0,11.1,11.1,37.5,416.25,0,0,0,0.0,38,1,HIGH
MED-006,Delayed-Release Capsule,Gastrointestinal (PPI),33.2,81.3,15.0,30.0,0.0,3.2,3.2,14.7,47.04,0,0,0,0.0,325,0,MODERATE
MED-005,Tablet,Antihyperlipidemic (Statin),28.7,35.4,20.0,25.0,0.0,3.7,3.7,21.7,80.29,0,0,0,0.0,313,0,MODERATE
MED-014,Subcutaneous Injection,Endocrine (Hormone),6.4,59.4,2.0,8.0,0.0,0.0,0.0,1.3,0.0,1,1,0,0.0,383,0,LOW
MED-020,Tablet,Antidepressant (SSRI),22.1,50.6,20.0,25.0,0.0,0.0,0.0,2.2,0.0,0,0,0,0.0,412,0,LOW
MED-006,Delayed-Release Capsule,Gastrointestinal (PPI),44.9,81.9,15.0,30.0,0.0,14.9,14.9,59.4,885.06,0,0,0,0.0,77,0,HIGH
MED-025,Tablet,Diuretic / Antihypertensive,35.9,78.9,15.0,30.0,0.0,5.9,5.9,18.9,111.51,0,0,0,0.0,139,0,MODERATE
MED-014,Subcutaneous Injection,Endocrine (Hormone),-0.8,28.5,2.0,8.0,2.8,0.0,2.8,6.2,17.36,1,1,0,0.0,371,0,HIGH
MED-010,Tablet,Antihistamine,28.8,39.9,20.0,25.0,0.0,3.8,3.8,2.9,11.02,0,0,0,0.0,437,0,LOW
MED-017,Nasal Spray Suspension,Corticosteroid / Allergy,34.8,67.0,4.0,30.0,0.0,4.8,4.8,14.1,67.68,0,1,0,0.0,315,0,MODERATE
MED-004,Tablet,Antidiabetic (Biguanide),40.3,39.6,20.0,25.0,0.0,15.3,15.3,18.0,275.4,0,0,0,0.0,261,0,HIGH
MED-020,Tablet,Antidepressant (SSRI),29.7,66.1,20.0,25.0,0.0,4.7,4.7,7.5,35.25,0,0,0,0.0,282,0,MODERATE
MED-006,Delayed-Release Capsule,Gastrointestinal (PPI),28.5,58.0,15.0,30.0,0.0,0.0,0.0,4.3,0.0,0,0,0,0.0,164,0,LOW
MED-009,Tablet,Analgesic / NSAID,22.6,26.4,20.0,25.0,0.0,0.0,0.0,2.0,0.0,0,0,0,0.0,398,0,LOW
MED-012,Tablet,Antihypertensive (CCB),2.9,80.8,15.0,30.0,12.1,0.0,12.1,23.2,280.72,0,0,0,0.0,327,0,HIGH
MED-002,Capsule,Antibiotic (Penicillin),24.3,30.2,20.0,25.0,0.0,0.0,0.0,0.7,0.0,0,0,0,0.0,541,0,LOW
MED-025,Tablet,Diuretic / Antihypertensive,35.1,59.3,15.0,30.0,0.0,5.1,5.1,5.1,26.01,0,0,0,0.0,364,0,MODERATE
MED-009,Tablet,Analgesic / NSAID,32.3,55.7,20.0,25.0,0.0,7.3,7.3,10.0,73.0,0,0,0,0.0,305,0,MODERATE
MED-005,Tablet,Antihyperlipidemic (Statin),24.1,52.9,20.0,25.0,0.0,0.0,0.0,3.9,0.0,0,0,0,0.0,229,0,LOW
MED-018,Capsule,Antibiotic (Tetracycline),15.7,37.3,20.0,25.0,4.3,0.0,4.3,23.5,101.05,0,0,0,0.0,24,1,HIGH
MED-015,Subcutaneous Injection,Endocrine (Hormone),13.1,39.7,2.0,8.0,0.0,5.1,5.1,4.7,23.97,1,1,0,0.0,272,0,MODERATE
MED-023,Capsule,Anticonvulsant / Neuropathic,34.1,74.4,15.0,30.0,0.0,4.1,4.1,3.2,13.12,0,0,0,0.0,69,0,LOW
MED-004,Tablet,Antidiabetic (Biguanide),20.9,34.5,20.0,25.0,0.0,0.0,0.0,17.8,0.0,0,0,0,0.0,563,0,LOW
MED-022,Tablet,Antiplatelet / Hematologic,32.2,40.7,15.0,30.0,0.0,2.2,2.2,9.0,19.8,0,0,0,0.0,406,0,LOW
MED-013,Tablet,Endocrine (Thyroid Hormone),33.1,43.8,15.0,30.0,0.0,3.1,3.1,2.7,8.37,0,0,0,0.0,202,0,LOW
MED-021,Tablet,Respiratory (Leukotriene Antagonist),30.0,47.2,15.0,30.0,0.0,0.0,0.0,1.0,0.0,0,0,0,0.0,539,0,LOW
MED-024,Tablet,Corticosteroid / Anti-inflammatory,20.3,24.0,20.0,25.0,0.0,0.0,0.0,8.5,0.0,0,0,0,0.0,417,0,LOW
MED-025,Tablet,Diuretic / Antihypertensive,33.3,33.7,15.0,30.0,0.0,3.3,3.3,3.7,12.21,0,0,0,0.0,335,0,LOW
MED-004,Tablet,Antidiabetic (Biguanide),20.2,50.6,20.0,25.0,0.0,0.0,0.0,16.3,0.0,0,0,0,0.0,587,0,LOW
MED-014,Subcutaneous Injection,Endocrine (Hormone),24.1,35.7,2.0,8.0,0.0,16.1,16.1,37.4,602.14,1,1,0,0.0,345,0,HIGH
MED-009,Tablet,Analgesic / NSAID,27.6,20.5,20.0,25.0,0.0,2.6,2.6,26.6,69.16,0,0,0,0.0,420,0,MODERATE
MED-001,Tablet,Analgesic / Antipyretic,24.6,67.2,20.0,25.0,0.0,0.0,0.0,2.2,0.0,0,0,0,0.0,100,0,LOW
MED-001,Tablet,Analgesic / Antipyretic,38.7,68.0,20.0,25.0,0.0,13.7,13.7,43.7,598.69,0,0,0,0.0,169,0,HIGH
MED-002,Capsule,Antibiotic (Penicillin),20.1,27.1,20.0,25.0,0.0,0.0,0.0,1.4,0.0,0,0,0,0.0,147,0,LOW
MED-015,Subcutaneous Injection,Endocrine (Hormone),28.5,72.9,2.0,8.0,0.0,20.5,20.5,45.4,930.7,1,1,0,0.0,240,0,HIGH
MED-020,Tablet,Antidepressant (SSRI),23.7,59.2,20.0,25.0,0.0,0.0,0.0,7.6,0.0,0,0,0,0.0,17,1,LOW
MED-008,Tablet,Antibiotic (Fluoroquinolone),46.4,38.2,20.0,25.0,0.0,21.4,21.4,66.7,1427.38,0,0,0,0.0,240,0,HIGH
MED-022,Tablet,Antiplatelet / Hematologic,35.3,20.2,15.0,30.0,0.0,5.3,5.3,24.0,127.2,0,0,0,0.0,173,0,HIGH
MED-024,Tablet,Corticosteroid / Anti-inflammatory,21.1,42.2,20.0,25.0,0.0,0.0,0.0,1.7,0.0,0,0,0,0.0,573,0,LOW
MED-003,Tablet,Antibiotic (Beta-lactamase inhibitor),25.5,61.7,15.0,25.0,0.0,0.5,0.5,12.6,6.3,0,0,0,0.0,211,0,LOW
MED-005,Tablet,Antihyperlipidemic (Statin),19.8,47.0,20.0,25.0,0.2,0.0,0.2,9.2,1.84,0,0,0,0.0,308,0,LOW
MED-024,Tablet,Corticosteroid / Anti-inflammatory,28.2,43.1,20.0,25.0,0.0,3.2,3.2,12.5,40.0,0,0,0,0.0,19,1,HIGH
MED-013,Tablet,Endocrine (Thyroid Hormone),33.9,70.3,15.0,30.0,0.0,3.9,3.9,6.8,26.52,0,0,0,0.0,162,0,MODERATE
MED-015,Subcutaneous Injection,Endocrine (Hormone),2.4,80.7,2.0,8.0,0.0,0.0,0.0,2.6,0.0,1,1,0,0.0,412,0,LOW
MED-001,Tablet,Analgesic / Antipyretic,21.0,22.2,20.0,25.0,0.0,0.0,0.0,0.4,0.0,0,0,0,0.0,276,0,LOW
MED-001,Tablet,Analgesic / Antipyretic,21.3,42.2,20.0,25.0,0.0,0.0,0.0,0.4,0.0,0,0,0,0.0,356,0,LOW
MED-018,Capsule,Antibiotic (Tetracycline),29.4,45.8,20.0,25.0,0.0,4.4,4.4,16.6,73.04,0,0,0,0.0,552,0,MODERATE
MED-025,Tablet,Diuretic / Antihypertensive,1.9,27.4,15.0,30.0,13.1,0.0,13.1,12.5,163.75,0,0,0,0.0,234,0,HIGH
MED-008,Tablet,Antibiotic (Fluoroquinolone),27.9,47.2,20.0,25.0,0.0,2.9,2.9,11.3,32.77,0,0,0,0.0,384,0,MODERATE
MED-005,Tablet,Antihyperlipidemic (Statin),29.6,79.3,20.0,25.0,0.0,4.6,4.6,13.8,63.48,0,0,0,0.0,452,0,MODERATE
MED-010,Tablet,Antihistamine,22.5,68.0,20.0,25.0,0.0,0.0,0.0,2.2,0.0,0,0,0,0.0,133,0,LOW
MED-013,Tablet,Endocrine (Thyroid Hormone),32.5,56.4,15.0,30.0,0.0,2.5,2.5,17.5,43.75,0,0,0,0.0,358,0,MODERATE
MED-024,Tablet,Corticosteroid / Anti-inflammatory,37.2,40.4,20.0,25.0,0.0,12.2,12.2,64.3,784.46,0,0,0,0.0,112,0,HIGH
MED-005,Tablet,Antihyperlipidemic (Statin),29.3,63.5,20.0,25.0,0.0,4.3,4.3,10.2,43.86,0,0,0,0.0,451,0,MODERATE
MED-018,Capsule,Antibiotic (Tetracycline),24.6,22.0,20.0,25.0,0.0,0.0,0.0,35.5,0.0,0,0,0,0.0,287,0,LOW
MED-007,Tablet,Antibiotic (Macrolide),30.4,50.0,15.0,30.0,0.0,0.4,0.4,17.2,6.88,0,0,0,0.0,82,0,LOW
MED-004,Tablet,Antidiabetic (Biguanide),18.5,67.5,20.0,25.0,1.5,0.0,1.5,17.1,25.65,0,0,0,0.0,53,1,MODERATE
MED-019,Delayed-Release Tablet,Gastrointestinal (PPI),23.3,52.1,20.0,25.0,0.0,0.0,0.0,1.3,0.0,0,0,0,0.0,654,0,LOW
MED-011,Tablet,Antihypertensive (ARB),26.8,42.6,15.0,30.0,0.0,0.0,0.0,2.1,0.0,0,0,0,0.0,496,0,LOW
MED-004,Tablet,Antidiabetic (Biguanide),29.7,65.3,20.0,25.0,0.0,4.7,4.7,27.8,130.66,0,0,0,0.0,555,0,HIGH
MED-004,Tablet,Antidiabetic (Biguanide),15.7,78.8,20.0,25.0,4.3,0.0,4.3,5.0,21.5,0,0,0,0.0,515,0,MODERATE
MED-006,Delayed-Release Capsule,Gastrointestinal (PPI),22.4,69.4,15.0,30.0,0.0,0.0,0.0,3.0,0.0,0,0,0,0.0,673,0,LOW
MED-019,Delayed-Release Tablet,Gastrointestinal (PPI),20.7,53.8,20.0,25.0,0.0,0.0,0.0,1.3,0.0,0,0,0,0.0,579,0,LOW
MED-006,Delayed-Release Capsule,Gastrointestinal (PPI),47.2,46.7,15.0,30.0,0.0,17.2,17.2,69.4,1193.68,0,0,0,0.0,65,0,HIGH
MED-023,Capsule,Anticonvulsant / Neuropathic,35.6,49.7,15.0,30.0,0.0,5.6,5.6,9.0,50.4,0,0,0,0.0,40,1,HIGH
MED-023,Capsule,Anticonvulsant / Neuropathic,16.0,25.8,15.0,30.0,0.0,0.0,0.0,23.4,0.0,0,0,0,0.0,580,0,LOW
MED-012,Tablet,Antihypertensive (CCB),47.0,37.8,15.0,30.0,0.0,17.0,17.0,67.6,1149.2,0,0,0,0.0,232,0,HIGH
MED-019,Delayed-Release Tablet,Gastrointestinal (PPI),19.1,80.2,20.0,25.0,0.9,0.0,0.9,19.3,17.37,0,0,0,0.0,245,0,LOW
MED-016,Inhalation Aerosol,Respiratory (Bronchodilator),27.8,48.2,15.0,25.0,0.0,2.8,2.8,11.8,33.04,0,1,0,0.0,240,0,MODERATE
MED-016,Inhalation Aerosol,Respiratory (Bronchodilator),24.7,38.2,15.0,25.0,0.0,0.0,0.0,0.6,0.0,0,1,0,0.0,91,0,LOW
MED-021,Tablet,Respiratory (Leukotriene Antagonist),13.7,34.9,15.0,30.0,1.3,0.0,1.3,15.7,20.41,0,0,0,0.0,502,0,MODERATE
MED-023,Capsule,Anticonvulsant / Neuropathic,30.5,40.1,15.0,30.0,0.0,0.5,0.5,6.5,3.25,0,0,0,0.0,88,0,LOW
MED-025,Tablet,Diuretic / Antihypertensive,31.4,37.6,15.0,30.0,0.0,1.4,1.4,3.4,4.76,0,0,0,0.0,302,0,LOW
MED-023,Capsule,Anticonvulsant / Neuropathic,32.6,70.9,15.0,30.0,0.0,2.6,2.6,2.2,5.72,0,0,0,0.0,307,0,LOW
MED-018,Capsule,Antibiotic (Tetracycline),48.0,73.6,20.0,25.0,0.0,23.0,23.0,17.8,409.4,0,0,0,0.0,294,0,HIGH
MED-009,Tablet,Analgesic / NSAID,26.2,23.3,20.0,25.0,0.0,1.2,1.2,16.0,19.2,0,0,0,0.0,489,0,LOW
MED-006,Delayed-Release Capsule,Gastrointestinal (PPI),46.5,72.2,15.0,30.0,0.0,16.5,16.5,21.1,348.15,0,0,0,0.0,27,1,HIGH
MED-019,Delayed-Release Tablet,Gastrointestinal (PPI),20.1,47.4,20.0,25.0,0.0,0.0,0.0,14.3,0.0,0,0,0,0.0,357,0,LOW
MED-023,Capsule,Anticonvulsant / Neuropathic,-1.6,43.1,15.0,30.0,16.6,0.0,16.6,14.1,234.06,0,0,0,0.0,247,0,HIGH
MED-023,Capsule,Anticonvulsant / Neuropathic,35.3,59.5,15.0,30.0,0.0,5.3,5.3,10.8,57.24,0,0,0,0.0,307,0,MODERATE
MED-001,Tablet,Analgesic / Antipyretic,18.3,78.8,20.0,25.0,1.7,0.0,1.7,19.2,32.64,0,0,0,0.0,424,0,MODERATE
MED-013,Tablet,Endocrine (Thyroid Hormone),37.0,34.1,15.0,30.0,0.0,7.0,7.0,33.4,233.8,0,0,0,0.0,532,0,HIGH
MED-002,Capsule,Antibiotic (Penicillin),35.5,20.1,20.0,25.0,0.0,10.5,10.5,56.1,589.05,0,0,0,0.0,20,1,HIGH
MED-012,Tablet,Antihypertensive (CCB),20.0,75.8,15.0,30.0,0.0,0.0,0.0,2.7,0.0,0,0,0,0.0,448,0,LOW
MED-009,Tablet,Analgesic / NSAID,19.0,42.2,20.0,25.0,1.0,0.0,1.0,21.7,21.7,0,0,0,0.0,105,0,MODERATE
MED-006,Delayed-Release Capsule,Gastrointestinal (PPI),36.0,54.5,15.0,30.0,0.0,6.0,6.0,29.4,176.4,0,0,0,0.0,340,0,HIGH
MED-004,Tablet,Antidiabetic (Biguanide),24.3,20.1,20.0,25.0,0.0,0.0,0.0,3.3,0.0,0,0,0,0.0,443,0,LOW
MED-014,Subcutaneous Injection,Endocrine (Hormone),2.2,55.7,2.0,8.0,0.0,0.0,0.0,9.3,0.0,1,1,0,0.0,41,0,LOW
MED-016,Inhalation Aerosol,Respiratory (Bronchodilator),18.1,25.9,15.0,25.0,0.0,0.0,0.0,2.0,0.0,0,1,0,0.0,585,0,LOW
MED-018,Capsule,Antibiotic (Tetracycline),25.7,47.5,20.0,25.0,0.0,0.7,0.7,12.5,8.75,0,0,0,0.0,181,0,LOW
MED-025,Tablet,Diuretic / Antihypertensive,13.0,71.4,15.0,30.0,2.0,0.0,2.0,16.9,33.8,0,0,0,0.0,42,1,MODERATE
MED-015,Subcutaneous Injection,Endocrine (Hormone),23.7,53.6,2.0,8.0,0.0,15.7,15.7,6.2,97.34,1,1,0,0.0,182,0,HIGH
MED-025,Tablet,Diuretic / Antihypertensive,25.9,82.1,15.0,30.0,0.0,0.0,0.0,0.9,0.0,0,0,0,0.0,620,0,LOW
MED-023,Capsule,Anticonvulsant / Neuropathic,34.5,32.0,15.0,30.0,0.0,4.5,4.5,16.0,72.0,0,0,0,0.0,323,0,MODERATE
MED-013,Tablet,Endocrine (Thyroid Hormone),12.9,59.2,15.0,30.0,2.1,0.0,2.1,4.2,8.82,0,0,0,0.0,497,0,LOW
MED-020,Tablet,Antidepressant (SSRI),35.2,72.2,20.0,25.0,0.0,10.2,10.2,63.3,645.66,0,0,0,0.0,141,0,HIGH
MED-012,Tablet,Antihypertensive (CCB),26.9,20.4,15.0,30.0,0.0,0.0,0.0,3.5,0.0,0,0,0,0.0,528,0,LOW
MED-015,Subcutaneous Injection,Endocrine (Hormone),21.5,38.2,2.0,8.0,0.0,13.5,13.5,35.8,483.3,1,1,0,0.0,199,0,HIGH
MED-016,Inhalation Aerosol,Respiratory (Bronchodilator),23.8,56.6,15.0,25.0,0.0,0.0,0.0,28.3,0.0,0,1,0,0.0,361,0,LOW
MED-025,Tablet,Diuretic / Antihypertensive,14.2,55.5,15.0,30.0,0.8,0.0,0.8,19.1,15.28,0,0,0,0.0,264,0,LOW
MED-005,Tablet,Antihyperlipidemic (Statin),18.1,53.0,20.0,25.0,1.9,0.0,1.9,8.1,15.39,0,0,0,0.0,341,0,LOW
MED-008,Tablet,Antibiotic (Fluoroquinolone),36.7,28.0,20.0,25.0,0.0,11.7,11.7,25.4,297.18,0,0,0,0.0,328,0,HIGH
MED-002,Capsule,Antibiotic (Penicillin),21.3,71.8,20.0,25.0,0.0,0.0,0.0,17.0,0.0,0,0,0,0.0,426,0,LOW
MED-012,Tablet,Antihypertensive (CCB),32.8,23.1,15.0,30.0,0.0,2.8,2.8,7.1,19.88,0,0,0,0.0,379,0,LOW
MED-013,Tablet,Endocrine (Thyroid Hormone),36.1,24.3,15.0,30.0,0.0,6.1,6.1,20.7,126.27,0,0,0,0.0,389,0,HIGH
MED-014,Subcutaneous Injection,Endocrine (Hormone),14.6,76.8,2.0,8.0,0.0,6.6,6.6,4.2,27.72,1,1,0,0.0,420,0,MODERATE
MED-014,Subcutaneous Injection,Endocrine (Hormone),13.4,39.7,2.0,8.0,0.0,5.4,5.4,5.3,28.62,1,1,0,0.0,60,0,MODERATE
MED-005,Tablet,Antihyperlipidemic (Statin),24.7,72.7,20.0,25.0,0.0,0.0,0.0,3.3,0.0,0,0,0,0.0,606,0,LOW
MED-018,Capsule,Antibiotic (Tetracycline),35.6,33.2,20.0,25.0,0.0,10.6,10.6,16.5,174.9,0,0,0,0.0,200,0,HIGH
MED-010,Tablet,Antihistamine,15.5,59.8,20.0,25.0,4.5,0.0,4.5,12.8,57.6,0,0,0,0.0,276,0,MODERATE
MED-003,Tablet,Antibiotic (Beta-lactamase inhibitor),20.9,34.0,15.0,25.0,0.0,0.0,0.0,0.1,0.0,0,0,0,0.0,47,1,LOW
MED-007,Tablet,Antibiotic (Macrolide),47.3,32.7,15.0,30.0,0.0,17.3,17.3,71.7,1240.41,0,0,0,0.0,200,0,HIGH
MED-003,Tablet,Antibiotic (Beta-lactamase inhibitor),24.2,78.0,15.0,25.0,0.0,0.0,0.0,16.4,0.0,0,0,0,0.0,307,0,LOW
MED-020,Tablet,Antidepressant (SSRI),16.1,21.2,20.0,25.0,3.9,0.0,3.9,17.9,69.81,0,0,0,0.0,482,0,MODERATE
MED-021,Tablet,Respiratory (Leukotriene Antagonist),27.5,80.2,15.0,30.0,0.0,0.0,0.0,3.9,0.0,0,0,0,0.0,583,0,LOW
MED-014,Subcutaneous Injection,Endocrine (Hormone),12.2,61.1,2.0,8.0,0.0,4.2,4.2,3.6,15.12,1,1,0,0.0,117,0,MODERATE
MED-009,Tablet,Analgesic / NSAID,17.7,68.9,20.0,25.0,2.3,0.0,2.3,5.2,11.96,0,0,0,0.0,442,0,LOW
MED-025,Tablet,Diuretic / Antihypertensive,28.5,60.1,15.0,30.0,0.0,0.0,0.0,6.0,0.0,0,0,0,0.0,257,0,LOW
MED-011,Tablet,Antihypertensive (ARB),27.6,71.4,15.0,30.0,0.0,0.0,0.0,2.6,0.0,0,0,0,0.0,131,0,LOW
MED-025,Tablet,Diuretic / Antihypertensive,40.8,80.0,15.0,30.0,0.0,10.8,10.8,27.3,294.84,0,0,0,0.0,25,1,HIGH
MED-014,Subcutaneous Injection,Endocrine (Hormone),19.7,52.8,2.0,8.0,0.0,11.7,11.7,42.1,492.57,1,1,0,0.0,288,0,HIGH
MED-007,Tablet,Antibiotic (Macrolide),31.1,49.3,15.0,30.0,0.0,1.1,1.1,11.1,12.21,0,0,0,0.0,258,0,LOW
MED-002,Capsule,Antibiotic (Penicillin),28.5,77.6,20.0,25.0,0.0,3.5,3.5,3.6,12.6,0,0,0,0.0,67,0,LOW
MED-012,Tablet,Antihypertensive (CCB),28.0,28.1,15.0,30.0,0.0,0.0,0.0,1.3,0.0,0,0,0,0.0,78,0,LOW
MED-009,Tablet,Analgesic / NSAID,28.3,24.8,20.0,25.0,0.0,3.3,3.3,9.4,31.02,0,0,0,0.0,121,0,MODERATE
MED-007,Tablet,Antibiotic (Macrolide),31.1,46.9,15.0,30.0,0.0,1.1,1.1,14.7,16.17,0,0,0,0.0,215,0,LOW
MED-014,Subcutaneous Injection,Endocrine (Hormone),2.2,65.9,2.0,8.0,0.0,0.0,0.0,18.1,0.0,1,1,0,0.0,31,0,LOW
MED-006,Delayed-Release Capsule,Gastrointestinal (PPI),10.2,51.8,15.0,30.0,4.8,0.0,4.8,9.3,44.64,0,0,0,0.0,177,0,MODERATE
MED-003,Tablet,Antibiotic (Beta-lactamase inhibitor),-0.2,63.7,15.0,25.0,15.2,0.0,15.2,35.3,536.56,0,0,0,0.0,115,0,HIGH
MED-007,Tablet,Antibiotic (Macrolide),46.2,38.3,15.0,30.0,0.0,16.2,16.2,31.7,513.54,0,0,0,0.0,8,1,HIGH
MED-014,Subcutaneous Injection,Endocrine (Hormone),29.4,75.1,2.0,8.0,0.0,21.4,21.4,22.1,472.94,1,1,0,0.0,289,0,HIGH
MED-015,Subcutaneous Injection,Endocrine (Hormone),-2.6,30.9,2.0,8.0,4.6,0.0,4.6,17.2,79.12,1,1,0,0.0,408,0,HIGH
MED-005,Tablet,Antihyperlipidemic (Statin),26.5,42.7,20.0,25.0,0.0,1.5,1.5,2.7,4.05,0,0,0,0.0,239,0,LOW
MED-002,Capsule,Antibiotic (Penicillin),29.3,39.6,20.0,25.0,0.0,4.3,4.3,12.2,52.46,0,0,0,0.0,425,0,MODERATE
MED-001,Tablet,Analgesic / Antipyretic,26.9,74.2,20.0,25.0,0.0,1.9,1.9,17.3,32.87,0,0,0,0.0,93,0,MODERATE
MED-015,Subcutaneous Injection,Endocrine (Hormone),14.6,59.9,2.0,8.0,0.0,6.6,6.6,4.7,31.02,1,1,0,0.0,152,0,MODERATE
MED-008,Tablet,Antibiotic (Fluoroquinolone),32.3,61.6,20.0,25.0,0.0,7.3,7.3,23.7,173.01,0,0,0,0.0,286,0,HIGH
MED-024,Tablet,Corticosteroid / Anti-inflammatory,30.0,63.1,20.0,25.0,0.0,5.0,5.0,11.0,55.0,0,0,0,0.0,275,0,MODERATE
MED-020,Tablet,Antidepressant (SSRI),25.8,34.2,20.0,25.0,0.0,0.8,0.8,29.1,23.28,0,0,0,0.0,418,0,MODERATE
MED-024,Tablet,Corticosteroid / Anti-inflammatory,15.9,83.6,20.0,25.0,4.1,0.0,4.1,15.6,63.96,0,0,0,0.0,23,1,HIGH
MED-009,Tablet,Analgesic / NSAID,23.0,74.0,20.0,25.0,0.0,0.0,0.0,0.5,0.0,0,0,0,0.0,667,0,LOW
MED-012,Tablet,Antihypertensive (CCB),37.1,51.8,15.0,30.0,0.0,7.1,7.1,32.6,231.46,0,0,0,0.0,160,0,HIGH
MED-003,Tablet,Antibiotic (Beta-lactamase inhibitor),27.0,52.2,15.0,25.0,0.0,2.0,2.0,11.8,23.6,0,0,0,0.0,45,1,MODERATE
MED-005,Tablet,Antihyperlipidemic (Statin),41.1,28.2,20.0,25.0,0.0,16.1,16.1,22.8,367.08,0,0,0,0.0,32,1,HIGH
MED-009,Tablet,Analgesic / NSAID,3.0,69.8,20.0,25.0,17.0,0.0,17.0,45.6,775.2,0,0,0,0.0,293,0,HIGH
MED-005,Tablet,Antihyperlipidemic (Statin),25.6,29.4,20.0,25.0,0.0,0.6,0.6,12.4,7.44,0,0,0,0.0,83,0,LOW
MED-018,Capsule,Antibiotic (Tetracycline),37.8,48.7,20.0,25.0,0.0,12.8,12.8,33.0,422.4,0,0,0,0.0,170,0,HIGH
MED-016,Inhalation Aerosol,Respiratory (Bronchodilator),17.0,40.3,15.0,25.0,0.0,0.0,0.0,2.4,0.0,0,1,0,0.0,505,0,LOW
MED-005,Tablet,Antihyperlipidemic (Statin),33.1,29.1,20.0,25.0,0.0,8.1,8.1,41.2,333.72,0,0,0,0.0,132,0,HIGH
MED-021,Tablet,Respiratory (Leukotriene Antagonist),35.4,60.5,15.0,30.0,0.0,5.4,5.4,3.9,21.06,0,0,0,0.0,228,0,MODERATE
MED-023,Capsule,Anticonvulsant / Neuropathic,21.3,30.0,15.0,30.0,0.0,0.0,0.0,3.0,0.0,0,0,0,0.0,583,0,LOW
MED-019,Delayed-Release Tablet,Gastrointestinal (PPI),27.1,45.5,20.0,25.0,0.0,2.1,2.1,14.1,29.61,0,0,0,0.0,464,0,MODERATE
MED-008,Tablet,Antibiotic (Fluoroquinolone),21.1,56.7,20.0,25.0,0.0,0.0,0.0,17.8,0.0,0,0,0,0.0,44,1,LOW
MED-016,Inhalation Aerosol,Respiratory (Bronchodilator),16.5,61.2,15.0,25.0,0.0,0.0,0.0,15.7,0.0,0,1,0,0.0,252,0,LOW
MED-006,Delayed-Release Capsule,Gastrointestinal (PPI),33.3,23.4,15.0,30.0,0.0,3.3,3.3,33.5,110.55,0,0,0,0.0,503,0,MODERATE
MED-019,Delayed-Release Tablet,Gastrointestinal (PPI),34.8,72.4,20.0,25.0,0.0,9.8,9.8,54.6,535.08,0,0,0,0.0,166,0,HIGH
MED-016,Inhalation Aerosol,Respiratory (Bronchodilator),15.3,67.6,15.0,25.0,0.0,0.0,0.0,16.0,0.0,0,1,0,0.0,166,0,LOW
MED-011,Tablet,Antihypertensive (ARB),33.4,42.2,15.0,30.0,0.0,3.4,3.4,5.7,19.38,0,0,0,0.0,589,0,LOW
MED-010,Tablet,Antihistamine,25.7,58.4,20.0,25.0,0.0,0.7,0.7,8.9,6.23,0,0,0,0.0,458,0,LOW
MED-001,Tablet,Analgesic / Antipyretic,16.4,81.2,20.0,25.0,3.6,0.0,3.6,2.1,7.56,0,0,0,0.0,232,0,LOW
MED-015,Subcutaneous Injection,Endocrine (Hormone),7.5,61.3,2.0,8.0,0.0,0.0,0.0,2.3,0.0,1,1,0,0.0,727,0,LOW
MED-020,Tablet,Antidepressant (SSRI),24.0,22.7,20.0,25.0,0.0,0.0,0.0,2.3,0.0,0,0,0,0.0,153,0,LOW
MED-025,Tablet,Diuretic / Antihypertensive,13.3,39.2,15.0,30.0,1.7,0.0,1.7,12.5,21.25,0,0,0,0.0,102,0,MODERATE
MED-005,Tablet,Antihyperlipidemic (Statin),3.0,76.2,20.0,25.0,17.0,0.0,17.0,67.4,1145.8,0,0,0,0.0,38,1,HIGH
MED-015,Subcutaneous Injection,Endocrine (Hormone),9.1,61.8,2.0,8.0,0.0,1.1,1.1,4.3,4.73,1,1,0,0.0,357,0,LOW
MED-013,Tablet,Endocrine (Thyroid Hormone),27.0,71.8,15.0,30.0,0.0,0.0,0.0,2.6,0.0,0,0,0,0.0,519,0,LOW
MED-018,Capsule,Antibiotic (Tetracycline),27.4,63.0,20.0,25.0,0.0,2.4,2.4,17.9,42.96,0,0,0,0.0,398,0,MODERATE
MED-011,Tablet,Antihypertensive (ARB),32.2,72.0,15.0,30.0,0.0,2.2,2.2,15.5,34.1,0,0,0,0.0,461,0,MODERATE
MED-004,Tablet,Antidiabetic (Biguanide),15.1,57.1,20.0,25.0,4.9,0.0,4.9,19.1,93.59,0,0,0,0.0,81,1,HIGH
MED-006,Delayed-Release Capsule,Gastrointestinal (PPI),22.4,55.5,15.0,30.0,0.0,0.0,0.0,1.5,0.0,0,0,0,0.0,453,0,LOW
MED-003,Tablet,Antibiotic (Beta-lactamase inhibitor),16.5,29.9,15.0,25.0,0.0,0.0,0.0,1.5,0.0,0,0,0,0.0,171,0,LOW
MED-024,Tablet,Corticosteroid / Anti-inflammatory,23.4,25.7,20.0,25.0,0.0,0.0,0.0,3.6,0.0,0,0,0,0.0,134,0,LOW
MED-025,Tablet,Diuretic / Antihypertensive,14.8,29.6,15.0,30.0,0.2,0.0,0.2,10.3,2.06,0,0,0,0.0,413,0,LOW
MED-013,Tablet,Endocrine (Thyroid Hormone),31.6,77.7,15.0,30.0,0.0,1.6,1.6,19.2,30.72,0,0,0,0.0,348,0,MODERATE
MED-005,Tablet,Antihyperlipidemic (Statin),29.0,72.3,20.0,25.0,0.0,4.0,4.0,10.0,40.0,0,0,0,0.0,305,0,MODERATE
MED-017,Nasal Spray Suspension,Corticosteroid / Allergy,14.9,26.3,4.0,30.0,0.0,0.0,0.0,0.6,0.0,0,1,0,0.0,730,0,LOW
MED-002,Capsule,Antibiotic (Penicillin),22.1,26.5,20.0,25.0,0.0,0.0,0.0,2.9,0.0,0,0,0,0.0,132,0,LOW
MED-006,Delayed-Release Capsule,Gastrointestinal (PPI),20.1,82.2,15.0,30.0,0.0,0.0,0.0,0.6,0.0,0,0,0,0.0,462,0,LOW
MED-020,Tablet,Antidepressant (SSRI),28.9,78.5,20.0,25.0,0.0,3.9,3.9,8.2,31.98,0,0,0,0.0,355,0,MODERATE
MED-016,Inhalation Aerosol,Respiratory (Bronchodilator),25.9,59.3,15.0,25.0,0.0,0.9,0.9,16.0,14.4,0,1,0,0.0,399,0,LOW
MED-002,Capsule,Antibiotic (Penicillin),16.7,57.4,20.0,25.0,3.3,0.0,3.3,5.2,17.16,0,0,0,0.0,149,0,LOW
MED-003,Tablet,Antibiotic (Beta-lactamase inhibitor),28.6,62.9,15.0,25.0,0.0,3.6,3.6,16.0,57.6,0,0,0,0.0,195,0,MODERATE
MED-003,Tablet,Antibiotic (Beta-lactamase inhibitor),23.3,42.6,15.0,25.0,0.0,0.0,0.0,2.9,0.0,0,0,0,0.0,148,0,LOW
MED-025,Tablet,Diuretic / Antihypertensive,10.0,55.7,15.0,30.0,5.0,0.0,5.0,1.5,7.5,0,0,0,0.0,233,0,MODERATE
MED-018,Capsule,Antibiotic (Tetracycline),18.9,72.0,20.0,25.0,1.1,0.0,1.1,8.9,9.79,0,0,0,0.0,356,0,LOW
MED-025,Tablet,Diuretic / Antihypertensive,15.8,70.8,15.0,30.0,0.0,0.0,0.0,1.7,0.0,0,0,0,0.0,26,1,LOW
MED-001,Tablet,Analgesic / Antipyretic,2.7,37.6,20.0,25.0,17.3,0.0,17.3,56.5,977.45,0,0,0,0.0,127,0,HIGH
MED-013,Tablet,Endocrine (Thyroid Hormone),45.1,57.6,15.0,30.0,0.0,15.1,15.1,36.9,557.19,0,0,0,0.0,195,0,HIGH
MED-008,Tablet,Antibiotic (Fluoroquinolone),33.0,76.8,20.0,25.0,0.0,8.0,8.0,49.6,396.8,0,0,0,0.0,358,0,HIGH
MED-006,Delayed-Release Capsule,Gastrointestinal (PPI),30.8,69.2,15.0,30.0,0.0,0.8,0.8,6.4,5.12,0,0,0,0.0,186,0,LOW
MED-016,Inhalation Aerosol,Respiratory (Bronchodilator),31.2,43.7,15.0,25.0,0.0,6.2,6.2,15.3,94.86,0,1,0,0.0,152,0,MODERATE
MED-019,Delayed-Release Tablet,Gastrointestinal (PPI),26.8,56.6,20.0,25.0,0.0,1.8,1.8,30.2,54.36,0,0,0,0.0,39,1,HIGH
MED-016,Inhalation Aerosol,Respiratory (Bronchodilator),27.8,53.1,15.0,25.0,0.0,2.8,2.8,31.3,87.64,0,1,0,0.0,447,0,MODERATE
MED-021,Tablet,Respiratory (Leukotriene Antagonist),15.9,32.7,15.0,30.0,0.0,0.0,0.0,5.4,0.0,0,0,0,0.0,401,0,LOW
MED-008,Tablet,Antibiotic (Fluoroquinolone),30.2,71.1,20.0,25.0,0.0,5.2,5.2,2.7,14.04,0,0,0,0.0,503,0,MODERATE
MED-009,Tablet,Analgesic / NSAID,27.6,50.2,20.0,25.0,0.0,2.6,2.6,14.8,38.48,0,0,0,0.0,215,0,MODERATE
MED-008,Tablet,Antibiotic (Fluoroquinolone),34.3,45.6,20.0,25.0,0.0,9.3,9.3,31.3,291.09,0,0,0,0.0,142,0,HIGH
MED-018,Capsule,Antibiotic (Tetracycline),15.4,38.2,20.0,25.0,4.6,0.0,4.6,21.4,98.44,0,0,0,0.0,468,0,MODERATE
MED-024,Tablet,Corticosteroid / Anti-inflammatory,35.6,46.6,20.0,25.0,0.0,10.6,10.6,52.2,553.32,0,0,0,0.0,102,0,HIGH
MED-010,Tablet,Antihistamine,25.9,43.4,20.0,25.0,0.0,0.9,0.9,7.3,6.57,0,0,0,0.0,197,0,LOW
MED-015,Subcutaneous Injection,Endocrine (Hormone),10.1,42.2,2.0,8.0,0.0,2.1,2.1,7.9,16.59,1,1,0,0.0,154,0,MODERATE
MED-024,Tablet,Corticosteroid / Anti-inflammatory,28.0,84.3,20.0,25.0,0.0,3.0,3.0,13.8,41.4,0,0,0,0.0,186,0,MODERATE
MED-011,Tablet,Antihypertensive (ARB),14.5,54.0,15.0,30.0,0.5,0.0,0.5,5.8,2.9,0,0,0,0.0,507,0,LOW
MED-017,Nasal Spray Suspension,Corticosteroid / Allergy,-0.1,67.0,4.0,30.0,4.1,0.0,4.1,17.6,72.16,0,1,0,0.0,440,0,HIGH
MED-004,Tablet,Antidiabetic (Biguanide),39.4,28.8,20.0,25.0,0.0,14.4,14.4,29.3,421.92,0,0,0,0.0,47,1,HIGH
MED-003,Tablet,Antibiotic (Beta-lactamase inhibitor),14.0,42.2,15.0,25.0,1.0,0.0,1.0,22.1,22.1,0,0,0,0.0,89,0,MODERATE
MED-004,Tablet,Antidiabetic (Biguanide),42.1,84.5,20.0,25.0,0.0,17.1,17.1,27.6,471.96,0,0,0,0.0,169,0,HIGH
MED-003,Tablet,Antibiotic (Beta-lactamase inhibitor),36.4,84.8,15.0,25.0,0.0,11.4,11.4,31.5,359.1,0,0,0,0.0,228,0,HIGH
MED-007,Tablet,Antibiotic (Macrolide),12.5,72.0,15.0,30.0,2.5,0.0,2.5,11.3,28.25,0,0,0,0.0,356,0,MODERATE
MED-003,Tablet,Antibiotic (Beta-lactamase inhibitor),28.5,40.7,15.0,25.0,0.0,3.5,3.5,24.9,87.15,0,0,0,0.0,98,0,MODERATE
MED-012,Tablet,Antihypertensive (CCB),12.3,42.7,15.0,30.0,2.7,0.0,2.7,17.3,46.71,0,0,0,0.0,512,0,MODERATE
MED-001,Tablet,Analgesic / Antipyretic,22.8,66.8,20.0,25.0,0.0,0.0,0.0,2.3,0.0,0,0,0,0.0,297,0,LOW
MED-025,Tablet,Diuretic / Antihypertensive,28.2,32.5,15.0,30.0,0.0,0.0,0.0,0.1,0.0,0,0,0,0.0,566,0,LOW
MED-003,Tablet,Antibiotic (Beta-lactamase inhibitor),44.8,51.2,15.0,25.0,0.0,19.8,19.8,65.6,1298.88,0,0,0,0.0,345,0,HIGH
MED-018,Capsule,Antibiotic (Tetracycline),21.3,32.4,20.0,25.0,0.0,0.0,0.0,3.0,0.0,0,0,0,0.0,514,0,LOW
MED-001,Tablet,Analgesic / Antipyretic,20.4,47.9,20.0,25.0,0.0,0.0,0.0,18.5,0.0,0,0,0,0.0,386,0,LOW
MED-018,Capsule,Antibiotic (Tetracycline),25.0,58.5,20.0,25.0,0.0,0.0,0.0,2.3,0.0,0,0,0,0.0,545,0,LOW
MED-008,Tablet,Antibiotic (Fluoroquinolone),-4.1,77.6,20.0,25.0,24.1,0.0,24.1,33.8,814.58,0,0,0,0.0,342,0,HIGH
MED-011,Tablet,Antihypertensive (ARB),26.5,45.8,15.0,30.0,0.0,0.0,0.0,3.8,0.0,0,0,0,0.0,649,0,LOW
MED-003,Tablet,Antibiotic (Beta-lactamase inhibitor),26.5,37.9,15.0,25.0,0.0,1.5,1.5,14.3,21.45,0,0,0,0.0,240,0,MODERATE
MED-002,Capsule,Antibiotic (Penicillin),16.6,71.6,20.0,25.0,3.4,0.0,3.4,19.8,67.32,0,0,0,0.0,381,0,MODERATE
MED-005,Tablet,Antihyperlipidemic (Statin),25.2,67.2,20.0,25.0,0.0,0.2,0.2,24.1,4.82,0,0,0,0.0,109,0,LOW
MED-014,Subcutaneous Injection,Endocrine (Hormone),20.1,41.2,2.0,8.0,0.0,12.1,12.1,14.0,169.4,1,1,0,0.0,269,0,HIGH
MED-002,Capsule,Antibiotic (Penicillin),18.4,82.7,20.0,25.0,1.6,0.0,1.6,12.6,20.16,0,0,0,0.0,452,0,MODERATE
MED-004,Tablet,Antidiabetic (Biguanide),18.3,30.0,20.0,25.0,1.7,0.0,1.7,15.1,25.67,0,0,0,0.0,102,0,MODERATE
MED-023,Capsule,Anticonvulsant / Neuropathic,15.0,79.6,15.0,30.0,0.0,0.0,0.0,9.4,0.0,0,0,0,0.0,280,0,LOW
MED-003,Tablet,Antibiotic (Beta-lactamase inhibitor),30.5,29.5,15.0,25.0,0.0,5.5,5.5,14.4,79.2,0,0,0,0.0,200,0,MODERATE
MED-024,Tablet,Corticosteroid / Anti-inflammatory,24.0,39.2,20.0,25.0,0.0,0.0,0.0,3.4,0.0,0,0,0,0.0,430,0,LOW
MED-013,Tablet,Endocrine (Thyroid Hormone),25.3,79.1,15.0,30.0,0.0,0.0,0.0,2.0,0.0,0,0,0,0.0,466,0,LOW
MED-024,Tablet,Corticosteroid / Anti-inflammatory,39.7,46.6,20.0,25.0,0.0,14.7,14.7,69.3,1018.71,0,0,0,0.0,64,0,HIGH
MED-005,Tablet,Antihyperlipidemic (Statin),25.9,36.4,20.0,25.0,0.0,0.9,0.9,14.5,13.05,0,0,0,0.0,273,0,LOW
MED-014,Subcutaneous Injection,Endocrine (Hormone),2.2,52.8,2.0,8.0,0.0,0.0,0.0,0.9,0.0,1,1,0,0.0,62,0,LOW
MED-011,Tablet,Antihypertensive (ARB),29.6,58.6,15.0,30.0,0.0,0.0,0.0,2.8,0.0,0,0,0,0.0,306,0,LOW
MED-009,Tablet,Analgesic / NSAID,20.1,75.9,20.0,25.0,0.0,0.0,0.0,22.3,0.0,0,0,0,0.0,226,0,LOW
MED-012,Tablet,Antihypertensive (CCB),10.6,29.4,15.0,30.0,4.4,0.0,4.4,10.1,44.44,0,0,0,0.0,157,0,MODERATE
MED-016,Inhalation Aerosol,Respiratory (Bronchodilator),47.3,45.9,15.0,25.0,0.0,22.3,22.3,19.5,434.85,0,1,0,0.0,22,1,HIGH
MED-009,Tablet,Analgesic / NSAID,30.5,60.2,20.0,25.0,0.0,5.5,5.5,6.3,34.65,0,0,0,0.0,433,0,MODERATE
MED-002,Capsule,Antibiotic (Penicillin),27.0,35.7,20.0,25.0,0.0,2.0,2.0,34.2,68.4,0,0,0,0.0,508,0,MODERATE
MED-018,Capsule,Antibiotic (Tetracycline),16.2,77.3,20.0,25.0,3.8,0.0,3.8,10.9,41.42,0,0,0,0.0,103,0,MODERATE
MED-021,Tablet,Respiratory (Leukotriene Antagonist),28.0,26.8,15.0,30.0,0.0,0.0,0.0,1.7,0.0,0,0,0,0.0,248,0,LOW
MED-014,Subcutaneous Injection,Endocrine (Hormone),7.9,27.9,2.0,8.0,0.0,0.0,0.0,26.2,0.0,1,1,0,0.0,182,0,LOW
MED-005,Tablet,Antihyperlipidemic (Statin),30.3,35.6,20.0,25.0,0.0,5.3,5.3,13.9,73.67,0,0,0,0.0,251,0,MODERATE
MED-014,Subcutaneous Injection,Endocrine (Hormone),9.9,32.0,2.0,8.0,0.0,1.9,1.9,7.3,13.87,1,1,0,0.0,283,0,MODERATE
MED-008,Tablet,Antibiotic (Fluoroquinolone),34.8,81.3,20.0,25.0,0.0,9.8,9.8,49.2,482.16,0,0,0,0.0,251,0,HIGH
MED-023,Capsule,Anticonvulsant / Neuropathic,34.2,26.2,15.0,30.0,0.0,4.2,4.2,17.1,71.82,0,0,0,0.0,112,0,MODERATE
MED-002,Capsule,Antibiotic (Penicillin),27.6,36.0,20.0,25.0,0.0,2.6,2.6,8.8,22.88,0,0,0,0.0,348,0,MODERATE
MED-020,Tablet,Antidepressant (SSRI),46.5,33.4,20.0,25.0,0.0,21.5,21.5,33.5,720.25,0,0,0,0.0,48,1,HIGH
MED-022,Tablet,Antiplatelet / Hematologic,11.6,64.0,15.0,30.0,3.4,0.0,3.4,6.2,21.08,0,0,0,0.0,449,0,MODERATE
MED-021,Tablet,Respiratory (Leukotriene Antagonist),24.2,70.4,15.0,30.0,0.0,0.0,0.0,3.7,0.0,0,0,0,0.0,306,0,LOW
MED-025,Tablet,Diuretic / Antihypertensive,35.9,59.6,15.0,30.0,0.0,5.9,5.9,14.5,85.55,0,0,0,0.0,71,0,MODERATE
MED-007,Tablet,Antibiotic (Macrolide),32.7,49.5,15.0,30.0,0.0,2.7,2.7,12.0,32.4,0,0,0,0.0,227,0,MODERATE
MED-016,Inhalation Aerosol,Respiratory (Bronchodilator),10.1,48.3,15.0,25.0,4.9,0.0,4.9,20.0,98.0,0,1,0,0.0,211,0,MODERATE
MED-016,Inhalation Aerosol,Respiratory (Bronchodilator),26.3,69.0,15.0,25.0,0.0,1.3,1.3,21.2,27.56,0,1,0,0.0,549,0,MODERATE
MED-001,Tablet,Analgesic / Antipyretic,23.7,77.0,20.0,25.0,0.0,0.0,0.0,0.9,0.0,0,0,0,0.0,671,0,LOW
MED-022,Tablet,Antiplatelet / Hematologic,34.5,84.4,15.0,30.0,0.0,4.5,4.5,25.5,114.75,0,0,0,0.0,98,0,MODERATE
MED-025,Tablet,Diuretic / Antihypertensive,30.7,27.5,15.0,30.0,0.0,0.7,0.7,22.2,15.54,0,0,0,0.0,577,0,LOW
MED-002,Capsule,Antibiotic (Penicillin),28.7,44.0,20.0,25.0,0.0,3.7,3.7,9.1,33.67,0,0,0,0.0,177,0,MODERATE
MED-022,Tablet,Antiplatelet / Hematologic,1.3,28.9,15.0,30.0,13.7,0.0,13.7,8.5,116.45,0,0,0,0.0,325,0,MODERATE
MED-008,Tablet,Antibiotic (Fluoroquinolone),30.4,82.6,20.0,25.0,0.0,5.4,5.4,6.3,34.02,0,0,0,0.0,482,0,MODERATE
MED-024,Tablet,Corticosteroid / Anti-inflammatory,27.2,57.2,20.0,25.0,0.0,2.2,2.2,4.7,10.34,0,0,0,0.0,322,0,LOW
MED-020,Tablet,Antidepressant (SSRI),21.4,56.4,20.0,25.0,0.0,0.0,0.0,15.3,0.0,0,0,0,0.0,306,0,LOW
MED-006,Delayed-Release Capsule,Gastrointestinal (PPI),-3.2,47.3,15.0,30.0,18.2,0.0,18.2,61.9,1126.58,0,0,0,0.0,196,0,HIGH
MED-011,Tablet,Antihypertensive (ARB),29.3,20.6,15.0,30.0,0.0,0.0,0.0,2.1,0.0,0,0,0,0.0,452,0,LOW
MED-020,Tablet,Antidepressant (SSRI),30.5,20.7,20.0,25.0,0.0,5.5,5.5,10.6,58.3,0,0,0,0.0,42,1,HIGH
MED-003,Tablet,Antibiotic (Beta-lactamase inhibitor),30.8,64.0,15.0,25.0,0.0,5.8,5.8,7.7,44.66,0,0,0,0.0,564,0,MODERATE
MED-013,Tablet,Endocrine (Thyroid Hormone),29.6,40.5,15.0,30.0,0.0,0.0,0.0,0.4,0.0,0,0,0,0.0,550,0,LOW
MED-010,Tablet,Antihistamine,20.6,81.7,20.0,25.0,0.0,0.0,0.0,2.9,0.0,0,0,0,0.0,331,0,LOW
MED-008,Tablet,Antibiotic (Fluoroquinolone),39.8,59.6,20.0,25.0,0.0,14.8,14.8,10.6,156.88,0,0,0,0.0,121,0,HIGH
MED-023,Capsule,Anticonvulsant / Neuropathic,28.6,46.4,15.0,30.0,0.0,0.0,0.0,32.1,0.0,0,0,0,0.0,79,0,LOW
MED-015,Subcutaneous Injection,Endocrine (Hormone),9.8,71.2,2.0,8.0,0.0,1.8,1.8,4.8,8.64,1,1,0,0.0,344,0,LOW
MED-021,Tablet,Respiratory (Leukotriene Antagonist),26.1,60.0,15.0,30.0,0.0,0.0,0.0,0.8,0.0,0,0,0,0.0,150,0,LOW
MED-007,Tablet,Antibiotic (Macrolide),35.8,20.4,15.0,30.0,0.0,5.8,5.8,14.3,82.94,0,0,0,0.0,239,0,MODERATE
MED-017,Nasal Spray Suspension,Corticosteroid / Allergy,39.0,34.8,4.0,30.0,0.0,9.0,9.0,60.9,548.1,0,1,0,0.0,248,0,HIGH
MED-013,Tablet,Endocrine (Thyroid Hormone),16.9,30.1,15.0,30.0,0.0,0.0,0.0,5.9,0.0,0,0,0,0.0,301,0,LOW
MED-001,Tablet,Analgesic / Antipyretic,42.9,74.1,20.0,25.0,0.0,17.9,17.9,24.4,436.76,0,0,0,0.0,365,0,HIGH
MED-009,Tablet,Analgesic / NSAID,29.8,59.8,20.0,25.0,0.0,4.8,4.8,1.1,5.28,0,0,0,0.0,242,0,LOW
MED-011,Tablet,Antihypertensive (ARB),31.8,26.9,15.0,30.0,0.0,1.8,1.8,4.6,8.28,0,0,0,0.0,29,1,LOW
MED-020,Tablet,Antidepressant (SSRI),31.1,80.7,20.0,25.0,0.0,6.1,6.1,29.6,180.56,0,0,0,0.0,212,0,HIGH
MED-006,Delayed-Release Capsule,Gastrointestinal (PPI),27.1,61.0,15.0,30.0,0.0,0.0,0.0,1.3,0.0,0,0,0,0.0,685,0,LOW
MED-006,Delayed-Release Capsule,Gastrointestinal (PPI),15.1,71.0,15.0,30.0,0.0,0.0,0.0,20.7,0.0,0,0,0,0.0,599,0,LOW
MED-005,Tablet,Antihyperlipidemic (Statin),22.6,51.0,20.0,25.0,0.0,0.0,0.0,3.0,0.0,0,0,0,0.0,461,0,LOW
MED-022,Tablet,Antiplatelet / Hematologic,10.9,36.7,15.0,30.0,4.1,0.0,4.1,2.2,9.02,0,0,0,0.0,188,0,LOW
MED-004,Tablet,Antidiabetic (Biguanide),20.5,27.9,20.0,25.0,0.0,0.0,0.0,3.2,0.0,0,0,0,0.0,503,0,LOW
MED-020,Tablet,Antidepressant (SSRI),47.0,40.3,20.0,25.0,0.0,22.0,22.0,32.4,712.8,0,0,0,0.0,286,0,HIGH
MED-025,Tablet,Diuretic / Antihypertensive,27.3,69.6,15.0,30.0,0.0,0.0,0.0,2.3,0.0,0,0,0,0.0,718,0,LOW
MED-011,Tablet,Antihypertensive (ARB),31.5,78.1,15.0,30.0,0.0,1.5,1.5,8.8,13.2,0,0,0,0.0,322,0,LOW
MED-003,Tablet,Antibiotic (Beta-lactamase inhibitor),16.0,51.7,15.0,25.0,0.0,0.0,0.0,2.9,0.0,0,0,0,0.0,286,0,LOW
MED-010,Tablet,Antihistamine,32.4,66.4,20.0,25.0,0.0,7.4,7.4,24.0,177.6,0,0,0,0.0,342,0,HIGH
MED-004,Tablet,Antidiabetic (Biguanide),16.6,39.4,20.0,25.0,3.4,0.0,3.4,16.0,54.4,0,0,0,0.0,406,0,MODERATE
MED-006,Delayed-Release Capsule,Gastrointestinal (PPI),31.3,35.9,15.0,30.0,0.0,1.3,1.3,4.3,5.59,0,0,0,0.0,30,1,LOW
MED-018,Capsule,Antibiotic (Tetracycline),31.1,52.2,20.0,25.0,0.0,6.1,6.1,10.3,62.83,0,0,0,0.0,510,0,MODERATE
MED-007,Tablet,Antibiotic (Macrolide),-0.4,60.6,15.0,30.0,15.4,0.0,15.4,14.1,217.14,0,0,0,0.0,360,0,HIGH
MED-006,Delayed-Release Capsule,Gastrointestinal (PPI),23.3,26.1,15.0,30.0,0.0,0.0,0.0,2.2,0.0,0,0,0,0.0,348,0,LOW
MED-011,Tablet,Antihypertensive (ARB),44.0,79.2,15.0,30.0,0.0,14.0,14.0,56.6,792.4,0,0,0,0.0,131,0,HIGH
MED-005,Tablet,Antihyperlipidemic (Statin),20.1,63.1,20.0,25.0,0.0,0.0,0.0,2.3,0.0,0,0,0,0.0,714,0,LOW
MED-006,Delayed-Release Capsule,Gastrointestinal (PPI),19.3,60.2,15.0,30.0,0.0,0.0,0.0,2.5,0.0,0,0,0,0.0,169,0,LOW
MED-004,Tablet,Antidiabetic (Biguanide),23.9,65.2,20.0,25.0,0.0,0.0,0.0,3.8,0.0,0,0,0,0.0,214,0,LOW
MED-007,Tablet,Antibiotic (Macrolide),37.3,54.2,15.0,30.0,0.0,7.3,7.3,16.1,117.53,0,0,0,0.0,428,0,MODERATE
MED-023,Capsule,Anticonvulsant / Neuropathic,13.2,73.6,15.0,30.0,1.8,0.0,1.8,15.9,28.62,0,0,0,0.0,439,0,MODERATE
MED-016,Inhalation Aerosol,Respiratory (Bronchodilator),30.9,82.2,15.0,25.0,0.0,5.9,5.9,5.6,33.04,0,1,0,0.0,101,0,MODERATE
MED-018,Capsule,Antibiotic (Tetracycline),16.3,32.1,20.0,25.0,3.7,0.0,3.7,2.4,8.88,0,0,0,0.0,270,0,LOW
MED-014,Subcutaneous Injection,Endocrine (Hormone),12.1,60.1,2.0,8.0,0.0,4.1,4.1,3.7,15.17,1,1,0,0.0,138,0,MODERATE
MED-019,Delayed-Release Tablet,Gastrointestinal (PPI),40.8,39.2,20.0,25.0,0.0,15.8,15.8,61.2,966.96,0,0,0,0.0,223,0,HIGH
MED-013,Tablet,Endocrine (Thyroid Hormone),12.2,53.3,15.0,30.0,2.8,0.0,2.8,1.7,4.76,0,0,0,0.0,346,0,LOW
MED-018,Capsule,Antibiotic (Tetracycline),15.1,75.0,20.0,25.0,4.9,0.0,4.9,3.0,14.7,0,0,0,0.0,461,0,LOW
MED-014,Subcutaneous Injection,Endocrine (Hormone),9.0,39.5,2.0,8.0,0.0,1.0,1.0,7.3,7.3,1,1,0,0.0,452,0,LOW
MED-004,Tablet,Antidiabetic (Biguanide),28.4,74.9,20.0,25.0,0.0,3.4,3.4,7.7,26.18,0,0,0,0.0,484,0,MODERATE
MED-010,Tablet,Antihistamine,27.0,71.5,20.0,25.0,0.0,2.0,2.0,13.0,26.0,0,0,0,0.0,53,1,MODERATE
MED-012,Tablet,Antihypertensive (CCB),31.5,40.6,15.0,30.0,0.0,1.5,1.5,8.4,12.6,0,0,0,0.0,180,0,LOW
MED-003,Tablet,Antibiotic (Beta-lactamase inhibitor),24.0,49.7,15.0,25.0,0.0,0.0,0.0,2.6,0.0,0,0,0,0.0,133,0,LOW
MED-018,Capsule,Antibiotic (Tetracycline),30.5,76.9,20.0,25.0,0.0,5.5,5.5,17.8,97.9,0,0,0,0.0,475,0,MODERATE
MED-005,Tablet,Antihyperlipidemic (Statin),23.2,82.8,20.0,25.0,0.0,0.0,0.0,0.7,0.0,0,0,0,0.0,594,0,LOW
MED-008,Tablet,Antibiotic (Fluoroquinolone),26.1,28.0,20.0,25.0,0.0,1.1,1.1,17.8,19.58,0,0,0,0.0,223,0,LOW
MED-005,Tablet,Antihyperlipidemic (Statin),17.7,54.9,20.0,25.0,2.3,0.0,2.3,3.2,7.36,0,0,0,0.0,409,0,LOW
MED-016,Inhalation Aerosol,Respiratory (Bronchodilator),14.0,35.2,15.0,25.0,1.0,0.0,1.0,13.2,13.2,0,1,0,0.0,243,0,LOW
MED-009,Tablet,Analgesic / NSAID,0.6,20.3,20.0,25.0,19.4,0.0,19.4,41.9,812.86,0,0,0,0.0,275,0,HIGH
MED-019,Delayed-Release Tablet,Gastrointestinal (PPI),30.8,43.5,20.0,25.0,0.0,5.8,5.8,10.0,58.0,0,0,0,0.0,542,0,MODERATE
MED-008,Tablet,Antibiotic (Fluoroquinolone),43.8,62.1,20.0,25.0,0.0,18.8,18.8,20.0,376.0,0,0,0,0.0,269,0,HIGH
MED-003,Tablet,Antibiotic (Beta-lactamase inhibitor),10.4,81.8,15.0,25.0,4.6,0.0,4.6,21.4,98.44,0,0,0,0.0,328,0,MODERATE
MED-023,Capsule,Anticonvulsant / Neuropathic,16.2,49.2,15.0,30.0,0.0,0.0,0.0,10.8,0.0,0,0,0,0.0,36,1,LOW
MED-012,Tablet,Antihypertensive (CCB),22.2,79.8,15.0,30.0,0.0,0.0,0.0,1.2,0.0,0,0,0,0.0,55,1,LOW
MED-002,Capsule,Antibiotic (Penicillin),20.5,36.9,20.0,25.0,0.0,0.0,0.0,18.9,0.0,0,0,0,0.0,352,0,LOW
MED-010,Tablet,Antihistamine,17.8,58.3,20.0,25.0,2.2,0.0,2.2,22.3,49.06,0,0,0,0.0,134,0,MODERATE
MED-001,Tablet,Analgesic / Antipyretic,24.3,28.4,20.0,25.0,0.0,0.0,0.0,0.6,0.0,0,0,0,0.0,313,0,LOW
MED-003,Tablet,Antibiotic (Beta-lactamase inhibitor),17.0,81.2,15.0,25.0,0.0,0.0,0.0,2.7,0.0,0,0,0,0.0,149,0,LOW
MED-005,Tablet,Antihyperlipidemic (Statin),18.1,33.2,20.0,25.0,1.9,0.0,1.9,11.7,22.23,0,0,0,0.0,514,0,MODERATE
MED-001,Tablet,Analgesic / Antipyretic,28.0,82.8,20.0,25.0,0.0,3.0,3.0,4.1,12.3,0,0,0,0.0,481,0,LOW
MED-008,Tablet,Antibiotic (Fluoroquinolone),28.4,42.7,20.0,25.0,0.0,3.4,3.4,34.8,118.32,0,0,0,0.0,158,0,MODERATE
MED-016,Inhalation Aerosol,Respiratory (Bronchodilator),46.2,38.6,15.0,25.0,0.0,21.2,21.2,22.3,472.76,0,1,0,0.0,83,0,HIGH
MED-014,Subcutaneous Injection,Endocrine (Hormone),-1.8,69.2,2.0,8.0,3.8,0.0,3.8,22.6,85.88,1,1,0,0.0,557,0,HIGH
MED-001,Tablet,Analgesic / Antipyretic,28.8,28.4,20.0,25.0,0.0,3.8,3.8,13.1,49.78,0,0,0,0.0,100,0,MODERATE
MED-012,Tablet,Antihypertensive (CCB),13.1,36.0,15.0,30.0,1.9,0.0,1.9,16.9,32.11,0,0,0,0.0,77,0,MODERATE
MED-020,Tablet,Antidepressant (SSRI),30.5,62.8,20.0,25.0,0.0,5.5,5.5,13.8,75.9,0,0,0,0.0,104,0,MODERATE
MED-020,Tablet,Antidepressant (SSRI),27.5,48.4,20.0,25.0,0.0,2.5,2.5,5.1,12.75,0,0,0,0.0,477,0,LOW
MED-019,Delayed-Release Tablet,Gastrointestinal (PPI),-0.2,43.5,20.0,25.0,20.2,0.0,20.2,38.0,767.6,0,0,0,0.0,7,1,HIGH
MED-021,Tablet,Respiratory (Leukotriene Antagonist),37.1,42.1,15.0,30.0,0.0,7.1,7.1,10.4,73.84,0,0,0,0.0,484,0,MODERATE
MED-010,Tablet,Antihistamine,-0.6,84.9,20.0,25.0,20.6,0.0,20.6,51.3,1056.78,0,0,0,0.0,323,0,HIGH
MED-001,Tablet,Analgesic / Antipyretic,21.6,27.4,20.0,25.0,0.0,0.0,0.0,18.8,0.0,0,0,0,0.0,214,0,LOW
MED-025,Tablet,Diuretic / Antihypertensive,15.8,24.6,15.0,30.0,0.0,0.0,0.0,3.1,0.0,0,0,0,0.0,179,0,LOW
MED-016,Inhalation Aerosol,Respiratory (Bronchodilator),30.5,32.0,15.0,25.0,0.0,5.5,5.5,3.6,19.8,0,1,0,0.0,158,0,MODERATE
MED-012,Tablet,Antihypertensive (CCB),14.1,44.8,15.0,30.0,0.9,0.0,0.9,9.1,8.19,0,0,0,0.0,377,0,LOW
MED-010,Tablet,Antihistamine,32.1,57.2,20.0,25.0,0.0,7.1,7.1,2.6,18.46,0,0,0,0.0,489,0,MODERATE
MED-020,Tablet,Antidepressant (SSRI),19.9,34.6,20.0,25.0,0.1,0.0,0.1,22.3,2.23,0,0,0,0.0,298,0,LOW
MED-019,Delayed-Release Tablet,Gastrointestinal (PPI),20.2,24.1,20.0,25.0,0.0,0.0,0.0,1.4,0.0,0,0,0,0.0,104,0,LOW
MED-013,Tablet,Endocrine (Thyroid Hormone),30.5,76.9,15.0,30.0,0.0,0.5,0.5,14.9,7.45,0,0,0,0.0,358,0,LOW
MED-024,Tablet,Corticosteroid / Anti-inflammatory,38.3,79.3,20.0,25.0,0.0,13.3,13.3,37.4,497.42,0,0,0,0.0,66,0,HIGH
MED-005,Tablet,Antihyperlipidemic (Statin),26.5,41.3,20.0,25.0,0.0,1.5,1.5,11.5,17.25,0,0,0,0.0,148,0,LOW
MED-021,Tablet,Respiratory (Leukotriene Antagonist),31.7,42.5,15.0,30.0,0.0,1.7,1.7,23.5,39.95,0,0,0,0.0,593,0,MODERATE
MED-024,Tablet,Corticosteroid / Anti-inflammatory,44.5,52.3,20.0,25.0,0.0,19.5,19.5,50.5,984.75,0,0,0,0.0,332,0,HIGH
MED-007,Tablet,Antibiotic (Macrolide),13.4,44.2,15.0,30.0,1.6,0.0,1.6,8.1,12.96,0,0,0,0.0,87,0,LOW
MED-025,Tablet,Diuretic / Antihypertensive,27.1,63.0,15.0,30.0,0.0,0.0,0.0,3.0,0.0,0,0,0,0.0,681,0,LOW
MED-010,Tablet,Antihistamine,18.3,22.4,20.0,25.0,1.7,0.0,1.7,5.3,9.01,0,0,0,0.0,75,0,LOW
MED-007,Tablet,Antibiotic (Macrolide),21.6,46.8,15.0,30.0,0.0,0.0,0.0,1.7,0.0,0,0,0,0.0,49,1,LOW
MED-005,Tablet,Antihyperlipidemic (Statin),16.7,25.6,20.0,25.0,3.3,0.0,3.3,4.3,14.19,0,0,0,0.0,585,0,LOW
MED-020,Tablet,Antidepressant (SSRI),23.6,49.4,20.0,25.0,0.0,0.0,0.0,1.5,0.0,0,0,0,0.0,514,0,LOW
MED-008,Tablet,Antibiotic (Fluoroquinolone),46.7,34.0,20.0,25.0,0.0,21.7,21.7,29.2,633.64,0,0,0,0.0,153,0,HIGH
MED-016,Inhalation Aerosol,Respiratory (Bronchodilator),23.5,46.9,15.0,25.0,0.0,0.0,0.0,0.3,0.0,0,1,0,0.0,655,0,LOW
MED-024,Tablet,Corticosteroid / Anti-inflammatory,47.6,34.6,20.0,25.0,0.0,22.6,22.6,28.7,648.62,0,0,0,0.0,155,0,HIGH
MED-024,Tablet,Corticosteroid / Anti-inflammatory,2.7,50.4,20.0,25.0,17.3,0.0,17.3,24.5,423.85,0,0,0,0.0,142,0,HIGH
MED-013,Tablet,Endocrine (Thyroid Hormone),31.3,49.8,15.0,30.0,0.0,1.3,1.3,12.8,16.64,0,0,0,0.0,120,0,LOW
MED-010,Tablet,Antihistamine,21.4,73.3,20.0,25.0,0.0,0.0,0.0,23.8,0.0,0,0,0,0.0,35,1,LOW
MED-011,Tablet,Antihypertensive (ARB),32.4,77.9,15.0,30.0,0.0,2.4,2.4,2.1,5.04,0,0,0,0.0,167,0,LOW
MED-004,Tablet,Antidiabetic (Biguanide),22.2,23.3,20.0,25.0,0.0,0.0,0.0,0.6,0.0,0,0,0,0.0,303,0,LOW
MED-003,Tablet,Antibiotic (Beta-lactamase inhibitor),30.6,62.0,15.0,25.0,0.0,5.6,5.6,9.7,54.32,0,0,0,0.0,431,0,MODERATE
MED-013,Tablet,Endocrine (Thyroid Hormone),33.4,53.1,15.0,30.0,0.0,3.4,3.4,25.4,86.36,0,0,0,0.0,465,0,MODERATE
MED-008,Tablet,Antibiotic (Fluoroquinolone),19.9,80.0,20.0,25.0,0.1,0.0,0.1,14.3,1.43,0,0,0,0.0,344,0,LOW
MED-011,Tablet,Antihypertensive (ARB),38.2,20.7,15.0,30.0,0.0,8.2,8.2,18.8,154.16,0,0,0,0.0,307,0,HIGH
MED-003,Tablet,Antibiotic (Beta-lactamase inhibitor),26.6,73.5,15.0,25.0,0.0,1.6,1.6,8.6,13.76,0,0,0,0.0,339,0,LOW
MED-016,Inhalation Aerosol,Respiratory (Bronchodilator),26.0,32.2,15.0,25.0,0.0,1.0,1.0,20.2,20.2,0,1,0,0.0,399,0,MODERATE
MED-004,Tablet,Antidiabetic (Biguanide),29.1,83.0,20.0,25.0,0.0,4.1,4.1,11.5,47.15,0,0,0,0.0,278,0,MODERATE
MED-021,Tablet,Respiratory (Leukotriene Antagonist),39.7,76.3,15.0,30.0,0.0,9.7,9.7,53.4,517.98,0,0,0,0.0,243,0,HIGH
MED-013,Tablet,Endocrine (Thyroid Hormone),44.1,70.2,15.0,30.0,0.0,14.1,14.1,56.4,795.24,0,0,0,0.0,291,0,HIGH
MED-008,Tablet,Antibiotic (Fluoroquinolone),17.7,27.0,20.0,25.0,2.3,0.0,2.3,23.2,53.36,0,0,0,0.0,317,0,MODERATE
MED-020,Tablet,Antidepressant (SSRI),42.1,47.3,20.0,25.0,0.0,17.1,17.1,37.5,641.25,0,0,0,0.0,152,0,HIGH
MED-009,Tablet,Analgesic / NSAID,31.2,56.1,20.0,25.0,0.0,6.2,6.2,26.3,163.06,0,0,0,0.0,110,0,HIGH
MED-014,Subcutaneous Injection,Endocrine (Hormone),9.4,40.4,2.0,8.0,0.0,1.4,1.4,4.1,5.74,1,1,0,0.0,64,0,LOW
MED-003,Tablet,Antibiotic (Beta-lactamase inhibitor),25.8,81.0,15.0,25.0,0.0,0.8,0.8,17.9,14.32,0,0,0,0.0,113,0,LOW
MED-004,Tablet,Antidiabetic (Biguanide),28.0,38.4,20.0,25.0,0.0,3.0,3.0,5.5,16.5,0,0,0,0.0,365,0,LOW
MED-012,Tablet,Antihypertensive (CCB),35.2,74.7,15.0,30.0,0.0,5.2,5.2,7.4,38.48,0,0,0,0.0,288,0,MODERATE
MED-006,Delayed-Release Capsule,Gastrointestinal (PPI),36.4,71.7,15.0,30.0,0.0,6.4,6.4,23.9,152.96,0,0,0,0.0,406,0,HIGH
MED-024,Tablet,Corticosteroid / Anti-inflammatory,20.5,35.5,20.0,25.0,0.0,0.0,0.0,2.1,0.0,0,0,0,0.0,344,0,LOW
MED-004,Tablet,Antidiabetic (Biguanide),30.0,23.4,20.0,25.0,0.0,5.0,5.0,15.8,79.0,0,0,0,0.0,597,0,MODERATE
MED-024,Tablet,Corticosteroid / Anti-inflammatory,33.9,29.3,20.0,25.0,0.0,8.9,8.9,20.8,185.12,0,0,0,0.0,73,0,HIGH
MED-025,Tablet,Diuretic / Antihypertensive,35.3,67.6,15.0,30.0,0.0,5.3,5.3,30.7,162.71,0,0,0,0.0,437,0,HIGH
MED-004,Tablet,Antidiabetic (Biguanide),19.0,40.7,20.0,25.0,1.0,0.0,1.0,13.1,13.1,0,0,0,0.0,239,0,LOW
MED-022,Tablet,Antiplatelet / Hematologic,39.3,85.0,15.0,30.0,0.0,9.3,9.3,49.2,457.56,0,0,0,0.0,106,0,HIGH
MED-020,Tablet,Antidepressant (SSRI),18.8,69.8,20.0,25.0,1.2,0.0,1.2,8.7,10.44,0,0,0,0.0,44,1,MODERATE
MED-016,Inhalation Aerosol,Respiratory (Bronchodilator),32.0,66.1,15.0,25.0,0.0,7.0,7.0,24.9,174.3,0,1,0,0.0,340,0,HIGH
MED-023,Capsule,Anticonvulsant / Neuropathic,33.4,41.3,15.0,30.0,0.0,3.4,3.4,6.0,20.4,0,0,0,0.0,208,0,MODERATE
MED-015,Subcutaneous Injection,Endocrine (Hormone),13.6,32.2,2.0,8.0,0.0,5.6,5.6,3.2,17.92,1,1,0,0.0,189,0,MODERATE
MED-011,Tablet,Antihypertensive (ARB),33.2,51.0,15.0,30.0,0.0,3.2,3.2,13.2,42.24,0,0,0,0.0,324,0,MODERATE
MED-021,Tablet,Respiratory (Leukotriene Antagonist),15.9,61.4,15.0,30.0,0.0,0.0,0.0,20.4,0.0,0,0,0,0.0,340,0,LOW
MED-022,Tablet,Antiplatelet / Hematologic,28.8,59.2,15.0,30.0,0.0,0.0,0.0,35.9,0.0,0,0,0,0.0,47,1,LOW
MED-016,Inhalation Aerosol,Respiratory (Bronchodilator),24.9,52.5,15.0,25.0,0.0,0.0,0.0,13.1,0.0,0,1,0,0.0,37,1,LOW
MED-023,Capsule,Anticonvulsant / Neuropathic,0.4,22.8,15.0,30.0,14.6,0.0,14.6,68.2,995.72,0,0,0,0.0,155,0,HIGH
MED-009,Tablet,Analgesic / NSAID,23.5,20.7,20.0,25.0,0.0,0.0,0.0,1.1,0.0,0,0,0,0.0,640,0,LOW
MED-007,Tablet,Antibiotic (Macrolide),47.2,42.1,15.0,30.0,0.0,17.2,17.2,67.8,1166.16,0,0,0,0.0,284,0,HIGH
MED-020,Tablet,Antidepressant (SSRI),26.1,57.3,20.0,25.0,0.0,1.1,1.1,9.1,10.01,0,0,0,0.0,211,0,LOW
MED-018,Capsule,Antibiotic (Tetracycline),31.2,51.0,20.0,25.0,0.0,6.2,6.2,23.7,146.94,0,0,0,0.0,98,0,HIGH
MED-011,Tablet,Antihypertensive (ARB),35.1,73.4,15.0,30.0,0.0,5.1,5.1,26.2,133.62,0,0,0,0.0,43,1,HIGH
MED-012,Tablet,Antihypertensive (CCB),33.9,23.8,15.0,30.0,0.0,3.9,3.9,2.6,10.14,0,0,0,0.0,549,0,LOW
MED-001,Tablet,Analgesic / Antipyretic,25.2,43.1,20.0,25.0,0.0,0.2,0.2,5.4,1.08,0,0,0,0.0,415,0,LOW
MED-016,Inhalation Aerosol,Respiratory (Bronchodilator),32.7,42.7,15.0,25.0,0.0,7.7,7.7,5.4,41.58,0,1,0,0.0,261,0,MODERATE
MED-010,Tablet,Antihistamine,20.6,48.0,20.0,25.0,0.0,0.0,0.0,2.0,0.0,0,0,0,0.0,365,0,LOW
MED-025,Tablet,Diuretic / Antihypertensive,4.7,28.4,15.0,30.0,10.3,0.0,10.3,47.1,485.13,0,0,0,0.0,325,0,HIGH
MED-004,Tablet,Antidiabetic (Biguanide),23.4,23.5,20.0,25.0,0.0,0.0,0.0,2.3,0.0,0,0,0,0.0,215,0,LOW
MED-012,Tablet,Antihypertensive (CCB),35.2,42.7,15.0,30.0,0.0,5.2,5.2,10.1,52.52,0,0,0,0.0,271,0,MODERATE
MED-006,Delayed-Release Capsule,Gastrointestinal (PPI),32.3,74.0,15.0,30.0,0.0,2.3,2.3,16.5,37.95,0,0,0,0.0,445,0,MODERATE
MED-014,Subcutaneous Injection,Endocrine (Hormone),-1.0,62.3,2.0,8.0,3.0,0.0,3.0,7.6,22.8,1,1,0,0.0,544,0,HIGH
MED-005,Tablet,Antihyperlipidemic (Statin),29.7,52.1,20.0,25.0,0.0,4.7,4.7,7.6,35.72,0,0,0,0.0,108,0,MODERATE
MED-023,Capsule,Anticonvulsant / Neuropathic,12.9,59.9,15.0,30.0,2.1,0.0,2.1,22.1,46.41,0,0,0,0.0,576,0,MODERATE
MED-003,Tablet,Antibiotic (Beta-lactamase inhibitor),34.6,33.1,15.0,25.0,0.0,9.6,9.6,61.0,585.6,0,0,0,0.0,171,0,HIGH
MED-023,Capsule,Anticonvulsant / Neuropathic,32.4,83.2,15.0,30.0,0.0,2.4,2.4,5.0,12.0,0,0,0,0.0,565,0,LOW
MED-010,Tablet,Antihistamine,21.0,34.3,20.0,25.0,0.0,0.0,0.0,12.6,0.0,0,0,0,0.0,564,0,LOW
MED-020,Tablet,Antidepressant (SSRI),46.6,67.2,20.0,25.0,0.0,21.6,21.6,17.6,380.16,0,0,0,0.0,348,0,HIGH
MED-020,Tablet,Antidepressant (SSRI),17.6,20.8,20.0,25.0,2.4,0.0,2.4,19.0,45.6,0,0,0,0.0,201,0,MODERATE
MED-002,Capsule,Antibiotic (Penicillin),45.9,58.9,20.0,25.0,0.0,20.9,20.9,48.0,1003.2,0,0,0,0.0,180,0,HIGH
MED-008,Tablet,Antibiotic (Fluoroquinolone),23.5,69.1,20.0,25.0,0.0,0.0,0.0,2.6,0.0,0,0,0,0.0,678,0,LOW
MED-023,Capsule,Anticonvulsant / Neuropathic,31.1,21.9,15.0,30.0,0.0,1.1,1.1,17.9,19.69,0,0,0,0.0,60,1,MODERATE
MED-002,Capsule,Antibiotic (Penicillin),26.0,79.2,20.0,25.0,0.0,1.0,1.0,5.5,5.5,0,0,0,0.0,596,0,LOW
MED-015,Subcutaneous Injection,Endocrine (Hormone),10.0,66.8,2.0,8.0,0.0,2.0,2.0,1.4,2.8,1,1,0,0.0,251,0,LOW
MED-002,Capsule,Antibiotic (Penicillin),18.3,26.9,20.0,25.0,1.7,0.0,1.7,22.7,38.59,0,0,0,0.0,242,0,MODERATE
MED-021,Tablet,Respiratory (Leukotriene Antagonist),34.9,35.9,15.0,30.0,0.0,4.9,4.9,4.1,20.09,0,0,0,0.0,211,0,MODERATE
MED-008,Tablet,Antibiotic (Fluoroquinolone),22.3,22.2,20.0,25.0,0.0,0.0,0.0,3.2,0.0,0,0,0,0.0,196,0,LOW
MED-025,Tablet,Diuretic / Antihypertensive,38.2,23.7,15.0,30.0,0.0,8.2,8.2,40.3,330.46,0,0,0,0.0,144,0,HIGH
MED-021,Tablet,Respiratory (Leukotriene Antagonist),15.5,22.0,15.0,30.0,0.0,0.0,0.0,2.7,0.0,0,0,0,0.0,506,0,LOW
MED-005,Tablet,Antihyperlipidemic (Statin),22.6,29.5,20.0,25.0,0.0,0.0,0.0,3.6,0.0,0,0,0,0.0,674,0,LOW
MED-025,Tablet,Diuretic / Antihypertensive,12.3,74.7,15.0,30.0,2.7,0.0,2.7,7.4,19.98,0,0,0,0.0,153,0,LOW
MED-001,Tablet,Analgesic / Antipyretic,33.3,74.5,20.0,25.0,0.0,8.3,8.3,47.2,391.76,0,0,0,0.0,156,0,HIGH
MED-023,Capsule,Anticonvulsant / Neuropathic,32.2,69.2,15.0,30.0,0.0,2.2,2.2,13.6,29.92,0,0,0,0.0,167,0,MODERATE
MED-020,Tablet,Antidepressant (SSRI),19.6,79.2,20.0,25.0,0.4,0.0,0.4,20.3,8.12,0,0,0,0.0,53,1,LOW
MED-002,Capsule,Antibiotic (Penicillin),30.6,62.6,20.0,25.0,0.0,5.6,5.6,6.9,38.64,0,0,0,0.0,450,0,MODERATE
MED-018,Capsule,Antibiotic (Tetracycline),16.3,46.7,20.0,25.0,3.7,0.0,3.7,5.2,19.24,0,0,0,0.0,148,0,LOW
MED-013,Tablet,Endocrine (Thyroid Hormone),24.7,71.6,15.0,30.0,0.0,0.0,0.0,3.1,0.0,0,0,0,0.0,332,0,LOW
MED-014,Subcutaneous Injection,Endocrine (Hormone),-1.5,27.3,2.0,8.0,3.5,0.0,3.5,16.1,56.35,1,1,0,0.0,142,0,HIGH
MED-004,Tablet,Antidiabetic (Biguanide),20.8,33.7,20.0,25.0,0.0,0.0,0.0,1.1,0.0,0,0,0,0.0,596,0,LOW
MED-023,Capsule,Anticonvulsant / Neuropathic,26.0,83.4,15.0,30.0,0.0,0.0,0.0,3.4,0.0,0,0,0,0.0,356,0,LOW
MED-012,Tablet,Antihypertensive (CCB),10.4,71.4,15.0,30.0,4.6,0.0,4.6,17.8,81.88,0,0,0,0.0,405,0,MODERATE
MED-018,Capsule,Antibiotic (Tetracycline),35.2,68.9,20.0,25.0,0.0,10.2,10.2,60.0,612.0,0,0,0,0.0,270,0,HIGH
MED-020,Tablet,Antidepressant (SSRI),32.7,53.2,20.0,25.0,0.0,7.7,7.7,17.7,136.29,0,0,0,0.0,228,0,HIGH
MED-018,Capsule,Antibiotic (Tetracycline),23.3,62.1,20.0,25.0,0.0,0.0,0.0,0.3,0.0,0,0,0,0.0,468,0,LOW
MED-020,Tablet,Antidepressant (SSRI),40.8,57.0,20.0,25.0,0.0,15.8,15.8,40.4,638.32,0,0,0,0.0,356,0,HIGH
MED-002,Capsule,Antibiotic (Penicillin),25.8,33.8,20.0,25.0,0.0,0.8,0.8,13.9,11.12,0,0,0,0.0,15,1,MODERATE
MED-025,Tablet,Diuretic / Antihypertensive,30.6,51.0,15.0,30.0,0.0,0.6,0.6,14.7,8.82,0,0,0,0.0,91,0,LOW
MED-013,Tablet,Endocrine (Thyroid Hormone),39.8,65.5,15.0,30.0,0.0,9.8,9.8,34.8,341.04,0,0,0,0.0,71,0,HIGH
MED-013,Tablet,Endocrine (Thyroid Hormone),34.3,62.8,15.0,30.0,0.0,4.3,4.3,14.7,63.21,0,0,0,0.0,412,0,MODERATE
MED-016,Inhalation Aerosol,Respiratory (Bronchodilator),14.6,53.3,15.0,25.0,0.4,0.0,0.4,9.3,3.72,0,1,0,0.0,463,0,LOW
MED-013,Tablet,Endocrine (Thyroid Hormone),16.9,72.9,15.0,30.0,0.0,0.0,0.0,6.2,0.0,0,0,0,0.0,76,0,LOW
MED-024,Tablet,Corticosteroid / Anti-inflammatory,45.9,34.8,20.0,25.0,0.0,20.9,20.9,9.4,196.46,0,0,0,0.0,48,1,HIGH
MED-007,Tablet,Antibiotic (Macrolide),41.6,27.3,15.0,30.0,0.0,11.6,11.6,24.3,281.88,0,0,0,0.0,51,1,HIGH
MED-015,Subcutaneous Injection,Endocrine (Hormone),14.1,57.1,2.0,8.0,0.0,6.1,6.1,10.4,63.44,1,1,0,0.0,382,0,HIGH
MED-021,Tablet,Respiratory (Leukotriene Antagonist),15.4,30.2,15.0,30.0,0.0,0.0,0.0,21.5,0.0,0,0,0,0.0,545,0,LOW
MED-007,Tablet,Antibiotic (Macrolide),29.2,67.7,15.0,30.0,0.0,0.0,0.0,31.7,0.0,0,0,0,0.0,363,0,LOW
MED-005,Tablet,Antihyperlipidemic (Statin),20.7,32.6,20.0,25.0,0.0,0.0,0.0,5.1,0.0,0,0,0,0.0,456,0,LOW
MED-021,Tablet,Respiratory (Leukotriene Antagonist),19.8,38.0,15.0,30.0,0.0,0.0,0.0,0.8,0.0,0,0,0,0.0,244,0,LOW
MED-018,Capsule,Antibiotic (Tetracycline),46.3,62.1,20.0,25.0,0.0,21.3,21.3,37.9,807.27,0,0,0,0.0,282,0,HIGH
MED-001,Tablet,Analgesic / Antipyretic,23.2,69.3,20.0,25.0,0.0,0.0,0.0,6.9,0.0,0,0,0,0.0,404,0,LOW
MED-021,Tablet,Respiratory (Leukotriene Antagonist),32.7,59.2,15.0,30.0,0.0,2.7,2.7,9.6,25.92,0,0,0,0.0,497,0,MODERATE
MED-010,Tablet,Antihistamine,26.1,43.9,20.0,25.0,0.0,1.1,1.1,11.4,12.54,0,0,0,0.0,356,0,LOW
MED-019,Delayed-Release Tablet,Gastrointestinal (PPI),28.6,76.8,20.0,25.0,0.0,3.6,3.6,25.4,91.44,0,0,0,0.0,560,0,MODERATE
MED-011,Tablet,Antihypertensive (ARB),21.8,46.8,15.0,30.0,0.0,0.0,0.0,0.5,0.0,0,0,0,0.0,331,0,LOW
MED-012,Tablet,Antihypertensive (CCB),37.5,68.2,15.0,30.0,0.0,7.5,7.5,24.6,184.5,0,0,0,0.0,571,0,HIGH
MED-025,Tablet,Diuretic / Antihypertensive,22.1,29.3,15.0,30.0,0.0,0.0,0.0,3.8,0.0,0,0,0,0.0,506,0,LOW
MED-011,Tablet,Antihypertensive (ARB),34.8,29.0,15.0,30.0,0.0,4.8,4.8,33.0,158.4,0,0,0,0.0,29,1,HIGH
MED-009,Tablet,Analgesic / NSAID,31.0,68.5,20.0,25.0,0.0,6.0,6.0,3.1,18.6,0,0,0,0.0,267,0,MODERATE
MED-014,Subcutaneous Injection,Endocrine (Hormone),23.5,83.7,2.0,8.0,0.0,15.5,15.5,12.8,198.4,1,1,0,0.0,120,0,HIGH
MED-010,Tablet,Antihistamine,21.5,75.6,20.0,25.0,0.0,0.0,0.0,0.9,0.0,0,0,0,0.0,36,1,LOW
MED-001,Tablet,Analgesic / Antipyretic,44.3,55.5,20.0,25.0,0.0,19.3,19.3,58.9,1136.77,0,0,0,0.0,142,0,HIGH
MED-023,Capsule,Anticonvulsant / Neuropathic,12.3,57.3,15.0,30.0,2.7,0.0,2.7,4.3,11.61,0,0,0,0.0,275,0,LOW
MED-003,Tablet,Antibiotic (Beta-lactamase inhibitor),12.1,61.6,15.0,25.0,2.9,0.0,2.9,13.4,38.86,0,0,0,0.0,150,0,MODERATE
MED-010,Tablet,Antihistamine,15.6,69.4,20.0,25.0,4.4,0.0,4.4,8.9,39.16,0,0,0,0.0,530,0,MODERATE
MED-008,Tablet,Antibiotic (Fluoroquinolone),20.7,23.3,20.0,25.0,0.0,0.0,0.0,19.0,0.0,0,0,0,0.0,504,0,LOW
MED-003,Tablet,Antibiotic (Beta-lactamase inhibitor),28.5,37.6,15.0,25.0,0.0,3.5,3.5,17.1,59.85,0,0,0,0.0,469,0,MODERATE
MED-009,Tablet,Analgesic / NSAID,20.8,20.4,20.0,25.0,0.0,0.0,0.0,3.4,0.0,0,0,0,0.0,163,0,LOW
MED-010,Tablet,Antihistamine,26.1,60.4,20.0,25.0,0.0,1.1,1.1,13.3,14.63,0,0,0,0.0,115,0,LOW
MED-022,Tablet,Antiplatelet / Hematologic,34.5,53.3,15.0,30.0,0.0,4.5,4.5,2.7,12.15,0,0,0,0.0,100,0,LOW
MED-023,Capsule,Anticonvulsant / Neuropathic,10.4,52.6,15.0,30.0,4.6,0.0,4.6,12.8,58.88,0,0,0,0.0,513,0,MODERATE
MED-005,Tablet,Antihyperlipidemic (Statin),22.6,22.3,20.0,25.0,0.0,0.0,0.0,0.7,0.0,0,0,0,0.0,164,0,LOW
MED-024,Tablet,Corticosteroid / Anti-inflammatory,15.7,39.5,20.0,25.0,4.3,0.0,4.3,15.7,67.51,0,0,0,0.0,152,0,MODERATE
MED-019,Delayed-Release Tablet,Gastrointestinal (PPI),48.0,38.5,20.0,25.0,0.0,23.0,23.0,37.2,855.6,0,0,0,0.0,285,0,HIGH
MED-019,Delayed-Release Tablet,Gastrointestinal (PPI),28.7,24.4,20.0,25.0,0.0,3.7,3.7,15.3,56.61,0,0,0,0.0,193,0,MODERATE
MED-007,Tablet,Antibiotic (Macrolide),34.0,61.2,15.0,30.0,0.0,4.0,4.0,29.7,118.8,0,0,0,0.0,427,0,MODERATE
MED-005,Tablet,Antihyperlipidemic (Statin),24.2,55.7,20.0,25.0,0.0,0.0,0.0,20.7,0.0,0,0,0,0.0,57,1,LOW
MED-022,Tablet,Antiplatelet / Hematologic,36.2,60.3,15.0,30.0,0.0,6.2,6.2,27.3,169.26,0,0,0,0.0,248,0,HIGH
MED-025,Tablet,Diuretic / Antihypertensive,32.0,38.1,15.0,30.0,0.0,2.0,2.0,12.3,24.6,0,0,0,0.0,462,0,MODERATE
MED-001,Tablet,Analgesic / Antipyretic,24.7,77.8,20.0,25.0,0.0,0.0,0.0,0.7,0.0,0,0,0,0.0,471,0,LOW
MED-001,Tablet,Analgesic / Antipyretic,29.1,46.3,20.0,25.0,0.0,4.1,4.1,9.4,38.54,0,0,0,0.0,102,0,MODERATE
MED-008,Tablet,Antibiotic (Fluoroquinolone),30.5,77.3,20.0,25.0,0.0,5.5,5.5,14.1,77.55,0,0,0,0.0,459,0,MODERATE
MED-022,Tablet,Antiplatelet / Hematologic,13.1,43.2,15.0,30.0,1.9,0.0,1.9,21.8,41.42,0,0,0,0.0,335,0,MODERATE
MED-024,Tablet,Corticosteroid / Anti-inflammatory,26.3,66.8,20.0,25.0,0.0,1.3,1.3,5.1,6.63,0,0,0,0.0,112,0,LOW
MED-019,Delayed-Release Tablet,Gastrointestinal (PPI),29.1,51.4,20.0,25.0,0.0,4.1,4.1,3.3,13.53,0,0,0,0.0,112,0,LOW
MED-018,Capsule,Antibiotic (Tetracycline),29.6,80.3,20.0,25.0,0.0,4.6,4.6,15.7,72.22,0,0,0,0.0,559,0,MODERATE
MED-009,Tablet,Analgesic / NSAID,19.4,20.7,20.0,25.0,0.6,0.0,0.6,14.5,8.7,0,0,0,0.0,18,1,LOW
MED-004,Tablet,Antidiabetic (Biguanide),23.6,20.9,20.0,25.0,0.0,0.0,0.0,1.1,0.0,0,0,0,0.0,444,0,LOW
MED-001,Tablet,Analgesic / Antipyretic,21.0,55.4,20.0,25.0,0.0,0.0,0.0,2.6,0.0,0,0,0,0.0,604,0,LOW
MED-021,Tablet,Respiratory (Leukotriene Antagonist),43.2,24.9,15.0,30.0,0.0,13.2,13.2,39.8,525.36,0,0,0,0.0,85,0,HIGH
MED-015,Subcutaneous Injection,Endocrine (Hormone),-1.5,35.5,2.0,8.0,3.5,0.0,3.5,9.3,32.55,1,1,0,0.0,13,1,HIGH
MED-009,Tablet,Analgesic / NSAID,15.7,66.7,20.0,25.0,4.3,0.0,4.3,3.3,14.19,0,0,0,0.0,400,0,LOW
MED-022,Tablet,Antiplatelet / Hematologic,29.2,30.1,15.0,30.0,0.0,0.0,0.0,13.5,0.0,0,0,0,0.0,507,0,LOW
MED-004,Tablet,Antidiabetic (Biguanide),34.6,22.7,20.0,25.0,0.0,9.6,9.6,66.5,638.4,0,0,0,0.0,62,1,HIGH
MED-017,Nasal Spray Suspension,Corticosteroid / Allergy,32.9,56.0,4.0,30.0,0.0,2.9,2.9,7.1,20.59,0,1,0,0.0,455,0,MODERATE
MED-016,Inhalation Aerosol,Respiratory (Bronchodilator),13.2,57.7,15.0,25.0,1.8,0.0,1.8,12.6,22.68,0,1,0,0.0,131,0,MODERATE
MED-006,Delayed-Release Capsule,Gastrointestinal (PPI),21.8,47.8,15.0,30.0,0.0,0.0,0.0,4.0,0.0,0,0,0,0.0,481,0,LOW
MED-008,Tablet,Antibiotic (Fluoroquinolone),20.8,81.4,20.0,25.0,0.0,0.0,0.0,2.8,0.0,0,0,0,0.0,513,0,LOW
MED-020,Tablet,Antidepressant (SSRI),19.6,45.6,20.0,25.0,0.4,0.0,0.4,12.8,5.12,0,0,0,0.0,180,0,LOW
MED-020,Tablet,Antidepressant (SSRI),17.4,69.9,20.0,25.0,2.6,0.0,2.6,16.8,43.68,0,0,0,0.0,278,0,MODERATE
MED-006,Delayed-Release Capsule,Gastrointestinal (PPI),47.0,59.2,15.0,30.0,0.0,17.0,17.0,39.8,676.6,0,0,0,0.0,307,0,HIGH
MED-023,Capsule,Anticonvulsant / Neuropathic,33.3,78.5,15.0,30.0,0.0,3.3,3.3,2.9,9.57,0,0,0,0.0,292,0,LOW
MED-022,Tablet,Antiplatelet / Hematologic,31.7,48.2,15.0,30.0,0.0,1.7,1.7,13.9,23.63,0,0,0,0.0,161,0,MODERATE
MED-009,Tablet,Analgesic / NSAID,2.7,70.4,20.0,25.0,17.3,0.0,17.3,57.9,1001.67,0,0,0,0.0,177,0,HIGH
MED-003,Tablet,Antibiotic (Beta-lactamase inhibitor),20.0,38.2,15.0,25.0,0.0,0.0,0.0,3.1,0.0,0,0,0,0.0,425,0,LOW
MED-019,Delayed-Release Tablet,Gastrointestinal (PPI),27.6,65.7,20.0,25.0,0.0,2.6,2.6,18.0,46.8,0,0,0,0.0,107,0,MODERATE
MED-007,Tablet,Antibiotic (Macrolide),14.3,69.3,15.0,30.0,0.7,0.0,0.7,12.0,8.4,0,0,0,0.0,147,0,LOW
MED-013,Tablet,Endocrine (Thyroid Hormone),34.3,83.1,15.0,30.0,0.0,4.3,4.3,15.9,68.37,0,0,0,0.0,268,0,MODERATE
MED-020,Tablet,Antidepressant (SSRI),26.8,63.1,20.0,25.0,0.0,1.8,1.8,12.1,21.78,0,0,0,0.0,60,1,MODERATE
MED-013,Tablet,Endocrine (Thyroid Hormone),17.0,54.0,15.0,30.0,0.0,0.0,0.0,0.1,0.0,0,0,0,0.0,424,0,LOW
MED-008,Tablet,Antibiotic (Fluoroquinolone),27.5,59.7,20.0,25.0,0.0,2.5,2.5,8.4,21.0,0,0,0,0.0,496,0,MODERATE
MED-007,Tablet,Antibiotic (Macrolide),28.9,67.0,15.0,30.0,0.0,0.0,0.0,4.1,0.0,0,0,0,0.0,312,0,LOW
MED-019,Delayed-Release Tablet,Gastrointestinal (PPI),28.2,42.1,20.0,25.0,0.0,3.2,3.2,16.9,54.08,0,0,0,0.0,38,1,HIGH
MED-017,Nasal Spray Suspension,Corticosteroid / Allergy,33.6,26.7,4.0,30.0,0.0,3.6,3.6,24.0,86.4,0,1,0,0.0,414,0,MODERATE
MED-009,Tablet,Analgesic / NSAID,21.9,65.2,20.0,25.0,0.0,0.0,0.0,21.5,0.0,0,0,0,0.0,483,0,LOW
MED-002,Capsule,Antibiotic (Penicillin),43.0,52.1,20.0,25.0,0.0,18.0,18.0,25.5,459.0,0,0,0,0.0,130,0,HIGH
MED-010,Tablet,Antihistamine,16.0,33.1,20.0,25.0,4.0,0.0,4.0,20.5,82.0,0,0,0,0.0,15,1,HIGH
MED-021,Tablet,Respiratory (Leukotriene Antagonist),15.2,58.1,15.0,30.0,0.0,0.0,0.0,2.8,0.0,0,0,0,0.0,336,0,LOW
MED-015,Subcutaneous Injection,Endocrine (Hormone),0.9,83.5,2.0,8.0,1.1,0.0,1.1,8.0,8.8,1,1,0,0.0,180,0,MODERATE
MED-001,Tablet,Analgesic / Antipyretic,23.8,54.3,20.0,25.0,0.0,0.0,0.0,2.4,0.0,0,0,0,0.0,341,0,LOW
MED-007,Tablet,Antibiotic (Macrolide),14.1,23.8,15.0,30.0,0.9,0.0,0.9,23.7,21.33,0,0,0,0.0,54,1,MODERATE
MED-020,Tablet,Antidepressant (SSRI),21.5,43.4,20.0,25.0,0.0,0.0,0.0,2.2,0.0,0,0,0,0.0,197,0,LOW
MED-012,Tablet,Antihypertensive (CCB),33.3,38.0,15.0,30.0,0.0,3.3,3.3,22.7,74.91,0,0,0,0.0,27,1,HIGH
MED-010,Tablet,Antihistamine,29.8,63.7,20.0,25.0,0.0,4.8,4.8,13.4,64.32,0,0,0,0.0,356,0,MODERATE
MED-008,Tablet,Antibiotic (Fluoroquinolone),22.0,76.2,20.0,25.0,0.0,0.0,0.0,1.9,0.0,0,0,0,0.0,200,0,LOW
MED-015,Subcutaneous Injection,Endocrine (Hormone),13.0,78.5,2.0,8.0,0.0,5.0,5.0,6.1,30.5,1,1,0,0.0,188,0,MODERATE
MED-002,Capsule,Antibiotic (Penicillin),29.4,58.3,20.0,25.0,0.0,4.4,4.4,28.1,123.64,0,0,0,0.0,248,0,HIGH
MED-007,Tablet,Antibiotic (Macrolide),25.5,30.9,15.0,30.0,0.0,0.0,0.0,3.1,0.0,0,0,0,0.0,506,0,LOW
MED-022,Tablet,Antiplatelet / Hematologic,43.1,80.3,15.0,30.0,0.0,13.1,13.1,23.6,309.16,0,0,0,0.0,188,0,HIGH
MED-016,Inhalation Aerosol,Respiratory (Bronchodilator),5.0,27.1,15.0,25.0,10.0,0.0,10.0,38.0,380.0,0,1,0,0.0,107,0,HIGH
MED-003,Tablet,Antibiotic (Beta-lactamase inhibitor),44.2,31.3,15.0,25.0,0.0,19.2,19.2,44.6,856.32,0,0,0,0.0,162,0,HIGH
MED-008,Tablet,Antibiotic (Fluoroquinolone),15.6,31.4,20.0,25.0,4.4,0.0,4.4,14.1,62.04,0,0,0,0.0,290,0,MODERATE
MED-001,Tablet,Analgesic / Antipyretic,41.6,32.5,20.0,25.0,0.0,16.6,16.6,50.7,841.62,0,0,0,0.0,54,1,HIGH
MED-010,Tablet,Antihistamine,30.6,39.3,20.0,25.0,0.0,5.6,5.6,14.1,78.96,0,0,0,0.0,61,0,MODERATE
MED-020,Tablet,Antidepressant (SSRI),24.8,84.4,20.0,25.0,0.0,0.0,0.0,21.2,0.0,0,0,0,0.0,283,0,LOW
MED-016,Inhalation Aerosol,Respiratory (Bronchodilator),29.3,65.0,15.0,25.0,0.0,4.3,4.3,9.5,40.85,0,1,0,0.0,370,0,MODERATE
MED-013,Tablet,Endocrine (Thyroid Hormone),47.4,60.2,15.0,30.0,0.0,17.4,17.4,28.8,501.12,0,0,0,0.0,84,0,HIGH
MED-009,Tablet,Analgesic / NSAID,29.1,20.8,20.0,25.0,0.0,4.1,4.1,14.3,58.63,0,0,0,0.0,415,0,MODERATE
MED-009,Tablet,Analgesic / NSAID,15.5,41.2,20.0,25.0,4.5,0.0,4.5,6.6,29.7,0,0,0,0.0,319,0,MODERATE
MED-006,Delayed-Release Capsule,Gastrointestinal (PPI),35.6,52.4,15.0,30.0,0.0,5.6,5.6,5.9,33.04,0,0,0,0.0,228,0,MODERATE
MED-014,Subcutaneous Injection,Endocrine (Hormone),27.4,78.3,2.0,8.0,0.0,19.4,19.4,36.6,710.04,1,1,0,0.0,210,0,HIGH
MED-003,Tablet,Antibiotic (Beta-lactamase inhibitor),-3.1,84.0,15.0,25.0,18.1,0.0,18.1,67.8,1227.18,0,0,0,0.0,62,0,HIGH
MED-023,Capsule,Anticonvulsant / Neuropathic,27.1,29.7,15.0,30.0,0.0,0.0,0.0,2.1,0.0,0,0,0,0.0,371,0,LOW
MED-018,Capsule,Antibiotic (Tetracycline),23.3,48.8,20.0,25.0,0.0,0.0,0.0,27.9,0.0,0,0,0,0.0,497,0,LOW
MED-005,Tablet,Antihyperlipidemic (Statin),31.8,65.1,20.0,25.0,0.0,6.8,6.8,15.2,103.36,0,0,0,0.0,304,0,MODERATE
MED-020,Tablet,Antidepressant (SSRI),20.5,35.3,20.0,25.0,0.0,0.0,0.0,3.8,0.0,0,0,0,0.0,373,0,LOW
MED-018,Capsule,Antibiotic (Tetracycline),18.0,39.5,20.0,25.0,2.0,0.0,2.0,18.1,36.2,0,0,0,0.0,417,0,MODERATE
MED-025,Tablet,Diuretic / Antihypertensive,32.9,20.5,15.0,30.0,0.0,2.9,2.9,19.8,57.42,0,0,0,0.0,112,0,MODERATE
MED-021,Tablet,Respiratory (Leukotriene Antagonist),27.5,83.8,15.0,30.0,0.0,0.0,0.0,2.7,0.0,0,0,0,0.0,209,0,LOW
MED-001,Tablet,Analgesic / Antipyretic,20.3,23.7,20.0,25.0,0.0,0.0,0.0,2.5,0.0,0,0,0,0.0,284,0,LOW
MED-006,Delayed-Release Capsule,Gastrointestinal (PPI),-0.1,54.9,15.0,30.0,15.1,0.0,15.1,60.5,913.55,0,0,0,0.0,332,0,HIGH
MED-017,Nasal Spray Suspension,Corticosteroid / Allergy,14.3,63.1,4.0,30.0,0.0,0.0,0.0,2.0,0.0,0,1,0,0.0,122,0,LOW
MED-002,Capsule,Antibiotic (Penicillin),30.9,71.4,20.0,25.0,0.0,5.9,5.9,2.9,17.11,0,0,0,0.0,332,0,MODERATE
MED-023,Capsule,Anticonvulsant / Neuropathic,40.6,78.5,15.0,30.0,0.0,10.6,10.6,31.7,336.02,0,0,0,0.0,191,0,HIGH
MED-006,Delayed-Release Capsule,Gastrointestinal (PPI),47.5,60.1,15.0,30.0,0.0,17.5,17.5,42.9,750.75,0,0,0,0.0,206,0,HIGH
MED-003,Tablet,Antibiotic (Beta-lactamase inhibitor),15.1,50.0,15.0,25.0,0.0,0.0,0.0,9.2,0.0,0,0,0,0.0,45,1,LOW
MED-022,Tablet,Antiplatelet / Hematologic,-3.5,38.2,15.0,30.0,18.5,0.0,18.5,54.8,1013.8,0,0,0,0.0,108,0,HIGH
MED-009,Tablet,Analgesic / NSAID,38.1,65.3,20.0,25.0,0.0,13.1,13.1,44.4,581.64,0,0,0,0.0,292,0,HIGH
MED-007,Tablet,Antibiotic (Macrolide),34.9,53.8,15.0,30.0,0.0,4.9,4.9,8.0,39.2,0,0,0,0.0,282,0,MODERATE
MED-017,Nasal Spray Suspension,Corticosteroid / Allergy,38.6,46.8,4.0,30.0,0.0,8.6,8.6,39.6,340.56,0,1,0,0.0,295,0,HIGH
MED-016,Inhalation Aerosol,Respiratory (Bronchodilator),19.8,30.5,15.0,25.0,0.0,0.0,0.0,0.8,0.0,0,1,0,0.0,721,0,LOW
MED-004,Tablet,Antidiabetic (Biguanide),23.1,25.3,20.0,25.0,0.0,0.0,0.0,1.1,0.0,0,0,0,0.0,242,0,LOW
MED-021,Tablet,Respiratory (Leukotriene Antagonist),31.0,62.8,15.0,30.0,0.0,1.0,1.0,13.0,13.0,0,0,0,0.0,14,1,MODERATE
MED-005,Tablet,Antihyperlipidemic (Statin),27.7,82.5,20.0,25.0,0.0,2.7,2.7,31.2,84.24,0,0,0,0.0,310,0,MODERATE
MED-005,Tablet,Antihyperlipidemic (Statin),20.9,36.4,20.0,25.0,0.0,0.0,0.0,2.5,0.0,0,0,0,0.0,194,0,LOW
MED-024,Tablet,Corticosteroid / Anti-inflammatory,27.9,38.9,20.0,25.0,0.0,2.9,2.9,16.7,48.43,0,0,0,0.0,115,0,MODERATE
MED-020,Tablet,Antidepressant (SSRI),27.8,68.9,20.0,25.0,0.0,2.8,2.8,9.9,27.72,0,0,0,0.0,492,0,MODERATE
MED-007,Tablet,Antibiotic (Macrolide),23.9,65.8,15.0,30.0,0.0,0.0,0.0,1.6,0.0,0,0,0,0.0,490,0,LOW
MED-004,Tablet,Antidiabetic (Biguanide),45.6,51.6,20.0,25.0,0.0,20.6,20.6,20.7,426.42,0,0,0,0.0,356,0,HIGH
MED-024,Tablet,Corticosteroid / Anti-inflammatory,21.2,29.6,20.0,25.0,0.0,0.0,0.0,2.5,0.0,0,0,0,0.0,85,0,LOW
MED-015,Subcutaneous Injection,Endocrine (Hormone),0.5,58.6,2.0,8.0,1.5,0.0,1.5,8.2,12.3,1,1,0,0.0,440,0,MODERATE
MED-011,Tablet,Antihypertensive (ARB),44.6,41.0,15.0,30.0,0.0,14.6,14.6,65.7,959.22,0,0,0,0.0,195,0,HIGH
MED-001,Tablet,Analgesic / Antipyretic,30.8,79.7,20.0,25.0,0.0,5.8,5.8,16.8,97.44,0,0,0,0.0,480,0,MODERATE
MED-009,Tablet,Analgesic / NSAID,27.3,35.2,20.0,25.0,0.0,2.3,2.3,12.1,27.83,0,0,0,0.0,413,0,MODERATE
MED-020,Tablet,Antidepressant (SSRI),25.9,60.1,20.0,25.0,0.0,0.9,0.9,12.7,11.43,0,0,0,0.0,116,0,LOW
MED-012,Tablet,Antihypertensive (CCB),12.3,34.2,15.0,30.0,2.7,0.0,2.7,17.1,46.17,0,0,0,0.0,573,0,MODERATE
MED-011,Tablet,Antihypertensive (ARB),33.3,59.4,15.0,30.0,0.0,3.3,3.3,13.5,44.55,0,0,0,0.0,169,0,MODERATE
MED-008,Tablet,Antibiotic (Fluoroquinolone),30.6,51.3,20.0,25.0,0.0,5.6,5.6,5.3,29.68,0,0,0,0.0,571,0,MODERATE
MED-004,Tablet,Antidiabetic (Biguanide),21.1,73.9,20.0,25.0,0.0,0.0,0.0,1.4,0.0,0,0,0,0.0,704,0,LOW
MED-001,Tablet,Analgesic / Antipyretic,30.2,44.3,20.0,25.0,0.0,5.2,5.2,13.7,71.24,0,0,0,0.0,21,1,HIGH
MED-017,Nasal Spray Suspension,Corticosteroid / Allergy,45.5,50.4,4.0,30.0,0.0,15.5,15.5,36.9,571.95,0,1,0,0.0,194,0,HIGH
MED-009,Tablet,Analgesic / NSAID,15.5,46.8,20.0,25.0,4.5,0.0,4.5,17.2,77.4,0,0,0,0.0,272,0,MODERATE
MED-012,Tablet,Antihypertensive (CCB),30.8,27.1,15.0,30.0,0.0,0.8,0.8,33.4,26.72,0,0,0,0.0,334,0,MODERATE
MED-015,Subcutaneous Injection,Endocrine (Hormone),2.2,58.8,2.0,8.0,0.0,0.0,0.0,3.7,0.0,1,1,0,0.0,188,0,LOW
MED-023,Capsule,Anticonvulsant / Neuropathic,31.5,60.7,15.0,30.0,0.0,1.5,1.5,15.9,23.85,0,0,0,0.0,222,0,MODERATE
MED-020,Tablet,Antidepressant (SSRI),23.9,40.2,20.0,25.0,0.0,0.0,0.0,0.7,0.0,0,0,0,0.0,147,0,LOW
MED-022,Tablet,Antiplatelet / Hematologic,26.8,49.5,15.0,30.0,0.0,0.0,0.0,3.5,0.0,0,0,0,0.0,368,0,LOW
MED-008,Tablet,Antibiotic (Fluoroquinolone),30.0,41.8,20.0,25.0,0.0,5.0,5.0,10.8,54.0,0,0,0,0.0,353,0,MODERATE
MED-017,Nasal Spray Suspension,Corticosteroid / Allergy,21.6,84.4,4.0,30.0,0.0,0.0,0.0,1.0,0.0,0,1,0,0.0,80,0,LOW
MED-012,Tablet,Antihypertensive (CCB),46.1,40.6,15.0,30.0,0.0,16.1,16.1,69.8,1123.78,0,0,0,0.0,320,0,HIGH
MED-022,Tablet,Antiplatelet / Hematologic,43.3,63.5,15.0,30.0,0.0,13.3,13.3,30.2,401.66,0,0,0,0.0,222,0,HIGH
MED-023,Capsule,Anticonvulsant / Neuropathic,33.9,72.1,15.0,30.0,0.0,3.9,3.9,32.5,126.75,0,0,0,0.0,559,0,HIGH
MED-016,Inhalation Aerosol,Respiratory (Bronchodilator),17.2,29.3,15.0,25.0,0.0,0.0,0.0,1.6,0.0,0,1,0,0.0,204,0,LOW
MED-012,Tablet,Antihypertensive (CCB),43.0,83.8,15.0,30.0,0.0,13.0,13.0,19.4,252.2,0,0,0,0.0,128,0,HIGH
MED-001,Tablet,Analgesic / Antipyretic,25.6,57.4,20.0,25.0,0.0,0.6,0.6,14.5,8.7,0,0,0,0.0,160,0,LOW
MED-022,Tablet,Antiplatelet / Hematologic,12.0,23.8,15.0,30.0,3.0,0.0,3.0,21.3,63.9,0,0,0,0.0,145,0,MODERATE
MED-019,Delayed-Release Tablet,Gastrointestinal (PPI),19.8,54.8,20.0,25.0,0.2,0.0,0.2,8.5,1.7,0,0,0,0.0,70,0,LOW
MED-017,Nasal Spray Suspension,Corticosteroid / Allergy,30.4,37.1,4.0,30.0,0.0,0.4,0.4,11.2,4.48,0,1,0,0.0,163,0,LOW
MED-025,Tablet,Diuretic / Antihypertensive,14.0,21.4,15.0,30.0,1.0,0.0,1.0,10.1,10.1,0,0,0,0.0,458,0,LOW
MED-022,Tablet,Antiplatelet / Hematologic,13.5,83.7,15.0,30.0,1.5,0.0,1.5,1.6,2.4,0,0,0,0.0,551,0,LOW
MED-002,Capsule,Antibiotic (Penicillin),24.7,30.1,20.0,25.0,0.0,0.0,0.0,19.0,0.0,0,0,0,0.0,114,0,LOW
MED-014,Subcutaneous Injection,Endocrine (Hormone),11.3,26.8,2.0,8.0,0.0,3.3,3.3,7.0,23.1,1,1,0,0.0,502,0,MODERATE
MED-023,Capsule,Anticonvulsant / Neuropathic,14.9,62.0,15.0,30.0,0.1,0.0,0.1,6.2,0.62,0,0,0,0.0,345,0,LOW
MED-017,Nasal Spray Suspension,Corticosteroid / Allergy,32.9,71.8,4.0,30.0,0.0,2.9,2.9,6.6,19.14,0,1,0,0.0,460,0,LOW
MED-020,Tablet,Antidepressant (SSRI),37.2,44.9,20.0,25.0,0.0,12.2,12.2,47.0,573.4,0,0,0,0.0,220,0,HIGH
MED-009,Tablet,Analgesic / NSAID,23.3,35.9,20.0,25.0,0.0,0.0,0.0,6.7,0.0,0,0,0,0.0,310,0,LOW
MED-019,Delayed-Release Tablet,Gastrointestinal (PPI),42.1,36.2,20.0,25.0,0.0,17.1,17.1,60.1,1027.71,0,0,0,0.0,122,0,HIGH
MED-014,Subcutaneous Injection,Endocrine (Hormone),12.4,56.2,2.0,8.0,0.0,4.4,4.4,1.5,6.6,1,1,0,0.0,391,0,MODERATE
MED-021,Tablet,Respiratory (Leukotriene Antagonist),32.8,71.3,15.0,30.0,0.0,2.8,2.8,9.3,26.04,0,0,0,0.0,427,0,MODERATE
MED-018,Capsule,Antibiotic (Tetracycline),25.0,44.2,20.0,25.0,0.0,0.0,0.0,21.1,0.0,0,0,0,0.0,203,0,LOW
MED-003,Tablet,Antibiotic (Beta-lactamase inhibitor),32.6,54.0,15.0,25.0,0.0,7.6,7.6,8.5,64.6,0,0,0,0.0,36,1,HIGH
MED-004,Tablet,Antidiabetic (Biguanide),31.1,79.2,20.0,25.0,0.0,6.1,6.1,13.4,81.74,0,0,0,0.0,278,0,MODERATE
MED-001,Tablet,Analgesic / Antipyretic,23.9,37.0,20.0,25.0,0.0,0.0,0.0,2.5,0.0,0,0,0,0.0,371,0,LOW
MED-010,Tablet,Antihistamine,27.2,25.2,20.0,25.0,0.0,2.2,2.2,7.5,16.5,0,0,0,0.0,155,0,LOW
MED-019,Delayed-Release Tablet,Gastrointestinal (PPI),29.3,75.5,20.0,25.0,0.0,4.3,4.3,16.7,71.81,0,0,0,0.0,480,0,MODERATE
MED-005,Tablet,Antihyperlipidemic (Statin),27.5,49.6,20.0,25.0,0.0,2.5,2.5,26.4,66.0,0,0,0,0.0,198,0,MODERATE
MED-019,Delayed-Release Tablet,Gastrointestinal (PPI),19.1,32.6,20.0,25.0,0.9,0.0,0.9,12.9,11.61,0,0,0,0.0,82,0,LOW
MED-022,Tablet,Antiplatelet / Hematologic,37.2,56.0,15.0,30.0,0.0,7.2,7.2,35.0,252.0,0,0,0,0.0,87,0,HIGH
MED-013,Tablet,Endocrine (Thyroid Hormone),34.8,54.2,15.0,30.0,0.0,4.8,4.8,4.0,19.2,0,0,0,0.0,68,0,LOW
MED-020,Tablet,Antidepressant (SSRI),31.1,65.9,20.0,25.0,0.0,6.1,6.1,19.3,117.73,0,0,0,0.0,69,0,MODERATE
MED-006,Delayed-Release Capsule,Gastrointestinal (PPI),43.0,83.4,15.0,30.0,0.0,13.0,13.0,42.3,549.9,0,0,0,0.0,101,0,HIGH
MED-014,Subcutaneous Injection,Endocrine (Hormone),30.4,80.6,2.0,8.0,0.0,22.4,22.4,11.5,257.6,1,1,0,0.0,270,0,HIGH
MED-019,Delayed-Release Tablet,Gastrointestinal (PPI),34.5,67.9,20.0,25.0,0.0,9.5,9.5,13.3,126.35,0,0,0,0.0,197,0,HIGH
MED-009,Tablet,Analgesic / NSAID,30.1,53.6,20.0,25.0,0.0,5.1,5.1,16.8,85.68,0,0,0,0.0,328,0,MODERATE
MED-009,Tablet,Analgesic / NSAID,34.2,82.7,20.0,25.0,0.0,9.2,9.2,66.4,610.88,0,0,0,0.0,339,0,HIGH
MED-011,Tablet,Antihypertensive (ARB),40.8,37.2,15.0,30.0,0.0,10.8,10.8,49.3,532.44,0,0,0,0.0,264,0,HIGH
MED-013,Tablet,Endocrine (Thyroid Hormone),46.2,49.2,15.0,30.0,0.0,16.2,16.2,60.1,973.62,0,0,0,0.0,360,0,HIGH
MED-021,Tablet,Respiratory (Leukotriene Antagonist),36.4,31.7,15.0,30.0,0.0,6.4,6.4,12.2,78.08,0,0,0,0.0,555,0,MODERATE
MED-007,Tablet,Antibiotic (Macrolide),35.9,55.5,15.0,30.0,0.0,5.9,5.9,8.7,51.33,0,0,0,0.0,396,0,MODERATE
MED-006,Delayed-Release Capsule,Gastrointestinal (PPI),40.6,26.9,15.0,30.0,0.0,10.6,10.6,46.8,496.08,0,0,0,0.0,152,0,HIGH
MED-014,Subcutaneous Injection,Endocrine (Hormone),7.6,51.0,2.0,8.0,0.0,0.0,0.0,3.5,0.0,1,1,0,0.0,698,0,LOW
MED-006,Delayed-Release Capsule,Gastrointestinal (PPI),34.2,37.8,15.0,30.0,0.0,4.2,4.2,2.2,9.24,0,0,0,0.0,54,1,LOW
MED-004,Tablet,Antidiabetic (Biguanide),3.7,82.4,20.0,25.0,16.3,0.0,16.3,54.0,880.2,0,0,0,0.0,205,0,HIGH
MED-010,Tablet,Antihistamine,26.7,29.6,20.0,25.0,0.0,1.7,1.7,12.9,21.93,0,0,0,0.0,443,0,MODERATE
MED-004,Tablet,Antidiabetic (Biguanide),20.9,59.8,20.0,25.0,0.0,0.0,0.0,3.0,0.0,0,0,0,0.0,164,0,LOW
MED-003,Tablet,Antibiotic (Beta-lactamase inhibitor),13.5,44.3,15.0,25.0,1.5,0.0,1.5,1.6,2.4,0,0,0,0.0,384,0,LOW
MED-022,Tablet,Antiplatelet / Hematologic,32.9,82.7,15.0,30.0,0.0,2.9,2.9,32.1,93.09,0,0,0,0.0,307,0,MODERATE
MED-017,Nasal Spray Suspension,Corticosteroid / Allergy,33.2,64.3,4.0,30.0,0.0,3.2,3.2,8.9,28.48,0,1,0,0.0,326,0,MODERATE
MED-016,Inhalation Aerosol,Respiratory (Bronchodilator),12.2,79.3,15.0,25.0,2.8,0.0,2.8,4.9,13.72,0,1,0,0.0,495,0,LOW
MED-011,Tablet,Antihypertensive (ARB),43.9,81.5,15.0,30.0,0.0,13.9,13.9,68.9,957.71,0,0,0,0.0,250,0,HIGH
MED-017,Nasal Spray Suspension,Corticosteroid / Allergy,33.2,59.0,4.0,30.0,0.0,3.2,3.2,3.4,10.88,0,1,0,0.0,143,0,LOW
MED-018,Capsule,Antibiotic (Tetracycline),24.8,66.0,20.0,25.0,0.0,0.0,0.0,1.8,0.0,0,0,0,0.0,57,1,LOW
MED-020,Tablet,Antidepressant (SSRI),22.7,25.2,20.0,25.0,0.0,0.0,0.0,1.3,0.0,0,0,0,0.0,214,0,LOW
MED-013,Tablet,Endocrine (Thyroid Hormone),13.9,21.2,15.0,30.0,1.1,0.0,1.1,21.7,23.87,0,0,0,0.0,306,0,MODERATE
MED-010,Tablet,Antihistamine,25.6,23.9,20.0,25.0,0.0,0.6,0.6,6.5,3.9,0,0,0,0.0,576,0,LOW
MED-006,Delayed-Release Capsule,Gastrointestinal (PPI),33.6,27.7,15.0,30.0,0.0,3.6,3.6,16.7,60.12,0,0,0,0.0,498,0,MODERATE
MED-013,Tablet,Endocrine (Thyroid Hormone),32.9,25.8,15.0,30.0,0.0,2.9,2.9,6.2,17.98,0,0,0,0.0,331,0,LOW
MED-006,Delayed-Release Capsule,Gastrointestinal (PPI),16.6,52.9,15.0,30.0,0.0,0.0,0.0,12.8,0.0,0,0,0,0.0,447,0,LOW
MED-002,Capsule,Antibiotic (Penicillin),30.9,51.5,20.0,25.0,0.0,5.9,5.9,17.9,105.61,0,0,0,0.0,75,0,MODERATE
MED-008,Tablet,Antibiotic (Fluoroquinolone),22.0,46.3,20.0,25.0,0.0,0.0,0.0,1.8,0.0,0,0,0,0.0,294,0,LOW
MED-017,Nasal Spray Suspension,Corticosteroid / Allergy,36.0,54.0,4.0,30.0,0.0,6.0,6.0,11.7,70.2,0,1,0,0.0,279,0,MODERATE
MED-025,Tablet,Diuretic / Antihypertensive,38.0,38.1,15.0,30.0,0.0,8.0,8.0,60.3,482.4,0,0,0,0.0,211,0,HIGH
MED-012,Tablet,Antihypertensive (CCB),31.3,20.6,15.0,30.0,0.0,1.3,1.3,7.0,9.1,0,0,0,0.0,205,0,LOW
MED-008,Tablet,Antibiotic (Fluoroquinolone),38.6,69.4,20.0,25.0,0.0,13.6,13.6,38.3,520.88,0,0,0,0.0,360,0,HIGH
MED-022,Tablet,Antiplatelet / Hematologic,11.0,76.7,15.0,30.0,4.0,0.0,4.0,10.6,42.4,0,0,0,0.0,222,0,MODERATE
MED-001,Tablet,Analgesic / Antipyretic,22.2,26.6,20.0,25.0,0.0,0.0,0.0,3.0,0.0,0,0,0,0.0,345,0,LOW
MED-006,Delayed-Release Capsule,Gastrointestinal (PPI),41.7,22.9,15.0,30.0,0.0,11.7,11.7,61.6,720.72,0,0,0,0.0,204,0,HIGH
MED-016,Inhalation Aerosol,Respiratory (Bronchodilator),18.2,68.4,15.0,25.0,0.0,0.0,0.0,3.9,0.0,0,1,0,0.0,487,0,LOW
MED-013,Tablet,Endocrine (Thyroid Hormone),39.8,20.9,15.0,30.0,0.0,9.8,9.8,50.0,490.0,0,0,0,0.0,292,0,HIGH
MED-007,Tablet,Antibiotic (Macrolide),26.1,35.7,15.0,30.0,0.0,0.0,0.0,0.9,0.0,0,0,0,0.0,540,0,LOW
MED-019,Delayed-Release Tablet,Gastrointestinal (PPI),22.5,70.7,20.0,25.0,0.0,0.0,0.0,3.8,0.0,0,0,0,0.0,715,0,LOW
MED-002,Capsule,Antibiotic (Penicillin),24.2,69.9,20.0,25.0,0.0,0.0,0.0,1.3,0.0,0,0,0,0.0,258,0,LOW
MED-022,Tablet,Antiplatelet / Hematologic,28.1,47.1,15.0,30.0,0.0,0.0,0.0,2.7,0.0,0,0,0,0.0,657,0,LOW
MED-003,Tablet,Antibiotic (Beta-lactamase inhibitor),23.1,26.4,15.0,25.0,0.0,0.0,0.0,3.4,0.0,0,0,0,0.0,483,0,LOW
MED-008,Tablet,Antibiotic (Fluoroquinolone),29.5,48.8,20.0,25.0,0.0,4.5,4.5,17.8,80.1,0,0,0,0.0,487,0,MODERATE
MED-005,Tablet,Antihyperlipidemic (Statin),-3.4,76.0,20.0,25.0,23.4,0.0,23.4,16.5,386.1,0,0,0,0.0,90,0,HIGH
MED-014,Subcutaneous Injection,Endocrine (Hormone),7.8,68.3,2.0,8.0,0.0,0.0,0.0,0.2,0.0,1,1,0,0.0,350,0,LOW
MED-014,Subcutaneous Injection,Endocrine (Hormone),3.9,34.7,2.0,8.0,0.0,0.0,0.0,4.3,0.0,1,1,0,0.0,65,0,LOW
MED-019,Delayed-Release Tablet,Gastrointestinal (PPI),22.7,50.4,20.0,25.0,0.0,0.0,0.0,1.3,0.0,0,0,0,0.0,221,0,LOW
MED-024,Tablet,Corticosteroid / Anti-inflammatory,20.7,44.8,20.0,25.0,0.0,0.0,0.0,3.5,0.0,0,0,0,0.0,559,0,LOW
MED-005,Tablet,Antihyperlipidemic (Statin),46.2,30.6,20.0,25.0,0.0,21.2,21.2,15.0,318.0,0,0,0,0.0,347,0,HIGH
MED-015,Subcutaneous Injection,Endocrine (Hormone),12.0,79.7,2.0,8.0,0.0,4.0,4.0,31.2,124.8,1,1,0,0.0,354,0,HIGH
MED-020,Tablet,Antidepressant (SSRI),26.8,20.9,20.0,25.0,0.0,1.8,1.8,12.4,22.32,0,0,0,0.0,38,1,MODERATE
MED-014,Subcutaneous Injection,Endocrine (Hormone),14.6,81.6,2.0,8.0,0.0,6.6,6.6,21.2,139.92,1,1,0,0.0,428,0,HIGH
MED-013,Tablet,Endocrine (Thyroid Hormone),29.6,49.4,15.0,30.0,0.0,0.0,0.0,6.8,0.0,0,0,0,0.0,25,1,LOW
MED-003,Tablet,Antibiotic (Beta-lactamase inhibitor),23.5,48.5,15.0,25.0,0.0,0.0,0.0,22.9,0.0,0,0,0,0.0,525,0,LOW
MED-011,Tablet,Antihypertensive (ARB),12.3,63.5,15.0,30.0,2.7,0.0,2.7,5.2,14.04,0,0,0,0.0,577,0,LOW
MED-024,Tablet,Corticosteroid / Anti-inflammatory,16.3,23.0,20.0,25.0,3.7,0.0,3.7,3.9,14.43,0,0,0,0.0,352,0,LOW
MED-011,Tablet,Antihypertensive (ARB),45.2,49.8,15.0,30.0,0.0,15.2,15.2,54.1,822.32,0,0,0,0.0,110,0,HIGH
MED-025,Tablet,Diuretic / Antihypertensive,32.6,58.5,15.0,30.0,0.0,2.6,2.6,15.1,39.26,0,0,0,0.0,175,0,MODERATE
MED-013,Tablet,Endocrine (Thyroid Hormone),14.1,71.4,15.0,30.0,0.9,0.0,0.9,18.0,16.2,0,0,0,0.0,168,0,LOW
MED-005,Tablet,Antihyperlipidemic (Statin),38.7,42.1,20.0,25.0,0.0,13.7,13.7,17.8,243.86,0,0,0,0.0,361,0,HIGH
MED-008,Tablet,Antibiotic (Fluoroquinolone),32.5,45.5,20.0,25.0,0.0,7.5,7.5,13.8,103.5,0,0,0,0.0,510,0,MODERATE
MED-011,Tablet,Antihypertensive (ARB),36.4,60.5,15.0,30.0,0.0,6.4,6.4,24.8,158.72,0,0,0,0.0,294,0,HIGH
MED-016,Inhalation Aerosol,Respiratory (Bronchodilator),31.3,23.3,15.0,25.0,0.0,6.3,6.3,4.7,29.61,0,1,0,0.0,433,0,MODERATE
MED-009,Tablet,Analgesic / NSAID,15.6,35.2,20.0,25.0,4.4,0.0,4.4,17.7,77.88,0,0,0,0.0,188,0,MODERATE
MED-025,Tablet,Diuretic / Antihypertensive,43.1,28.6,15.0,30.0,0.0,13.1,13.1,50.9,666.79,0,0,0,0.0,221,0,HIGH
MED-009,Tablet,Analgesic / NSAID,26.8,34.0,20.0,25.0,0.0,1.8,1.8,14.0,25.2,0,0,0,0.0,289,0,MODERATE
MED-019,Delayed-Release Tablet,Gastrointestinal (PPI),23.0,74.1,20.0,25.0,0.0,0.0,0.0,3.9,0.0,0,0,0,0.0,567,0,LOW
MED-024,Tablet,Corticosteroid / Anti-inflammatory,27.5,79.0,20.0,25.0,0.0,2.5,2.5,12.8,32.0,0,0,0,0.0,260,0,MODERATE
MED-025,Tablet,Diuretic / Antihypertensive,13.5,68.7,15.0,30.0,1.5,0.0,1.5,1.6,2.4,0,0,0,0.0,287,0,LOW
MED-007,Tablet,Antibiotic (Macrolide),30.7,60.4,15.0,30.0,0.0,0.7,0.7,13.6,9.52,0,0,0,0.0,402,0,LOW
MED-014,Subcutaneous Injection,Endocrine (Hormone),6.4,36.6,2.0,8.0,0.0,0.0,0.0,12.0,0.0,1,1,0,0.0,501,0,LOW
MED-011,Tablet,Antihypertensive (ARB),15.5,67.8,15.0,30.0,0.0,0.0,0.0,14.6,0.0,0,0,0,0.0,562,0,LOW
MED-013,Tablet,Endocrine (Thyroid Hormone),15.6,44.3,15.0,30.0,0.0,0.0,0.0,0.8,0.0,0,0,0,0.0,34,1,LOW
MED-001,Tablet,Analgesic / Antipyretic,18.3,83.9,20.0,25.0,1.7,0.0,1.7,18.1,30.77,0,0,0,0.0,581,0,MODERATE
MED-023,Capsule,Anticonvulsant / Neuropathic,11.2,58.6,15.0,30.0,3.8,0.0,3.8,6.2,23.56,0,0,0,0.0,584,0,MODERATE
MED-024,Tablet,Corticosteroid / Anti-inflammatory,26.5,54.9,20.0,25.0,0.0,1.5,1.5,17.5,26.25,0,0,0,0.0,158,0,MODERATE
MED-002,Capsule,Antibiotic (Penicillin),21.6,53.9,20.0,25.0,0.0,0.0,0.0,2.8,0.0,0,0,0,0.0,694,0,LOW
MED-009,Tablet,Analgesic / NSAID,28.5,44.7,20.0,25.0,0.0,3.5,3.5,30.4,106.4,0,0,0,0.0,162,0,MODERATE
MED-020,Tablet,Antidepressant (SSRI),-2.4,42.4,20.0,25.0,22.4,0.0,22.4,23.7,530.88,0,0,0,0.0,30,1,HIGH
MED-020,Tablet,Antidepressant (SSRI),21.0,76.2,20.0,25.0,0.0,0.0,0.0,19.0,0.0,0,0,0,0.0,433,0,LOW
MED-009,Tablet,Analgesic / NSAID,29.4,73.9,20.0,25.0,0.0,4.4,4.4,9.7,42.68,0,0,0,0.0,449,0,MODERATE
MED-006,Delayed-Release Capsule,Gastrointestinal (PPI),11.0,26.6,15.0,30.0,4.0,0.0,4.0,20.8,83.2,0,0,0,0.0,364,0,MODERATE
MED-009,Tablet,Analgesic / NSAID,25.7,50.5,20.0,25.0,0.0,0.7,0.7,4.5,3.15,0,0,0,0.0,247,0,LOW
MED-013,Tablet,Endocrine (Thyroid Hormone),11.4,73.6,15.0,30.0,3.6,0.0,3.6,5.2,18.72,0,0,0,0.0,173,0,LOW
MED-025,Tablet,Diuretic / Antihypertensive,29.4,41.6,15.0,30.0,0.0,0.0,0.0,14.7,0.0,0,0,0,0.0,540,0,LOW
MED-024,Tablet,Corticosteroid / Anti-inflammatory,22.5,47.7,20.0,25.0,0.0,0.0,0.0,1.5,0.0,0,0,0,0.0,434,0,LOW
MED-011,Tablet,Antihypertensive (ARB),32.6,74.2,15.0,30.0,0.0,2.6,2.6,15.4,40.04,0,0,0,0.0,415,0,MODERATE
MED-011,Tablet,Antihypertensive (ARB),15.6,70.6,15.0,30.0,0.0,0.0,0.0,4.0,0.0,0,0,0,0.0,493,0,LOW
MED-019,Delayed-Release Tablet,Gastrointestinal (PPI),28.8,56.8,20.0,25.0,0.0,3.8,3.8,6.4,24.32,0,0,0,0.0,63,0,MODERATE
MED-011,Tablet,Antihypertensive (ARB),35.5,31.7,15.0,30.0,0.0,5.5,5.5,14.9,81.95,0,0,0,0.0,339,0,MODERATE
MED-006,Delayed-Release Capsule,Gastrointestinal (PPI),15.2,20.7,15.0,30.0,0.0,0.0,0.0,0.5,0.0,0,0,0,0.0,152,0,LOW
MED-022,Tablet,Antiplatelet / Hematologic,20.3,22.9,15.0,30.0,0.0,0.0,0.0,2.6,0.0,0,0,0,0.0,710,0,LOW
MED-003,Tablet,Antibiotic (Beta-lactamase inhibitor),35.1,21.2,15.0,25.0,0.0,10.1,10.1,62.6,632.26,0,0,0,0.0,273,0,HIGH
MED-016,Inhalation Aerosol,Respiratory (Bronchodilator),22.8,34.5,15.0,25.0,0.0,0.0,0.0,1.5,0.0,0,1,0,0.0,699,0,LOW
MED-020,Tablet,Antidepressant (SSRI),22.3,20.3,20.0,25.0,0.0,0.0,0.0,1.6,0.0,0,0,0,0.0,229,0,LOW
MED-016,Inhalation Aerosol,Respiratory (Bronchodilator),25.9,76.3,15.0,25.0,0.0,0.9,0.9,17.3,15.57,0,1,0,0.0,395,0,LOW
MED-003,Tablet,Antibiotic (Beta-lactamase inhibitor),28.5,67.1,15.0,25.0,0.0,3.5,3.5,7.5,26.25,0,0,0,0.0,497,0,MODERATE
MED-016,Inhalation Aerosol,Respiratory (Bronchodilator),15.8,69.5,15.0,25.0,0.0,0.0,0.0,0.1,0.0,0,1,0,0.0,201,0,LOW
MED-016,Inhalation Aerosol,Respiratory (Bronchodilator),16.1,23.0,15.0,25.0,0.0,0.0,0.0,1.6,0.0,0,1,0,0.0,529,0,LOW
MED-017,Nasal Spray Suspension,Corticosteroid / Allergy,15.6,78.4,4.0,30.0,0.0,0.0,0.0,0.2,0.0,0,1,0,0.0,550,0,LOW
MED-017,Nasal Spray Suspension,Corticosteroid / Allergy,0.3,31.2,4.0,30.0,3.7,0.0,3.7,18.0,66.6,0,1,0,0.0,553,0,MODERATE
MED-004,Tablet,Antidiabetic (Biguanide),26.3,38.2,20.0,25.0,0.0,1.3,1.3,10.9,14.17,0,0,0,0.0,440,0,LOW
MED-014,Subcutaneous Injection,Endocrine (Hormone),25.3,68.0,2.0,8.0,0.0,17.3,17.3,25.9,448.07,1,1,0,0.0,43,0,HIGH
MED-022,Tablet,Antiplatelet / Hematologic,43.0,36.6,15.0,30.0,0.0,13.0,13.0,30.5,396.5,0,0,0,0.0,256,0,HIGH
MED-002,Capsule,Antibiotic (Penicillin),30.4,34.0,20.0,25.0,0.0,5.4,5.4,16.2,87.48,0,0,0,0.0,494,0,MODERATE
MED-019,Delayed-Release Tablet,Gastrointestinal (PPI),31.9,77.9,20.0,25.0,0.0,6.9,6.9,2.4,16.56,0,0,0,0.0,167,0,MODERATE
MED-002,Capsule,Antibiotic (Penicillin),26.4,36.8,20.0,25.0,0.0,1.4,1.4,4.2,5.88,0,0,0,0.0,118,0,LOW
MED-010,Tablet,Antihistamine,35.9,59.6,20.0,25.0,0.0,10.9,10.9,40.4,440.36,0,0,0,0.0,168,0,HIGH
MED-018,Capsule,Antibiotic (Tetracycline),35.4,29.1,20.0,25.0,0.0,10.4,10.4,59.1,614.64,0,0,0,0.0,328,0,HIGH
MED-008,Tablet,Antibiotic (Fluoroquinolone),32.8,62.6,20.0,25.0,0.0,7.8,7.8,29.0,226.2,0,0,0,0.0,547,0,HIGH
MED-018,Capsule,Antibiotic (Tetracycline),21.6,48.8,20.0,25.0,0.0,0.0,0.0,3.0,0.0,0,0,0,0.0,639,0,LOW
MED-019,Delayed-Release Tablet,Gastrointestinal (PPI),19.5,22.4,20.0,25.0,0.5,0.0,0.5,9.3,4.65,0,0,0,0.0,71,0,LOW
MED-019,Delayed-Release Tablet,Gastrointestinal (PPI),25.8,68.1,20.0,25.0,0.0,0.8,0.8,30.9,24.72,0,0,0,0.0,29,1,MODERATE
MED-012,Tablet,Antihypertensive (CCB),47.4,41.0,15.0,30.0,0.0,17.4,17.4,67.0,1165.8,0,0,0,0.0,127,0,HIGH
MED-025,Tablet,Diuretic / Antihypertensive,16.4,22.2,15.0,30.0,0.0,0.0,0.0,23.5,0.0,0,0,0,0.0,568,0,LOW
MED-022,Tablet,Antiplatelet / Hematologic,35.4,34.6,15.0,30.0,0.0,5.4,5.4,10.4,56.16,0,0,0,0.0,491,0,MODERATE
MED-019,Delayed-Release Tablet,Gastrointestinal (PPI),24.6,79.2,20.0,25.0,0.0,0.0,0.0,3.1,0.0,0,0,0,0.0,524,0,LOW
MED-013,Tablet,Endocrine (Thyroid Hormone),11.1,28.3,15.0,30.0,3.9,0.0,3.9,5.5,21.45,0,0,0,0.0,430,0,MODERATE
MED-023,Capsule,Anticonvulsant / Neuropathic,40.0,21.9,15.0,30.0,0.0,10.0,10.0,27.0,270.0,0,0,0,0.0,10,1,HIGH
MED-014,Subcutaneous Injection,Endocrine (Hormone),-2.0,58.5,2.0,8.0,4.0,0.0,4.0,5.4,21.6,1,1,0,0.0,177,0,HIGH
MED-021,Tablet,Respiratory (Leukotriene Antagonist),47.3,73.0,15.0,30.0,0.0,17.3,17.3,40.5,700.65,0,0,0,0.0,305,0,HIGH
MED-009,Tablet,Analgesic / NSAID,16.1,48.9,20.0,25.0,3.9,0.0,3.9,14.3,55.77,0,0,0,0.0,102,0,MODERATE
MED-009,Tablet,Analgesic / NSAID,29.6,48.0,20.0,25.0,0.0,4.6,4.6,8.1,37.26,0,0,0,0.0,162,0,MODERATE
MED-013,Tablet,Endocrine (Thyroid Hormone),33.8,64.6,15.0,30.0,0.0,3.8,3.8,6.1,23.18,0,0,0,0.0,259,0,MODERATE
MED-002,Capsule,Antibiotic (Penicillin),4.9,27.5,20.0,25.0,15.1,0.0,15.1,61.9,934.69,0,0,0,0.0,110,0,HIGH
MED-024,Tablet,Corticosteroid / Anti-inflammatory,25.5,24.4,20.0,25.0,0.0,0.5,0.5,10.8,5.4,0,0,0,0.0,265,0,LOW
MED-010,Tablet,Antihistamine,29.6,73.8,20.0,25.0,0.0,4.6,4.6,15.6,71.76,0,0,0,0.0,89,0,MODERATE
MED-018,Capsule,Antibiotic (Tetracycline),23.2,22.5,20.0,25.0,0.0,0.0,0.0,2.8,0.0,0,0,0,0.0,567,0,LOW
MED-020,Tablet,Antidepressant (SSRI),17.0,48.3,20.0,25.0,3.0,0.0,3.0,3.1,9.3,0,0,0,0.0,275,0,LOW
MED-023,Capsule,Anticonvulsant / Neuropathic,41.6,68.6,15.0,30.0,0.0,11.6,11.6,57.5,667.0,0,0,0,0.0,165,0,HIGH
MED-008,Tablet,Antibiotic (Fluoroquinolone),21.9,61.5,20.0,25.0,0.0,0.0,0.0,1.0,0.0,0,0,0,0.0,536,0,LOW
MED-019,Delayed-Release Tablet,Gastrointestinal (PPI),16.5,34.9,20.0,25.0,3.5,0.0,3.5,21.2,74.2,0,0,0,0.0,120,0,MODERATE
MED-020,Tablet,Antidepressant (SSRI),30.7,66.3,20.0,25.0,0.0,5.7,5.7,2.6,14.82,0,0,0,0.0,453,0,MODERATE
MED-014,Subcutaneous Injection,Endocrine (Hormone),15.9,68.0,2.0,8.0,0.0,7.9,7.9,13.5,106.65,1,1,0,0.0,353,0,HIGH
MED-004,Tablet,Antidiabetic (Biguanide),20.5,26.2,20.0,25.0,0.0,0.0,0.0,22.7,0.0,0,0,0,0.0,483,0,LOW
MED-001,Tablet,Analgesic / Antipyretic,17.3,25.5,20.0,25.0,2.7,0.0,2.7,8.4,22.68,0,0,0,0.0,504,0,MODERATE
MED-014,Subcutaneous Injection,Endocrine (Hormone),9.3,26.2,2.0,8.0,0.0,1.3,1.3,12.3,15.99,1,1,0,0.0,300,0,MODERATE
MED-022,Tablet,Antiplatelet / Hematologic,32.9,45.7,15.0,30.0,0.0,2.9,2.9,2.3,6.67,0,0,0,0.0,69,0,LOW
MED-009,Tablet,Analgesic / NSAID,37.1,53.4,20.0,25.0,0.0,12.1,12.1,26.5,320.65,0,0,0,0.0,327,0,HIGH
MED-018,Capsule,Antibiotic (Tetracycline),23.2,73.7,20.0,25.0,0.0,0.0,0.0,3.6,0.0,0,0,0,0.0,260,0,LOW
MED-002,Capsule,Antibiotic (Penicillin),39.7,48.0,20.0,25.0,0.0,14.7,14.7,33.4,490.98,0,0,0,0.0,118,0,HIGH
MED-014,Subcutaneous Injection,Endocrine (Hormone),-2.0,69.9,2.0,8.0,4.0,0.0,4.0,22.4,89.6,1,1,0,0.0,499,0,HIGH
MED-007,Tablet,Antibiotic (Macrolide),30.0,38.3,15.0,30.0,0.0,0.0,0.0,28.8,0.0,0,0,0,0.0,23,1,LOW
MED-001,Tablet,Analgesic / Antipyretic,28.4,57.9,20.0,25.0,0.0,3.4,3.4,16.6,56.44,0,0,0,0.0,99,0,MODERATE
MED-009,Tablet,Analgesic / NSAID,43.0,59.9,20.0,25.0,0.0,18.0,18.0,43.6,784.8,0,0,0,0.0,130,0,HIGH
MED-009,Tablet,Analgesic / NSAID,19.2,45.6,20.0,25.0,0.8,0.0,0.8,22.6,18.08,0,0,0,0.0,144,0,LOW
MED-011,Tablet,Antihypertensive (ARB),32.6,66.7,15.0,30.0,0.0,2.6,2.6,6.5,16.9,0,0,0,0.0,477,0,LOW
MED-012,Tablet,Antihypertensive (CCB),29.5,38.0,15.0,30.0,0.0,0.0,0.0,24.7,0.0,0,0,0,0.0,80,0,LOW
MED-009,Tablet,Analgesic / NSAID,40.9,80.2,20.0,25.0,0.0,15.9,15.9,45.8,728.22,0,0,0,0.0,276,0,HIGH
MED-024,Tablet,Corticosteroid / Anti-inflammatory,-0.8,70.1,20.0,25.0,20.8,0.0,20.8,9.4,195.52,0,0,0,0.0,195,0,HIGH
MED-002,Capsule,Antibiotic (Penicillin),3.9,67.9,20.0,25.0,16.1,0.0,16.1,17.8,286.58,0,0,0,0.0,194,0,HIGH
MED-004,Tablet,Antidiabetic (Biguanide),22.2,50.4,20.0,25.0,0.0,0.0,0.0,1.7,0.0,0,0,0,0.0,704,0,LOW
MED-003,Tablet,Antibiotic (Beta-lactamase inhibitor),17.6,62.6,15.0,25.0,0.0,0.0,0.0,0.6,0.0,0,0,0,0.0,136,0,LOW
MED-019,Delayed-Release Tablet,Gastrointestinal (PPI),23.1,30.9,20.0,25.0,0.0,0.0,0.0,2.0,0.0,0,0,0,0.0,216,0,LOW
MED-010,Tablet,Antihistamine,28.8,26.6,20.0,25.0,0.0,3.8,3.8,17.7,67.26,0,0,0,0.0,407,0,MODERATE
MED-025,Tablet,Diuretic / Antihypertensive,16.5,25.2,15.0,30.0,0.0,0.0,0.0,19.5,0.0,0,0,0,0.0,29,1,LOW
MED-019,Delayed-Release Tablet,Gastrointestinal (PPI),22.8,73.2,20.0,25.0,0.0,0.0,0.0,3.4,0.0,0,0,0,0.0,262,0,LOW
MED-025,Tablet,Diuretic / Antihypertensive,29.0,44.4,15.0,30.0,0.0,0.0,0.0,9.6,0.0,0,0,0,0.0,331,0,LOW
MED-018,Capsule,Antibiotic (Tetracycline),22.5,54.7,20.0,25.0,0.0,0.0,0.0,2.6,0.0,0,0,0,0.0,441,0,LOW
MED-024,Tablet,Corticosteroid / Anti-inflammatory,35.3,63.7,20.0,25.0,0.0,10.3,10.3,36.4,374.92,0,0,0,0.0,304,0,HIGH
MED-011,Tablet,Antihypertensive (ARB),28.2,42.1,15.0,30.0,0.0,0.0,0.0,10.4,0.0,0,0,0,0.0,361,0,LOW
MED-012,Tablet,Antihypertensive (CCB),42.6,66.2,15.0,30.0,0.0,12.6,12.6,37.1,467.46,0,0,0,0.0,298,0,HIGH
MED-015,Subcutaneous Injection,Endocrine (Hormone),-2.7,25.2,2.0,8.0,4.7,0.0,4.7,14.1,66.27,1,1,0,0.0,57,0,HIGH
MED-006,Delayed-Release Capsule,Gastrointestinal (PPI),17.5,37.4,15.0,30.0,0.0,0.0,0.0,1.1,0.0,0,0,0,0.0,419,0,LOW
MED-021,Tablet,Respiratory (Leukotriene Antagonist),27.2,70.0,15.0,30.0,0.0,0.0,0.0,2.3,0.0,0,0,0,0.0,61,0,LOW
MED-012,Tablet,Antihypertensive (CCB),13.1,28.4,15.0,30.0,1.9,0.0,1.9,2.4,4.56,0,0,0,0.0,549,0,LOW
MED-004,Tablet,Antidiabetic (Biguanide),20.0,64.7,20.0,25.0,0.0,0.0,0.0,2.6,0.0,0,0,0,0.0,562,0,LOW
MED-016,Inhalation Aerosol,Respiratory (Bronchodilator),46.1,72.5,15.0,25.0,0.0,21.1,21.1,56.0,1181.6,0,1,0,0.0,93,0,HIGH
MED-019,Delayed-Release Tablet,Gastrointestinal (PPI),26.3,41.7,20.0,25.0,0.0,1.3,1.3,19.7,25.61,0,0,0,0.0,438,0,MODERATE
MED-025,Tablet,Diuretic / Antihypertensive,15.1,62.1,15.0,30.0,0.0,0.0,0.0,3.6,0.0,0,0,0,0.0,728,0,LOW
MED-003,Tablet,Antibiotic (Beta-lactamase inhibitor),29.5,79.1,15.0,25.0,0.0,4.5,4.5,16.4,73.8,0,0,0,0.0,372,0,MODERATE
MED-019,Delayed-Release Tablet,Gastrointestinal (PPI),26.1,55.4,20.0,25.0,0.0,1.1,1.1,27.9,30.69,0,0,0,0.0,595,0,MODERATE
MED-024,Tablet,Corticosteroid / Anti-inflammatory,24.1,58.1,20.0,25.0,0.0,0.0,0.0,2.2,0.0,0,0,0,0.0,411,0,LOW
MED-009,Tablet,Analgesic / NSAID,23.2,29.9,20.0,25.0,0.0,0.0,0.0,26.0,0.0,0,0,0,0.0,26,1,LOW
MED-003,Tablet,Antibiotic (Beta-lactamase inhibitor),13.6,47.3,15.0,25.0,1.4,0.0,1.4,14.5,20.3,0,0,0,0.0,550,0,MODERATE
MED-010,Tablet,Antihistamine,27.6,21.4,20.0,25.0,0.0,2.6,2.6,8.4,21.84,0,0,0,0.0,525,0,MODERATE
MED-004,Tablet,Antidiabetic (Biguanide),24.4,68.3,20.0,25.0,0.0,0.0,0.0,22.5,0.0,0,0,0,0.0,447,0,LOW
MED-007,Tablet,Antibiotic (Macrolide),35.4,47.0,15.0,30.0,0.0,5.4,5.4,13.9,75.06,0,0,0,0.0,387,0,MODERATE
MED-004,Tablet,Antidiabetic (Biguanide),27.9,22.3,20.0,25.0,0.0,2.9,2.9,6.1,17.69,0,0,0,0.0,482,0,LOW
MED-001,Tablet,Analgesic / Antipyretic,21.7,45.1,20.0,25.0,0.0,0.0,0.0,12.1,0.0,0,0,0,0.0,425,0,LOW
MED-008,Tablet,Antibiotic (Fluoroquinolone),24.2,81.8,20.0,25.0,0.0,0.0,0.0,2.3,0.0,0,0,0,0.0,720,0,LOW
MED-022,Tablet,Antiplatelet / Hematologic,41.3,75.5,15.0,30.0,0.0,11.3,11.3,70.0,791.0,0,0,0,0.0,103,0,HIGH
MED-015,Subcutaneous Injection,Endocrine (Hormone),3.6,64.7,2.0,8.0,0.0,0.0,0.0,3.7,0.0,1,1,0,0.0,418,0,LOW
MED-004,Tablet,Antidiabetic (Biguanide),28.0,48.8,20.0,25.0,0.0,3.0,3.0,15.6,46.8,0,0,0,0.0,211,0,MODERATE
MED-017,Nasal Spray Suspension,Corticosteroid / Allergy,32.2,28.0,4.0,30.0,0.0,2.2,2.2,10.8,23.76,0,1,0,0.0,133,0,MODERATE
MED-024,Tablet,Corticosteroid / Anti-inflammatory,29.0,72.9,20.0,25.0,0.0,4.0,4.0,1.5,6.0,0,0,0,0.0,422,0,LOW
MED-018,Capsule,Antibiotic (Tetracycline),27.2,26.2,20.0,25.0,0.0,2.2,2.2,1.7,3.74,0,0,0,0.0,527,0,LOW
MED-022,Tablet,Antiplatelet / Hematologic,32.5,49.8,15.0,30.0,0.0,2.5,2.5,23.1,57.75,0,0,0,0.0,307,0,MODERATE
MED-013,Tablet,Endocrine (Thyroid Hormone),11.8,56.4,15.0,30.0,3.2,0.0,3.2,5.3,16.96,0,0,0,0.0,306,0,LOW
MED-018,Capsule,Antibiotic (Tetracycline),30.5,36.1,20.0,25.0,0.0,5.5,5.5,12.6,69.3,0,0,0,0.0,42,1,HIGH
MED-006,Delayed-Release Capsule,Gastrointestinal (PPI),24.7,20.9,15.0,30.0,0.0,0.0,0.0,2.9,0.0,0,0,0,0.0,499,0,LOW
MED-013,Tablet,Endocrine (Thyroid Hormone),32.4,79.9,15.0,30.0,0.0,2.4,2.4,6.6,15.84,0,0,0,0.0,90,0,LOW
MED-013,Tablet,Endocrine (Thyroid Hormone),21.3,71.8,15.0,30.0,0.0,0.0,0.0,2.6,0.0,0,0,0,0.0,170,0,LOW
MED-009,Tablet,Analgesic / NSAID,28.6,34.8,20.0,25.0,0.0,3.6,3.6,6.9,24.84,0,0,0,0.0,485,0,MODERATE
MED-013,Tablet,Endocrine (Thyroid Hormone),40.7,42.1,15.0,30.0,0.0,10.7,10.7,54.6,584.22,0,0,0,0.0,138,0,HIGH
MED-013,Tablet,Endocrine (Thyroid Hormone),14.1,43.2,15.0,30.0,0.9,0.0,0.9,14.1,12.69,0,0,0,0.0,255,0,LOW
MED-021,Tablet,Respiratory (Leukotriene Antagonist),19.0,57.2,15.0,30.0,0.0,0.0,0.0,0.8,0.0,0,0,0,0.0,620,0,LOW
MED-001,Tablet,Analgesic / Antipyretic,24.4,58.3,20.0,25.0,0.0,0.0,0.0,1.0,0.0,0,0,0,0.0,652,0,LOW
MED-017,Nasal Spray Suspension,Corticosteroid / Allergy,1.1,23.8,4.0,30.0,2.9,0.0,2.9,70.8,205.32,0,1,0,0.0,136,0,HIGH
MED-015,Subcutaneous Injection,Endocrine (Hormone),0.8,40.9,2.0,8.0,1.2,0.0,1.2,4.5,5.4,1,1,0,0.0,556,0,MODERATE
MED-021,Tablet,Respiratory (Leukotriene Antagonist),32.4,62.3,15.0,30.0,0.0,2.4,2.4,2.8,6.72,0,0,0,0.0,274,0,LOW
MED-009,Tablet,Analgesic / NSAID,21.1,38.2,20.0,25.0,0.0,0.0,0.0,17.3,0.0,0,0,0,0.0,333,0,LOW
MED-012,Tablet,Antihypertensive (CCB),33.5,25.5,15.0,30.0,0.0,3.5,3.5,4.1,14.35,0,0,0,0.0,145,0,LOW
MED-004,Tablet,Antidiabetic (Biguanide),20.9,49.7,20.0,25.0,0.0,0.0,0.0,1.3,0.0,0,0,0,0.0,579,0,LOW
MED-007,Tablet,Antibiotic (Macrolide),34.2,77.3,15.0,30.0,0.0,4.2,4.2,5.5,23.1,0,0,0,0.0,363,0,MODERATE
MED-002,Capsule,Antibiotic (Penicillin),26.1,74.8,20.0,25.0,0.0,1.1,1.1,4.4,4.84,0,0,0,0.0,114,0,LOW
MED-013,Tablet,Endocrine (Thyroid Hormone),30.6,48.3,15.0,30.0,0.0,0.6,0.6,2.2,1.32,0,0,0,0.0,502,0,LOW
MED-023,Capsule,Anticonvulsant / Neuropathic,34.4,47.1,15.0,30.0,0.0,4.4,4.4,14.8,65.12,0,0,0,0.0,297,0,MODERATE
MED-019,Delayed-Release Tablet,Gastrointestinal (PPI),45.4,64.6,20.0,25.0,0.0,20.4,20.4,58.2,1187.28,0,0,0,0.0,284,0,HIGH
MED-001,Tablet,Analgesic / Antipyretic,24.4,46.7,20.0,25.0,0.0,0.0,0.0,1.7,0.0,0,0,0,0.0,356,0,LOW
MED-024,Tablet,Corticosteroid / Anti-inflammatory,29.0,53.2,20.0,25.0,0.0,4.0,4.0,17.3,69.2,0,0,0,0.0,399,0,MODERATE
MED-012,Tablet,Antihypertensive (CCB),43.5,50.2,15.0,30.0,0.0,13.5,13.5,71.0,958.5,0,0,0,0.0,364,0,HIGH
MED-004,Tablet,Antidiabetic (Biguanide),24.8,26.7,20.0,25.0,0.0,0.0,0.0,2.2,0.0,0,0,0,0.0,45,1,LOW
MED-002,Capsule,Antibiotic (Penicillin),35.8,51.6,20.0,25.0,0.0,10.8,10.8,44.6,481.68,0,0,0,0.0,225,0,HIGH
MED-008,Tablet,Antibiotic (Fluoroquinolone),16.8,24.4,20.0,25.0,3.2,0.0,3.2,11.8,37.76,0,0,0,0.0,212,0,MODERATE
MED-025,Tablet,Diuretic / Antihypertensive,46.8,53.4,15.0,30.0,0.0,16.8,16.8,30.8,517.44,0,0,0,0.0,66,0,HIGH
MED-020,Tablet,Antidepressant (SSRI),22.9,44.8,20.0,25.0,0.0,0.0,0.0,2.8,0.0,0,0,0,0.0,678,0,LOW
MED-025,Tablet,Diuretic / Antihypertensive,34.7,69.2,15.0,30.0,0.0,4.7,4.7,11.5,54.05,0,0,0,0.0,380,0,MODERATE
MED-001,Tablet,Analgesic / Antipyretic,23.0,70.6,20.0,25.0,0.0,0.0,0.0,17.9,0.0,0,0,0,0.0,210,0,LOW
MED-025,Tablet,Diuretic / Antihypertensive,46.3,31.1,15.0,30.0,0.0,16.3,16.3,52.0,847.6,0,0,0,0.0,333,0,HIGH
MED-001,Tablet,Analgesic / Antipyretic,24.1,38.2,20.0,25.0,0.0,0.0,0.0,1.2,0.0,0,0,0,0.0,375,0,LOW
MED-013,Tablet,Endocrine (Thyroid Hormone),11.7,44.1,15.0,30.0,3.3,0.0,3.3,20.1,66.33,0,0,0,0.0,415,0,MODERATE
MED-015,Subcutaneous Injection,Endocrine (Hormone),15.4,79.5,2.0,8.0,0.0,7.4,7.4,1.3,9.62,1,1,0,0.0,205,0,MODERATE
MED-006,Delayed-Release Capsule,Gastrointestinal (PPI),15.0,62.4,15.0,30.0,0.0,0.0,0.0,21.0,0.0,0,0,0,0.0,239,0,LOW
MED-018,Capsule,Antibiotic (Tetracycline),30.6,58.4,20.0,25.0,0.0,5.6,5.6,23.1,129.36,0,0,0,0.0,247,0,HIGH
MED-015,Subcutaneous Injection,Endocrine (Hormone),14.0,27.9,2.0,8.0,0.0,6.0,6.0,7.8,46.8,1,1,0,0.0,267,0,MODERATE
MED-007,Tablet,Antibiotic (Macrolide),30.6,81.0,15.0,30.0,0.0,0.6,0.6,3.5,2.1,0,0,0,0.0,32,1,LOW
MED-022,Tablet,Antiplatelet / Hematologic,-0.5,81.4,15.0,30.0,15.5,0.0,15.5,15.6,241.8,0,0,0,0.0,41,1,HIGH
MED-014,Subcutaneous Injection,Endocrine (Hormone),8.6,53.3,2.0,8.0,0.0,0.6,0.6,28.6,17.16,1,1,0,0.0,194,0,MODERATE
MED-005,Tablet,Antihyperlipidemic (Statin),31.7,48.3,20.0,25.0,0.0,6.7,6.7,1.0,6.7,0,0,0,0.0,19,1,MODERATE
MED-025,Tablet,Diuretic / Antihypertensive,43.8,29.8,15.0,30.0,0.0,13.8,13.8,59.3,818.34,0,0,0,0.0,84,0,HIGH
MED-003,Tablet,Antibiotic (Beta-lactamase inhibitor),45.0,77.9,15.0,25.0,0.0,20.0,20.0,9.0,180.0,0,0,0,0.0,186,0,HIGH
MED-008,Tablet,Antibiotic (Fluoroquinolone),34.2,40.9,20.0,25.0,0.0,9.2,9.2,52.4,482.08,0,0,0,0.0,168,0,HIGH
MED-002,Capsule,Antibiotic (Penicillin),24.5,65.6,20.0,25.0,0.0,0.0,0.0,2.1,0.0,0,0,0,0.0,267,0,LOW
MED-011,Tablet,Antihypertensive (ARB),32.6,66.0,15.0,30.0,0.0,2.6,2.6,26.9,69.94,0,0,0,0.0,337,0,MODERATE
MED-008,Tablet,Antibiotic (Fluoroquinolone),22.0,67.8,20.0,25.0,0.0,0.0,0.0,0.2,0.0,0,0,0,0.0,467,0,LOW
MED-024,Tablet,Corticosteroid / Anti-inflammatory,29.8,24.4,20.0,25.0,0.0,4.8,4.8,9.7,46.56,0,0,0,0.0,422,0,MODERATE
MED-006,Delayed-Release Capsule,Gastrointestinal (PPI),19.4,64.8,15.0,30.0,0.0,0.0,0.0,3.7,0.0,0,0,0,0.0,462,0,LOW
MED-019,Delayed-Release Tablet,Gastrointestinal (PPI),22.5,79.5,20.0,25.0,0.0,0.0,0.0,3.9,0.0,0,0,0,0.0,311,0,LOW
MED-025,Tablet,Diuretic / Antihypertensive,33.0,38.9,15.0,30.0,0.0,3.0,3.0,4.1,12.3,0,0,0,0.0,189,0,LOW
MED-010,Tablet,Antihistamine,23.4,74.4,20.0,25.0,0.0,0.0,0.0,34.0,0.0,0,0,0,0.0,385,0,LOW
MED-018,Capsule,Antibiotic (Tetracycline),21.0,38.0,20.0,25.0,0.0,0.0,0.0,3.0,0.0,0,0,0,0.0,219,0,LOW
MED-005,Tablet,Antihyperlipidemic (Statin),40.9,78.5,20.0,25.0,0.0,15.9,15.9,37.6,597.84,0,0,0,0.0,324,0,HIGH
MED-008,Tablet,Antibiotic (Fluoroquinolone),45.1,58.9,20.0,25.0,0.0,20.1,20.1,29.5,592.95,0,0,0,0.0,151,0,HIGH
MED-025,Tablet,Diuretic / Antihypertensive,-3.7,80.1,15.0,30.0,18.7,0.0,18.7,46.2,863.94,0,0,0,0.0,217,0,HIGH
MED-001,Tablet,Analgesic / Antipyretic,39.8,32.4,20.0,25.0,0.0,14.8,14.8,17.1,253.08,0,0,0,0.0,54,1,HIGH
MED-020,Tablet,Antidepressant (SSRI),26.4,39.9,20.0,25.0,0.0,1.4,1.4,2.9,4.06,0,0,0,0.0,283,0,LOW
MED-003,Tablet,Antibiotic (Beta-lactamase inhibitor),23.3,44.9,15.0,25.0,0.0,0.0,0.0,8.0,0.0,0,0,0,0.0,82,0,LOW
MED-002,Capsule,Antibiotic (Penicillin),24.7,73.4,20.0,25.0,0.0,0.0,0.0,1.9,0.0,0,0,0,0.0,288,0,LOW
MED-025,Tablet,Diuretic / Antihypertensive,27.7,82.4,15.0,30.0,0.0,0.0,0.0,3.4,0.0,0,0,0,0.0,143,0,LOW
MED-008,Tablet,Antibiotic (Fluoroquinolone),23.9,58.3,20.0,25.0,0.0,0.0,0.0,1.5,0.0,0,0,0,0.0,523,0,LOW
MED-012,Tablet,Antihypertensive (CCB),11.0,67.7,15.0,30.0,4.0,0.0,4.0,3.6,14.4,0,0,0,0.0,119,0,LOW
MED-019,Delayed-Release Tablet,Gastrointestinal (PPI),26.2,36.3,20.0,25.0,0.0,1.2,1.2,33.8,40.56,0,0,0,0.0,96,0,MODERATE
MED-012,Tablet,Antihypertensive (CCB),12.0,46.8,15.0,30.0,3.0,0.0,3.0,17.3,51.9,0,0,0,0.0,207,0,MODERATE
MED-005,Tablet,Antihyperlipidemic (Statin),26.6,66.1,20.0,25.0,0.0,1.6,1.6,8.9,14.24,0,0,0,0.0,460,0,LOW
MED-024,Tablet,Corticosteroid / Anti-inflammatory,42.3,69.8,20.0,25.0,0.0,17.3,17.3,70.0,1211.0,0,0,0,0.0,14,1,HIGH
MED-023,Capsule,Anticonvulsant / Neuropathic,47.7,49.1,15.0,30.0,0.0,17.7,17.7,12.0,212.4,0,0,0,0.0,70,0,HIGH
MED-013,Tablet,Endocrine (Thyroid Hormone),38.4,68.3,15.0,30.0,0.0,8.4,8.4,59.5,499.8,0,0,0,0.0,109,0,HIGH
MED-021,Tablet,Respiratory (Leukotriene Antagonist),30.9,56.4,15.0,30.0,0.0,0.9,0.9,12.8,11.52,0,0,0,0.0,236,0,LOW
MED-007,Tablet,Antibiotic (Macrolide),39.4,39.2,15.0,30.0,0.0,9.4,9.4,57.3,538.62,0,0,0,0.0,318,0,HIGH
MED-025,Tablet,Diuretic / Antihypertensive,34.5,79.0,15.0,30.0,0.0,4.5,4.5,12.0,54.0,0,0,0,0.0,237,0,MODERATE
MED-010,Tablet,Antihistamine,20.8,43.7,20.0,25.0,0.0,0.0,0.0,8.6,0.0,0,0,0,0.0,487,0,LOW
MED-013,Tablet,Endocrine (Thyroid Hormone),3.3,62.7,15.0,30.0,11.7,0.0,11.7,56.8,664.56,0,0,0,0.0,152,0,HIGH
MED-010,Tablet,Antihistamine,20.3,63.8,20.0,25.0,0.0,0.0,0.0,20.3,0.0,0,0,0,0.0,322,0,LOW
MED-003,Tablet,Antibiotic (Beta-lactamase inhibitor),23.3,26.3,15.0,25.0,0.0,0.0,0.0,0.4,0.0,0,0,0,0.0,123,0,LOW
MED-002,Capsule,Antibiotic (Penicillin),44.4,52.1,20.0,25.0,0.0,19.4,19.4,42.1,816.74,0,0,0,0.0,177,0,HIGH
MED-013,Tablet,Endocrine (Thyroid Hormone),35.7,48.0,15.0,30.0,0.0,5.7,5.7,7.8,44.46,0,0,0,0.0,46,1,HIGH
MED-005,Tablet,Antihyperlipidemic (Statin),28.3,35.4,20.0,25.0,0.0,3.3,3.3,14.3,47.19,0,0,0,0.0,191,0,MODERATE
MED-018,Capsule,Antibiotic (Tetracycline),20.9,37.5,20.0,25.0,0.0,0.0,0.0,0.4,0.0,0,0,0,0.0,52,1,LOW
MED-006,Delayed-Release Capsule,Gastrointestinal (PPI),39.4,53.2,15.0,30.0,0.0,9.4,9.4,33.3,313.02,0,0,0,0.0,301,0,HIGH
MED-015,Subcutaneous Injection,Endocrine (Hormone),11.3,27.2,2.0,8.0,0.0,3.3,3.3,3.8,12.54,1,1,0,0.0,16,1,MODERATE
MED-010,Tablet,Antihistamine,16.8,45.2,20.0,25.0,3.2,0.0,3.2,8.5,27.2,0,0,0,0.0,203,0,MODERATE
MED-023,Capsule,Anticonvulsant / Neuropathic,35.2,25.7,15.0,30.0,0.0,5.2,5.2,20.9,108.68,0,0,0,0.0,402,0,MODERATE
MED-009,Tablet,Analgesic / NSAID,30.2,62.6,20.0,25.0,0.0,5.2,5.2,10.8,56.16,0,0,0,0.0,348,0,MODERATE
MED-004,Tablet,Antidiabetic (Biguanide),39.5,76.2,20.0,25.0,0.0,14.5,14.5,24.8,359.6,0,0,0,0.0,66,1,HIGH
MED-009,Tablet,Analgesic / NSAID,27.2,60.1,20.0,25.0,0.0,2.2,2.2,17.5,38.5,0,0,0,0.0,382,0,MODERATE
MED-009,Tablet,Analgesic / NSAID,40.5,45.8,20.0,25.0,0.0,15.5,15.5,50.1,776.55,0,0,0,0.0,204,0,HIGH
MED-017,Nasal Spray Suspension,Corticosteroid / Allergy,35.4,48.2,4.0,30.0,0.0,5.4,5.4,1.4,7.56,0,1,0,0.0,367,0,MODERATE
MED-004,Tablet,Antidiabetic (Biguanide),16.9,61.7,20.0,25.0,3.1,0.0,3.1,5.5,17.05,0,0,0,0.0,474,0,LOW
MED-013,Tablet,Endocrine (Thyroid Hormone),15.9,75.5,15.0,30.0,0.0,0.0,0.0,5.2,0.0,0,0,0,0.0,319,0,LOW
MED-011,Tablet,Antihypertensive (ARB),28.8,72.1,15.0,30.0,0.0,0.0,0.0,30.5,0.0,0,0,0,0.0,137,0,LOW
MED-019,Delayed-Release Tablet,Gastrointestinal (PPI),17.8,54.0,20.0,25.0,2.2,0.0,2.2,14.0,30.8,0,0,0,0.0,474,0,MODERATE
MED-005,Tablet,Antihyperlipidemic (Statin),21.6,25.0,20.0,25.0,0.0,0.0,0.0,5.0,0.0,0,0,0,0.0,106,0,LOW
MED-019,Delayed-Release Tablet,Gastrointestinal (PPI),21.6,63.5,20.0,25.0,0.0,0.0,0.0,1.0,0.0,0,0,0,0.0,565,0,LOW
MED-003,Tablet,Antibiotic (Beta-lactamase inhibitor),36.9,66.6,15.0,25.0,0.0,11.9,11.9,18.2,216.58,0,0,0,0.0,271,0,HIGH
MED-020,Tablet,Antidepressant (SSRI),28.2,83.3,20.0,25.0,0.0,3.2,3.2,6.8,21.76,0,0,0,0.0,483,0,MODERATE
MED-016,Inhalation Aerosol,Respiratory (Bronchodilator),39.2,57.5,15.0,25.0,0.0,14.2,14.2,70.3,998.26,0,1,0,0.0,226,0,HIGH
MED-022,Tablet,Antiplatelet / Hematologic,-1.0,40.3,15.0,30.0,16.0,0.0,16.0,67.6,1081.6,0,0,0,0.0,157,0,HIGH
MED-013,Tablet,Endocrine (Thyroid Hormone),16.2,76.8,15.0,30.0,0.0,0.0,0.0,3.9,0.0,0,0,0,0.0,414,0,LOW
MED-020,Tablet,Antidepressant (SSRI),23.1,42.6,20.0,25.0,0.0,0.0,0.0,2.3,0.0,0,0,0,0.0,427,0,LOW
MED-017,Nasal Spray Suspension,Corticosteroid / Allergy,34.0,74.8,4.0,30.0,0.0,4.0,4.0,14.5,58.0,0,1,0,0.0,75,0,MODERATE
MED-025,Tablet,Diuretic / Antihypertensive,39.7,25.8,15.0,30.0,0.0,9.7,9.7,40.0,388.0,0,0,0,0.0,183,0,HIGH
MED-023,Capsule,Anticonvulsant / Neuropathic,47.8,38.2,15.0,30.0,0.0,17.8,17.8,65.2,1160.56,0,0,0,0.0,177,0,HIGH
MED-023,Capsule,Anticonvulsant / Neuropathic,33.2,65.7,15.0,30.0,0.0,3.2,3.2,1.8,5.76,0,0,0,0.0,284,0,LOW
MED-005,Tablet,Antihyperlipidemic (Statin),29.5,32.9,20.0,25.0,0.0,4.5,4.5,33.3,149.85,0,0,0,0.0,502,0,HIGH
MED-003,Tablet,Antibiotic (Beta-lactamase inhibitor),29.5,21.2,15.0,25.0,0.0,4.5,4.5,14.4,64.8,0,0,0,0.0,307,0,MODERATE
MED-018,Capsule,Antibiotic (Tetracycline),29.8,25.0,20.0,25.0,0.0,4.8,4.8,12.4,59.52,0,0,0,0.0,56,1,HIGH
MED-013,Tablet,Endocrine (Thyroid Hormone),17.1,22.0,15.0,30.0,0.0,0.0,0.0,2.5,0.0,0,0,0,0.0,101,0,LOW
MED-021,Tablet,Respiratory (Leukotriene Antagonist),32.7,69.9,15.0,30.0,0.0,2.7,2.7,28.4,76.68,0,0,0,0.0,489,0,MODERATE
MED-019,Delayed-Release Tablet,Gastrointestinal (PPI),28.2,81.7,20.0,25.0,0.0,3.2,3.2,8.0,25.6,0,0,0,0.0,43,1,MODERATE
MED-011,Tablet,Antihypertensive (ARB),46.7,57.3,15.0,30.0,0.0,16.7,16.7,45.7,763.19,0,0,0,0.0,216,0,HIGH
MED-020,Tablet,Antidepressant (SSRI),27.2,55.5,20.0,25.0,0.0,2.2,2.2,11.9,26.18,0,0,0,0.0,271,0,MODERATE
MED-021,Tablet,Respiratory (Leukotriene Antagonist),44.2,68.0,15.0,30.0,0.0,14.2,14.2,11.8,167.56,0,0,0,0.0,8,1,HIGH
MED-020,Tablet,Antidepressant (SSRI),21.5,56.8,20.0,25.0,0.0,0.0,0.0,2.3,0.0,0,0,0,0.0,705,0,LOW
MED-008,Tablet,Antibiotic (Fluoroquinolone),20.8,77.0,20.0,25.0,0.0,0.0,0.0,7.3,0.0,0,0,0,0.0,419,0,LOW
MED-010,Tablet,Antihistamine,21.3,64.9,20.0,25.0,0.0,0.0,0.0,3.4,0.0,0,0,0,0.0,729,0,LOW
MED-004,Tablet,Antidiabetic (Biguanide),36.8,27.2,20.0,25.0,0.0,11.8,11.8,35.8,422.44,0,0,0,0.0,75,1,HIGH
MED-024,Tablet,Corticosteroid / Anti-inflammatory,35.6,50.4,20.0,25.0,0.0,10.6,10.6,33.7,357.22,0,0,0,0.0,332,0,HIGH
MED-015,Subcutaneous Injection,Endocrine (Hormone),12.5,53.4,2.0,8.0,0.0,4.5,4.5,15.9,71.55,1,1,0,0.0,517,0,HIGH
MED-013,Tablet,Endocrine (Thyroid Hormone),31.7,50.8,15.0,30.0,0.0,1.7,1.7,14.0,23.8,0,0,0,0.0,131,0,MODERATE
MED-012,Tablet,Antihypertensive (CCB),33.9,23.1,15.0,30.0,0.0,3.9,3.9,2.5,9.75,0,0,0,0.0,495,0,LOW
MED-020,Tablet,Antidepressant (SSRI),21.4,53.2,20.0,25.0,0.0,0.0,0.0,1.2,0.0,0,0,0,0.0,186,0,LOW
MED-003,Tablet,Antibiotic (Beta-lactamase inhibitor),18.5,64.2,15.0,25.0,0.0,0.0,0.0,2.0,0.0,0,0,0,0.0,315,0,LOW
MED-013,Tablet,Endocrine (Thyroid Hormone),31.2,68.9,15.0,30.0,0.0,1.2,1.2,32.7,39.24,0,0,0,0.0,47,1,HIGH
MED-007,Tablet,Antibiotic (Macrolide),30.0,75.9,15.0,30.0,0.0,0.0,0.0,31.9,0.0,0,0,0,0.0,323,0,LOW
MED-022,Tablet,Antiplatelet / Hematologic,31.9,71.0,15.0,30.0,0.0,1.9,1.9,10.9,20.71,0,0,0,0.0,66,0,MODERATE
MED-014,Subcutaneous Injection,Endocrine (Hormone),-2.9,72.0,2.0,8.0,4.9,0.0,4.9,5.5,26.95,1,1,0,0.0,425,0,HIGH
MED-014,Subcutaneous Injection,Endocrine (Hormone),8.1,29.1,2.0,8.0,0.0,0.1,0.1,26.9,2.69,1,1,0,0.0,265,0,LOW
MED-022,Tablet,Antiplatelet / Hematologic,46.6,68.0,15.0,30.0,0.0,16.6,16.6,55.8,926.28,0,0,0,0.0,333,0,HIGH
MED-018,Capsule,Antibiotic (Tetracycline),16.1,48.3,20.0,25.0,3.9,0.0,3.9,11.5,44.85,0,0,0,0.0,452,0,MODERATE
MED-021,Tablet,Respiratory (Leukotriene Antagonist),13.0,44.1,15.0,30.0,2.0,0.0,2.0,15.5,31.0,0,0,0,0.0,54,1,MODERATE
MED-001,Tablet,Analgesic / Antipyretic,27.4,41.7,20.0,25.0,0.0,2.4,2.4,6.2,14.88,0,0,0,0.0,31,1,MODERATE
MED-022,Tablet,Antiplatelet / Hematologic,35.1,75.8,15.0,30.0,0.0,5.1,5.1,15.6,79.56,0,0,0,0.0,142,0,MODERATE
MED-010,Tablet,Antihistamine,27.7,61.3,20.0,25.0,0.0,2.7,2.7,3.3,8.91,0,0,0,0.0,305,0,LOW
MED-016,Inhalation Aerosol,Respiratory (Bronchodilator),10.5,23.2,15.0,25.0,4.5,0.0,4.5,16.5,74.25,0,1,0,0.0,556,0,MODERATE
MED-013,Tablet,Endocrine (Thyroid Hormone),44.9,43.3,15.0,30.0,0.0,14.9,14.9,59.9,892.51,0,0,0,0.0,178,0,HIGH
MED-008,Tablet,Antibiotic (Fluoroquinolone),21.1,20.0,20.0,25.0,0.0,0.0,0.0,2.1,0.0,0,0,0,0.0,646,0,LOW
MED-001,Tablet,Analgesic / Antipyretic,29.2,34.8,20.0,25.0,0.0,4.2,4.2,6.7,28.14,0,0,0,0.0,305,0,MODERATE
MED-021,Tablet,Respiratory (Leukotriene Antagonist),16.5,75.3,15.0,30.0,0.0,0.0,0.0,3.1,0.0,0,0,0,0.0,278,0,LOW
MED-011,Tablet,Antihypertensive (ARB),12.1,44.6,15.0,30.0,2.9,0.0,2.9,13.0,37.7,0,0,0,0.0,265,0,MODERATE
MED-005,Tablet,Antihyperlipidemic (Statin),29.8,37.5,20.0,25.0,0.0,4.8,4.8,35.3,169.44,0,0,0,0.0,146,0,HIGH
MED-014,Subcutaneous Injection,Endocrine (Hormone),28.0,46.4,2.0,8.0,0.0,20.0,20.0,47.0,940.0,1,1,0,0.0,135,0,HIGH
MED-002,Capsule,Antibiotic (Penicillin),43.5,25.7,20.0,25.0,0.0,18.5,18.5,12.3,227.55,0,0,0,0.0,147,0,HIGH
MED-003,Tablet,Antibiotic (Beta-lactamase inhibitor),11.1,62.4,15.0,25.0,3.9,0.0,3.9,9.6,37.44,0,0,0,0.0,51,1,HIGH
MED-002,Capsule,Antibiotic (Penicillin),45.9,29.6,20.0,25.0,0.0,20.9,20.9,14.8,309.32,0,0,0,0.0,307,0,HIGH
MED-010,Tablet,Antihistamine,25.7,82.3,20.0,25.0,0.0,0.7,0.7,6.3,4.41,0,0,0,0.0,35,1,LOW
MED-022,Tablet,Antiplatelet / Hematologic,27.4,22.6,15.0,30.0,0.0,0.0,0.0,2.8,0.0,0,0,0,0.0,341,0,LOW
MED-018,Capsule,Antibiotic (Tetracycline),23.0,72.1,20.0,25.0,0.0,0.0,0.0,7.3,0.0,0,0,0,0.0,341,0,LOW
MED-024,Tablet,Corticosteroid / Anti-inflammatory,27.8,58.9,20.0,25.0,0.0,2.8,2.8,15.4,43.12,0,0,0,0.0,473,0,MODERATE
MED-006,Delayed-Release Capsule,Gastrointestinal (PPI),15.0,31.8,15.0,30.0,0.0,0.0,0.0,13.7,0.0,0,0,0,0.0,241,0,LOW
MED-012,Tablet,Antihypertensive (CCB),28.0,76.6,15.0,30.0,0.0,0.0,0.0,1.9,0.0,0,0,0,0.0,363,0,LOW
MED-009,Tablet,Analgesic / NSAID,31.1,82.2,20.0,25.0,0.0,6.1,6.1,26.6,162.26,0,0,0,0.0,480,0,HIGH
MED-011,Tablet,Antihypertensive (ARB),20.8,47.4,15.0,30.0,0.0,0.0,0.0,3.4,0.0,0,0,0,0.0,165,0,LOW
MED-019,Delayed-Release Tablet,Gastrointestinal (PPI),34.4,68.3,20.0,25.0,0.0,9.4,9.4,31.7,297.98,0,0,0,0.0,325,0,HIGH
MED-015,Subcutaneous Injection,Endocrine (Hormone),0.6,65.7,2.0,8.0,1.4,0.0,1.4,20.5,28.7,1,1,0,0.0,13,1,MODERATE
MED-022,Tablet,Antiplatelet / Hematologic,12.2,68.6,15.0,30.0,2.8,0.0,2.8,10.8,30.24,0,0,0,0.0,98,0,MODERATE
MED-012,Tablet,Antihypertensive (CCB),14.5,63.3,15.0,30.0,0.5,0.0,0.5,22.0,11.0,0,0,0,0.0,384,0,LOW
MED-002,Capsule,Antibiotic (Penicillin),23.2,39.9,20.0,25.0,0.0,0.0,0.0,26.3,0.0,0,0,0,0.0,374,0,LOW
MED-002,Capsule,Antibiotic (Penicillin),27.5,81.4,20.0,25.0,0.0,2.5,2.5,9.6,24.0,0,0,0,0.0,64,0,MODERATE
MED-022,Tablet,Antiplatelet / Hematologic,14.4,25.7,15.0,30.0,0.6,0.0,0.6,8.7,5.22,0,0,0,0.0,38,1,LOW
MED-018,Capsule,Antibiotic (Tetracycline),23.7,57.9,20.0,25.0,0.0,0.0,0.0,1.7,0.0,0,0,0,0.0,299,0,LOW
MED-020,Tablet,Antidepressant (SSRI),30.3,65.5,20.0,25.0,0.0,5.3,5.3,6.5,34.45,0,0,0,0.0,77,0,MODERATE
MED-002,Capsule,Antibiotic (Penicillin),15.2,22.0,20.0,25.0,4.8,0.0,4.8,15.5,74.4,0,0,0,0.0,218,0,MODERATE
MED-022,Tablet,Antiplatelet / Hematologic,40.6,71.3,15.0,30.0,0.0,10.6,10.6,12.3,130.38,0,0,0,0.0,284,0,HIGH
MED-002,Capsule,Antibiotic (Penicillin),39.5,54.8,20.0,25.0,0.0,14.5,14.5,29.6,429.2,0,0,0,0.0,155,0,HIGH
MED-006,Delayed-Release Capsule,Gastrointestinal (PPI),30.5,51.2,15.0,30.0,0.0,0.5,0.5,3.6,1.8,0,0,0,0.0,135,0,LOW
MED-013,Tablet,Endocrine (Thyroid Hormone),15.7,84.5,15.0,30.0,0.0,0.0,0.0,15.2,0.0,0,0,0,0.0,197,0,LOW
MED-016,Inhalation Aerosol,Respiratory (Bronchodilator),32.5,84.5,15.0,25.0,0.0,7.5,7.5,9.6,72.0,0,1,0,0.0,487,0,MODERATE
MED-014,Subcutaneous Injection,Endocrine (Hormone),11.0,27.4,2.0,8.0,0.0,3.0,3.0,3.6,10.8,1,1,0,0.0,268,0,LOW
MED-010,Tablet,Antihistamine,34.4,60.4,20.0,25.0,0.0,9.4,9.4,34.0,319.6,0,0,0,0.0,56,1,HIGH
MED-008,Tablet,Antibiotic (Fluoroquinolone),20.7,45.2,20.0,25.0,0.0,0.0,0.0,2.5,0.0,0,0,0,0.0,564,0,LOW
MED-011,Tablet,Antihypertensive (ARB),33.9,43.1,15.0,30.0,0.0,3.9,3.9,2.2,8.58,0,0,0,0.0,44,1,LOW
MED-010,Tablet,Antihistamine,18.9,32.5,20.0,25.0,1.1,0.0,1.1,18.6,20.46,0,0,0,0.0,109,0,MODERATE
MED-002,Capsule,Antibiotic (Penicillin),20.7,46.6,20.0,25.0,0.0,0.0,0.0,0.8,0.0,0,0,0,0.0,184,0,LOW
MED-006,Delayed-Release Capsule,Gastrointestinal (PPI),32.0,29.5,15.0,30.0,0.0,2.0,2.0,1.8,3.6,0,0,0,0.0,416,0,LOW
MED-016,Inhalation Aerosol,Respiratory (Bronchodilator),29.3,27.8,15.0,25.0,0.0,4.3,4.3,5.9,25.37,0,1,0,0.0,479,0,MODERATE
MED-012,Tablet,Antihypertensive (CCB),45.5,40.5,15.0,30.0,0.0,15.5,15.5,8.5,131.75,0,0,0,0.0,337,0,HIGH
MED-006,Delayed-Release Capsule,Gastrointestinal (PPI),40.3,70.2,15.0,30.0,0.0,10.3,10.3,66.9,689.07,0,0,0,0.0,222,0,HIGH
MED-007,Tablet,Antibiotic (Macrolide),-2.9,78.1,15.0,30.0,17.9,0.0,17.9,54.1,968.39,0,0,0,0.0,213,0,HIGH
MED-012,Tablet,Antihypertensive (CCB),31.2,43.0,15.0,30.0,0.0,1.2,1.2,10.8,12.96,0,0,0,0.0,150,0,LOW
MED-014,Subcutaneous Injection,Endocrine (Hormone),4.0,30.9,2.0,8.0,0.0,0.0,0.0,3.6,0.0,1,1,0,0.0,124,0,LOW
MED-005,Tablet,Antihyperlipidemic (Statin),19.8,29.8,20.0,25.0,0.2,0.0,0.2,10.2,2.04,0,0,0,0.0,27,1,LOW
MED-021,Tablet,Respiratory (Leukotriene Antagonist),45.3,68.0,15.0,30.0,0.0,15.3,15.3,16.1,246.33,0,0,0,0.0,13,1,HIGH
MED-002,Capsule,Antibiotic (Penicillin),16.2,82.2,20.0,25.0,3.8,0.0,3.8,4.6,17.48,0,0,0,0.0,240,0,LOW
MED-005,Tablet,Antihyperlipidemic (Statin),21.4,72.1,20.0,25.0,0.0,0.0,0.0,3.6,0.0,0,0,0,0.0,11,1,MODERATE
MED-021,Tablet,Respiratory (Leukotriene Antagonist),31.6,76.8,15.0,30.0,0.0,1.6,1.6,1.2,1.92,0,0,0,0.0,345,0,LOW
MED-009,Tablet,Analgesic / NSAID,30.6,60.1,20.0,25.0,0.0,5.6,5.6,8.8,49.28,0,0,0,0.0,113,0,MODERATE
MED-017,Nasal Spray Suspension,Corticosteroid / Allergy,46.7,72.3,4.0,30.0,0.0,16.7,16.7,55.1,920.17,0,1,0,0.0,267,0,HIGH
MED-016,Inhalation Aerosol,Respiratory (Bronchodilator),28.1,80.0,15.0,25.0,0.0,3.1,3.1,17.2,53.32,0,1,0,0.0,169,0,MODERATE
MED-005,Tablet,Antihyperlipidemic (Statin),45.8,26.2,20.0,25.0,0.0,20.8,20.8,31.2,648.96,0,0,0,0.0,273,0,HIGH
MED-025,Tablet,Diuretic / Antihypertensive,13.2,48.0,15.0,30.0,1.8,0.0,1.8,15.9,28.62,0,0,0,0.0,534,0,MODERATE
MED-002,Capsule,Antibiotic (Penicillin),22.9,57.1,20.0,25.0,0.0,0.0,0.0,2.1,0.0,0,0,0,0.0,544,0,LOW
MED-015,Subcutaneous Injection,Endocrine (Hormone),8.9,30.7,2.0,8.0,0.0,0.9,0.9,15.9,14.31,1,1,0,0.0,533,0,MODERATE
MED-017,Nasal Spray Suspension,Corticosteroid / Allergy,43.8,38.8,4.0,30.0,0.0,13.8,13.8,12.1,166.98,0,1,0,0.0,193,0,HIGH
MED-011,Tablet,Antihypertensive (ARB),37.5,35.4,15.0,30.0,0.0,7.5,7.5,24.4,183.0,0,0,0,0.0,195,0,HIGH
MED-014,Subcutaneous Injection,Endocrine (Hormone),10.9,85.0,2.0,8.0,0.0,2.9,2.9,7.2,20.88,1,1,0,0.0,187,0,MODERATE
MED-008,Tablet,Antibiotic (Fluoroquinolone),29.4,70.7,20.0,25.0,0.0,4.4,4.4,17.1,75.24,0,0,0,0.0,242,0,MODERATE
MED-011,Tablet,Antihypertensive (ARB),10.9,68.5,15.0,30.0,4.1,0.0,4.1,10.1,41.41,0,0,0,0.0,209,0,MODERATE
MED-005,Tablet,Antihyperlipidemic (Statin),21.1,30.5,20.0,25.0,0.0,0.0,0.0,23.2,0.0,0,0,0,0.0,228,0,LOW
MED-023,Capsule,Anticonvulsant / Neuropathic,18.2,26.2,15.0,30.0,0.0,0.0,0.0,1.6,0.0,0,0,0,0.0,111,0,LOW
MED-009,Tablet,Analgesic / NSAID,18.6,54.1,20.0,25.0,1.4,0.0,1.4,10.5,14.7,0,0,0,0.0,573,0,LOW
MED-011,Tablet,Antihypertensive (ARB),10.1,34.3,15.0,30.0,4.9,0.0,4.9,16.2,79.38,0,0,0,0.0,162,0,MODERATE
MED-019,Delayed-Release Tablet,Gastrointestinal (PPI),25.9,55.8,20.0,25.0,0.0,0.9,0.9,16.4,14.76,0,0,0,0.0,495,0,LOW
MED-011,Tablet,Antihypertensive (ARB),23.5,31.4,15.0,30.0,0.0,0.0,0.0,3.0,0.0,0,0,0,0.0,332,0,LOW
MED-012,Tablet,Antihypertensive (CCB),28.3,78.2,15.0,30.0,0.0,0.0,0.0,3.0,0.0,0,0,0,0.0,477,0,LOW
MED-024,Tablet,Corticosteroid / Anti-inflammatory,34.1,42.1,20.0,25.0,0.0,9.1,9.1,49.5,450.45,0,0,0,0.0,82,0,HIGH
MED-001,Tablet,Analgesic / Antipyretic,15.7,59.3,20.0,25.0,4.3,0.0,4.3,17.5,75.25,0,0,0,0.0,267,0,MODERATE
MED-005,Tablet,Antihyperlipidemic (Statin),27.7,51.3,20.0,25.0,0.0,2.7,2.7,28.2,76.14,0,0,0,0.0,106,0,MODERATE
MED-003,Tablet,Antibiotic (Beta-lactamase inhibitor),15.8,53.8,15.0,25.0,0.0,0.0,0.0,0.9,0.0,0,0,0,0.0,341,0,LOW
MED-021,Tablet,Respiratory (Leukotriene Antagonist),35.7,79.0,15.0,30.0,0.0,5.7,5.7,18.7,106.59,0,0,0,0.0,179,0,MODERATE
MED-011,Tablet,Antihypertensive (ARB),30.8,48.8,15.0,30.0,0.0,0.8,0.8,12.7,10.16,0,0,0,0.0,291,0,LOW
MED-006,Delayed-Release Capsule,Gastrointestinal (PPI),33.4,84.0,15.0,30.0,0.0,3.4,3.4,2.5,8.5,0,0,0,0.0,424,0,LOW
MED-017,Nasal Spray Suspension,Corticosteroid / Allergy,25.6,79.2,4.0,30.0,0.0,0.0,0.0,0.4,0.0,0,1,0,0.0,180,0,LOW
MED-003,Tablet,Antibiotic (Beta-lactamase inhibitor),24.6,35.8,15.0,25.0,0.0,0.0,0.0,1.8,0.0,0,0,0,0.0,412,0,LOW
MED-005,Tablet,Antihyperlipidemic (Statin),30.6,39.6,20.0,25.0,0.0,5.6,5.6,9.1,50.96,0,0,0,0.0,46,1,HIGH
MED-001,Tablet,Analgesic / Antipyretic,17.1,72.9,20.0,25.0,2.9,0.0,2.9,22.5,65.25,0,0,0,0.0,224,0,MODERATE
MED-023,Capsule,Anticonvulsant / Neuropathic,22.1,24.8,15.0,30.0,0.0,0.0,0.0,0.2,0.0,0,0,0,0.0,610,0,LOW
MED-010,Tablet,Antihistamine,29.1,37.4,20.0,25.0,0.0,4.1,4.1,10.4,42.64,0,0,0,0.0,459,0,MODERATE
MED-003,Tablet,Antibiotic (Beta-lactamase inhibitor),23.2,79.7,15.0,25.0,0.0,0.0,0.0,35.0,0.0,0,0,0,0.0,115,0,LOW
MED-022,Tablet,Antiplatelet / Hematologic,32.4,67.9,15.0,30.0,0.0,2.4,2.4,17.6,42.24,0,0,0,0.0,439,0,MODERATE
MED-013,Tablet,Endocrine (Thyroid Hormone),23.3,60.2,15.0,30.0,0.0,0.0,0.0,3.3,0.0,0,0,0,0.0,110,0,LOW
MED-005,Tablet,Antihyperlipidemic (Statin),35.8,71.6,20.0,25.0,0.0,10.8,10.8,8.0,86.4,0,0,0,0.0,360,0,MODERATE
MED-001,Tablet,Analgesic / Antipyretic,21.5,42.2,20.0,25.0,0.0,0.0,0.0,3.8,0.0,0,0,0,0.0,401,0,LOW
MED-010,Tablet,Antihistamine,23.3,57.2,20.0,25.0,0.0,0.0,0.0,2.8,0.0,0,0,0,0.0,655,0,LOW
MED-014,Subcutaneous Injection,Endocrine (Hormone),33.9,74.7,2.0,8.0,0.0,25.9,25.9,18.0,466.2,1,1,0,0.0,56,0,HIGH
MED-021,Tablet,Respiratory (Leukotriene Antagonist),47.5,38.9,15.0,30.0,0.0,17.5,17.5,31.9,558.25,0,0,0,0.0,204,0,HIGH
MED-004,Tablet,Antidiabetic (Biguanide),24.4,35.1,20.0,25.0,0.0,0.0,0.0,15.8,0.0,0,0,0,0.0,325,0,LOW
MED-012,Tablet,Antihypertensive (CCB),32.1,49.1,15.0,30.0,0.0,2.1,2.1,24.8,52.08,0,0,0,0.0,185,0,MODERATE
MED-016,Inhalation Aerosol,Respiratory (Bronchodilator),11.9,45.1,15.0,25.0,3.1,0.0,3.1,1.2,3.72,0,1,0,0.0,451,0,LOW
MED-017,Nasal Spray Suspension,Corticosteroid / Allergy,30.7,21.6,4.0,30.0,0.0,0.7,0.7,35.6,24.92,0,1,0,0.0,355,0,MODERATE
MED-005,Tablet,Antihyperlipidemic (Statin),30.7,74.7,20.0,25.0,0.0,5.7,5.7,8.8,50.16,0,0,0,0.0,207,0,MODERATE
MED-025,Tablet,Diuretic / Antihypertensive,34.6,80.0,15.0,30.0,0.0,4.6,4.6,28.0,128.8,0,0,0,0.0,252,0,HIGH
MED-016,Inhalation Aerosol,Respiratory (Bronchodilator),31.0,42.9,15.0,25.0,0.0,6.0,6.0,8.6,51.6,0,1,0,0.0,347,0,MODERATE
MED-008,Tablet,Antibiotic (Fluoroquinolone),25.5,74.8,20.0,25.0,0.0,0.5,0.5,4.3,2.15,0,0,0,0.0,462,0,LOW
MED-004,Tablet,Antidiabetic (Biguanide),23.3,64.1,20.0,25.0,0.0,0.0,0.0,6.3,0.0,0,0,0,0.0,555,0,LOW
MED-009,Tablet,Analgesic / NSAID,25.8,65.2,20.0,25.0,0.0,0.8,0.8,26.6,21.28,0,0,0,0.0,379,0,MODERATE
MED-008,Tablet,Antibiotic (Fluoroquinolone),29.0,24.0,20.0,25.0,0.0,4.0,4.0,4.0,16.0,0,0,0,0.0,511,0,LOW
MED-013,Tablet,Endocrine (Thyroid Hormone),13.1,29.2,15.0,30.0,1.9,0.0,1.9,5.1,9.69,0,0,0,0.0,151,0,LOW
MED-014,Subcutaneous Injection,Endocrine (Hormone),2.1,53.2,2.0,8.0,0.0,0.0,0.0,1.0,0.0,1,1,0,0.0,138,0,LOW
MED-002,Capsule,Antibiotic (Penicillin),24.1,61.8,20.0,25.0,0.0,0.0,0.0,34.2,0.0,0,0,0,0.0,58,1,LOW
MED-014,Subcutaneous Injection,Endocrine (Hormone),11.4,84.4,2.0,8.0,0.0,3.4,3.4,7.1,24.14,1,1,0,0.0,274,0,MODERATE
MED-003,Tablet,Antibiotic (Beta-lactamase inhibitor),29.3,25.1,15.0,25.0,0.0,4.3,4.3,14.5,62.35,0,0,0,0.0,232,0,MODERATE
MED-010,Tablet,Antihistamine,15.9,83.4,20.0,25.0,4.1,0.0,4.1,18.1,74.21,0,0,0,0.0,231,0,MODERATE
MED-021,Tablet,Respiratory (Leukotriene Antagonist),-4.9,53.5,15.0,30.0,19.9,0.0,19.9,31.4,624.86,0,0,0,0.0,216,0,HIGH
MED-024,Tablet,Corticosteroid / Anti-inflammatory,20.1,82.9,20.0,25.0,0.0,0.0,0.0,1.9,0.0,0,0,0,0.0,674,0,LOW
MED-025,Tablet,Diuretic / Antihypertensive,35.8,31.7,15.0,30.0,0.0,5.8,5.8,16.4,95.12,0,0,0,0.0,121,0,MODERATE
MED-010,Tablet,Antihistamine,23.8,79.8,20.0,25.0,0.0,0.0,0.0,9.3,0.0,0,0,0,0.0,59,1,LOW
MED-009,Tablet,Analgesic / NSAID,31.0,47.9,20.0,25.0,0.0,6.0,6.0,27.1,162.6,0,0,0,0.0,264,0,HIGH
MED-005,Tablet,Antihyperlipidemic (Statin),-1.4,76.6,20.0,25.0,21.4,0.0,21.4,40.5,866.7,0,0,0,0.0,304,0,HIGH
MED-003,Tablet,Antibiotic (Beta-lactamase inhibitor),11.4,56.9,15.0,25.0,3.6,0.0,3.6,21.8,78.48,0,0,0,0.0,189,0,MODERATE
MED-022,Tablet,Antiplatelet / Hematologic,37.4,22.1,15.0,30.0,0.0,7.4,7.4,16.0,118.4,0,0,0,0.0,143,0,MODERATE
MED-014,Subcutaneous Injection,Endocrine (Hormone),8.9,49.4,2.0,8.0,0.0,0.9,0.9,3.6,3.24,1,1,0,0.0,156,0,LOW
MED-004,Tablet,Antidiabetic (Biguanide),31.2,47.4,20.0,25.0,0.0,6.2,6.2,2.9,17.98,0,0,0,0.0,156,0,MODERATE
MED-001,Tablet,Analgesic / Antipyretic,26.7,82.3,20.0,25.0,0.0,1.7,1.7,13.0,22.1,0,0,0,0.0,392,0,MODERATE
MED-007,Tablet,Antibiotic (Macrolide),34.1,64.5,15.0,30.0,0.0,4.1,4.1,10.0,41.0,0,0,0,0.0,20,1,HIGH
MED-009,Tablet,Analgesic / NSAID,21.0,45.4,20.0,25.0,0.0,0.0,0.0,18.9,0.0,0,0,0,0.0,388,0,LOW
MED-006,Delayed-Release Capsule,Gastrointestinal (PPI),28.6,71.7,15.0,30.0,0.0,0.0,0.0,0.2,0.0,0,0,0,0.0,336,0,LOW
MED-013,Tablet,Endocrine (Thyroid Hormone),28.0,22.4,15.0,30.0,0.0,0.0,0.0,5.5,0.0,0,0,0,0.0,67,0,LOW
MED-007,Tablet,Antibiotic (Macrolide),34.9,43.9,15.0,30.0,0.0,4.9,4.9,34.9,171.01,0,0,0,0.0,300,0,HIGH
MED-011,Tablet,Antihypertensive (ARB),15.2,70.6,15.0,30.0,0.0,0.0,0.0,1.7,0.0,0,0,0,0.0,424,0,LOW
MED-010,Tablet,Antihistamine,29.9,22.7,20.0,25.0,0.0,4.9,4.9,2.2,10.78,0,0,0,0.0,48,1,MODERATE
MED-018,Capsule,Antibiotic (Tetracycline),30.2,68.0,20.0,25.0,0.0,5.2,5.2,12.9,67.08,0,0,0,0.0,326,0,MODERATE
MED-021,Tablet,Respiratory (Leukotriene Antagonist),31.7,77.7,15.0,30.0,0.0,1.7,1.7,8.1,13.77,0,0,0,0.0,156,0,LOW
MED-021,Tablet,Respiratory (Leukotriene Antagonist),31.0,51.8,15.0,30.0,0.0,1.0,1.0,16.8,16.8,0,0,0,0.0,329,0,LOW
MED-011,Tablet,Antihypertensive (ARB),34.1,66.6,15.0,30.0,0.0,4.1,4.1,5.1,20.91,0,0,0,0.0,483,0,MODERATE
MED-003,Tablet,Antibiotic (Beta-lactamase inhibitor),25.6,49.8,15.0,25.0,0.0,0.6,0.6,28.4,17.04,0,0,0,0.0,127,0,LOW
MED-012,Tablet,Antihypertensive (CCB),34.1,81.3,15.0,30.0,0.0,4.1,4.1,3.4,13.94,0,0,0,0.0,358,0,LOW
MED-008,Tablet,Antibiotic (Fluoroquinolone),19.6,62.7,20.0,25.0,0.4,0.0,0.4,3.6,1.44,0,0,0,0.0,200,0,LOW
MED-018,Capsule,Antibiotic (Tetracycline),30.0,53.7,20.0,25.0,0.0,5.0,5.0,9.8,49.0,0,0,0,0.0,416,0,MODERATE
MED-006,Delayed-Release Capsule,Gastrointestinal (PPI),1.0,27.3,15.0,30.0,14.0,0.0,14.0,8.0,112.0,0,0,0,0.0,352,0,MODERATE
MED-023,Capsule,Anticonvulsant / Neuropathic,34.1,72.6,15.0,30.0,0.0,4.1,4.1,9.5,38.95,0,0,0,0.0,297,0,MODERATE
MED-011,Tablet,Antihypertensive (ARB),32.4,23.9,15.0,30.0,0.0,2.4,2.4,18.3,43.92,0,0,0,0.0,85,0,MODERATE
MED-006,Delayed-Release Capsule,Gastrointestinal (PPI),16.5,32.3,15.0,30.0,0.0,0.0,0.0,0.8,0.0,0,0,0,0.0,84,0,LOW
MED-010,Tablet,Antihistamine,28.2,20.1,20.0,25.0,0.0,3.2,3.2,6.2,19.84,0,0,0,0.0,168,0,LOW
MED-024,Tablet,Corticosteroid / Anti-inflammatory,21.1,75.3,20.0,25.0,0.0,0.0,0.0,3.6,0.0,0,0,0,0.0,382,0,LOW
MED-018,Capsule,Antibiotic (Tetracycline),-3.1,24.1,20.0,25.0,23.1,0.0,23.1,61.2,1413.72,0,0,0,0.0,147,0,HIGH
MED-006,Delayed-Release Capsule,Gastrointestinal (PPI),23.1,66.2,15.0,30.0,0.0,0.0,0.0,2.5,0.0,0,0,0,0.0,545,0,LOW
MED-012,Tablet,Antihypertensive (CCB),35.5,80.7,15.0,30.0,0.0,5.5,5.5,17.8,97.9,0,0,0,0.0,432,0,MODERATE
MED-014,Subcutaneous Injection,Endocrine (Hormone),7.4,72.9,2.0,8.0,0.0,0.0,0.0,29.3,0.0,1,1,0,0.0,324,0,LOW
MED-009,Tablet,Analgesic / NSAID,23.1,80.3,20.0,25.0,0.0,0.0,0.0,31.3,0.0,0,0,0,0.0,536,0,LOW
MED-020,Tablet,Antidepressant (SSRI),20.9,27.1,20.0,25.0,0.0,0.0,0.0,21.4,0.0,0,0,0,0.0,192,0,LOW
MED-011,Tablet,Antihypertensive (ARB),41.7,71.0,15.0,30.0,0.0,11.7,11.7,60.6,709.02,0,0,0,0.0,194,0,HIGH
MED-013,Tablet,Endocrine (Thyroid Hormone),15.6,84.6,15.0,30.0,0.0,0.0,0.0,18.1,0.0,0,0,0,0.0,264,0,LOW
MED-019,Delayed-Release Tablet,Gastrointestinal (PPI),42.7,64.7,20.0,25.0,0.0,17.7,17.7,36.8,651.36,0,0,0,0.0,237,0,HIGH
MED-016,Inhalation Aerosol,Respiratory (Bronchodilator),26.1,62.9,15.0,25.0,0.0,1.1,1.1,12.8,14.08,0,1,0,0.0,406,0,LOW
MED-007,Tablet,Antibiotic (Macrolide),45.4,64.8,15.0,30.0,0.0,15.4,15.4,27.1,417.34,0,0,0,0.0,107,0,HIGH
MED-015,Subcutaneous Injection,Endocrine (Hormone),10.0,70.8,2.0,8.0,0.0,2.0,2.0,23.8,47.6,1,1,0,0.0,431,0,MODERATE
MED-024,Tablet,Corticosteroid / Anti-inflammatory,24.0,75.5,20.0,25.0,0.0,0.0,0.0,1.7,0.0,0,0,0,0.0,574,0,LOW
MED-008,Tablet,Antibiotic (Fluoroquinolone),28.8,78.1,20.0,25.0,0.0,3.8,3.8,28.7,109.06,0,0,0,0.0,290,0,MODERATE
MED-024,Tablet,Corticosteroid / Anti-inflammatory,21.5,33.1,20.0,25.0,0.0,0.0,0.0,23.5,0.0,0,0,0,0.0,537,0,LOW
MED-021,Tablet,Respiratory (Leukotriene Antagonist),33.7,34.3,15.0,30.0,0.0,3.7,3.7,1.4,5.18,0,0,0,0.0,503,0,LOW
MED-010,Tablet,Antihistamine,36.4,57.9,20.0,25.0,0.0,11.4,11.4,62.5,712.5,0,0,0,0.0,201,0,HIGH
MED-005,Tablet,Antihyperlipidemic (Statin),18.7,37.7,20.0,25.0,1.3,0.0,1.3,10.3,13.39,0,0,0,0.0,440,0,LOW
MED-019,Delayed-Release Tablet,Gastrointestinal (PPI),46.5,70.8,20.0,25.0,0.0,21.5,21.5,69.8,1500.7,0,0,0,0.0,174,0,HIGH
MED-014,Subcutaneous Injection,Endocrine (Hormone),-0.3,59.3,2.0,8.0,2.3,0.0,2.3,19.6,45.08,1,1,0,0.0,49,0,HIGH
MED-003,Tablet,Antibiotic (Beta-lactamase inhibitor),20.6,75.7,15.0,25.0,0.0,0.0,0.0,2.2,0.0,0,0,0,0.0,427,0,LOW
MED-025,Tablet,Diuretic / Antihypertensive,23.5,72.2,15.0,30.0,0.0,0.0,0.0,0.4,0.0,0,0,0,0.0,506,0,LOW
MED-013,Tablet,Endocrine (Thyroid Hormone),36.0,48.7,15.0,30.0,0.0,6.0,6.0,19.7,118.2,0,0,0,0.0,369,0,MODERATE
MED-008,Tablet,Antibiotic (Fluoroquinolone),18.2,28.9,20.0,25.0,1.8,0.0,1.8,23.6,42.48,0,0,0,0.0,23,1,HIGH
MED-022,Tablet,Antiplatelet / Hematologic,10.7,61.1,15.0,30.0,4.3,0.0,4.3,8.6,36.98,0,0,0,0.0,233,0,MODERATE
MED-020,Tablet,Antidepressant (SSRI),20.2,55.5,20.0,25.0,0.0,0.0,0.0,3.6,0.0,0,0,0,0.0,684,0,LOW
MED-024,Tablet,Corticosteroid / Anti-inflammatory,23.2,69.7,20.0,25.0,0.0,0.0,0.0,3.8,0.0,0,0,0,0.0,96,0,LOW
MED-004,Tablet,Antidiabetic (Biguanide),24.4,57.4,20.0,25.0,0.0,0.0,0.0,24.0,0.0,0,0,0,0.0,124,0,LOW
MED-009,Tablet,Analgesic / NSAID,30.0,50.2,20.0,25.0,0.0,5.0,5.0,2.8,14.0,0,0,0,0.0,401,0,MODERATE
MED-001,Tablet,Analgesic / Antipyretic,29.5,63.2,20.0,25.0,0.0,4.5,4.5,5.7,25.65,0,0,0,0.0,451,0,MODERATE
MED-021,Tablet,Respiratory (Leukotriene Antagonist),29.0,48.9,15.0,30.0,0.0,0.0,0.0,21.8,0.0,0,0,0,0.0,562,0,LOW
MED-023,Capsule,Anticonvulsant / Neuropathic,39.0,64.3,15.0,30.0,0.0,9.0,9.0,61.7,555.3,0,0,0,0.0,73,0,HIGH
MED-014,Subcutaneous Injection,Endocrine (Hormone),7.6,34.5,2.0,8.0,0.0,0.0,0.0,3.8,0.0,1,1,0,0.0,45,0,LOW
MED-006,Delayed-Release Capsule,Gastrointestinal (PPI),40.4,37.9,15.0,30.0,0.0,10.4,10.4,48.3,502.32,0,0,0,0.0,187,0,HIGH
MED-006,Delayed-Release Capsule,Gastrointestinal (PPI),22.8,38.1,15.0,30.0,0.0,0.0,0.0,1.8,0.0,0,0,0,0.0,511,0,LOW
MED-003,Tablet,Antibiotic (Beta-lactamase inhibitor),21.1,82.2,15.0,25.0,0.0,0.0,0.0,1.9,0.0,0,0,0,0.0,420,0,LOW
MED-007,Tablet,Antibiotic (Macrolide),45.9,40.9,15.0,30.0,0.0,15.9,15.9,41.5,659.85,0,0,0,0.0,349,0,HIGH
MED-001,Tablet,Analgesic / Antipyretic,39.5,75.2,20.0,25.0,0.0,14.5,14.5,63.1,914.95,0,0,0,0.0,127,0,HIGH
MED-016,Inhalation Aerosol,Respiratory (Bronchodilator),18.7,84.0,15.0,25.0,0.0,0.0,0.0,3.8,0.0,0,1,0,0.0,228,0,LOW
MED-025,Tablet,Diuretic / Antihypertensive,32.6,23.9,15.0,30.0,0.0,2.6,2.6,3.8,9.88,0,0,0,0.0,273,0,LOW
MED-007,Tablet,Antibiotic (Macrolide),35.5,77.1,15.0,30.0,0.0,5.5,5.5,28.6,157.3,0,0,0,0.0,466,0,HIGH
MED-005,Tablet,Antihyperlipidemic (Statin),29.5,81.4,20.0,25.0,0.0,4.5,4.5,26.7,120.15,0,0,0,0.0,185,0,HIGH
MED-004,Tablet,Antidiabetic (Biguanide),39.2,48.6,20.0,25.0,0.0,14.2,14.2,65.5,930.1,0,0,0,0.0,248,0,HIGH
MED-005,Tablet,Antihyperlipidemic (Statin),36.3,43.6,20.0,25.0,0.0,11.3,11.3,31.7,358.21,0,0,0,0.0,272,0,HIGH
MED-012,Tablet,Antihypertensive (CCB),27.4,54.1,15.0,30.0,0.0,0.0,0.0,1.2,0.0,0,0,0,0.0,492,0,LOW
MED-014,Subcutaneous Injection,Endocrine (Hormone),20.3,79.0,2.0,8.0,0.0,12.3,12.3,39.5,485.85,1,1,0,0.0,137,0,HIGH
MED-007,Tablet,Antibiotic (Macrolide),14.3,28.3,15.0,30.0,0.7,0.0,0.7,17.8,12.46,0,0,0,0.0,412,0,LOW
MED-017,Nasal Spray Suspension,Corticosteroid / Allergy,3.7,33.3,4.0,30.0,0.3,0.0,0.3,21.3,6.39,0,1,0,0.0,404,0,LOW
MED-002,Capsule,Antibiotic (Penicillin),21.8,54.5,20.0,25.0,0.0,0.0,0.0,9.1,0.0,0,0,0,0.0,248,0,LOW
MED-021,Tablet,Respiratory (Leukotriene Antagonist),27.4,25.6,15.0,30.0,0.0,0.0,0.0,2.1,0.0,0,0,0,0.0,445,0,LOW
MED-002,Capsule,Antibiotic (Penicillin),30.6,64.1,20.0,25.0,0.0,5.6,5.6,6.0,33.6,0,0,0,0.0,257,0,MODERATE
MED-002,Capsule,Antibiotic (Penicillin),27.3,64.8,20.0,25.0,0.0,2.3,2.3,10.0,23.0,0,0,0,0.0,321,0,MODERATE
MED-002,Capsule,Antibiotic (Penicillin),22.4,54.5,20.0,25.0,0.0,0.0,0.0,3.7,0.0,0,0,0,0.0,628,0,LOW
MED-002,Capsule,Antibiotic (Penicillin),17.8,22.5,20.0,25.0,2.2,0.0,2.2,23.1,50.82,0,0,0,0.0,177,0,MODERATE
MED-003,Tablet,Antibiotic (Beta-lactamase inhibitor),26.1,44.5,15.0,25.0,0.0,1.1,1.1,33.1,36.41,0,0,0,0.0,501,0,MODERATE
MED-012,Tablet,Antihypertensive (CCB),26.9,54.9,15.0,30.0,0.0,0.0,0.0,0.1,0.0,0,0,0,0.0,122,0,LOW
MED-002,Capsule,Antibiotic (Penicillin),22.5,76.5,20.0,25.0,0.0,0.0,0.0,2.4,0.0,0,0,0,0.0,159,0,LOW
MED-019,Delayed-Release Tablet,Gastrointestinal (PPI),26.1,69.0,20.0,25.0,0.0,1.1,1.1,21.6,23.76,0,0,0,0.0,306,0,MODERATE
MED-005,Tablet,Antihyperlipidemic (Statin),17.4,47.7,20.0,25.0,2.6,0.0,2.6,6.6,17.16,0,0,0,0.0,332,0,LOW
MED-015,Subcutaneous Injection,Endocrine (Hormone),14.6,59.9,2.0,8.0,0.0,6.6,6.6,27.8,183.48,1,1,0,0.0,475,0,HIGH
MED-005,Tablet,Antihyperlipidemic (Statin),22.6,35.7,20.0,25.0,0.0,0.0,0.0,0.4,0.0,0,0,0,0.0,409,0,LOW
MED-023,Capsule,Anticonvulsant / Neuropathic,32.1,77.5,15.0,30.0,0.0,2.1,2.1,27.9,58.59,0,0,0,0.0,591,0,MODERATE
MED-003,Tablet,Antibiotic (Beta-lactamase inhibitor),13.5,47.5,15.0,25.0,1.5,0.0,1.5,3.2,4.8,0,0,0,0.0,443,0,LOW
MED-006,Delayed-Release Capsule,Gastrointestinal (PPI),47.9,65.6,15.0,30.0,0.0,17.9,17.9,8.4,150.36,0,0,0,0.0,81,0,HIGH
MED-005,Tablet,Antihyperlipidemic (Statin),23.1,28.7,20.0,25.0,0.0,0.0,0.0,18.6,0.0,0,0,0,0.0,439,0,LOW
MED-003,Tablet,Antibiotic (Beta-lactamase inhibitor),38.1,61.0,15.0,25.0,0.0,13.1,13.1,41.1,538.41,0,0,0,0.0,359,0,HIGH
MED-019,Delayed-Release Tablet,Gastrointestinal (PPI),19.9,67.8,20.0,25.0,0.1,0.0,0.1,16.5,1.65,0,0,0,0.0,210,0,LOW
MED-003,Tablet,Antibiotic (Beta-lactamase inhibitor),23.4,50.6,15.0,25.0,0.0,0.0,0.0,0.3,0.0,0,0,0,0.0,467,0,LOW
MED-015,Subcutaneous Injection,Endocrine (Hormone),9.7,25.4,2.0,8.0,0.0,1.7,1.7,32.3,54.91,1,1,0,0.0,289,0,MODERATE
MED-013,Tablet,Endocrine (Thyroid Hormone),29.0,31.3,15.0,30.0,0.0,0.0,0.0,4.0,0.0,0,0,0,0.0,393,0,LOW
MED-014,Subcutaneous Injection,Endocrine (Hormone),10.4,35.4,2.0,8.0,0.0,2.4,2.4,35.0,84.0,1,1,0,0.0,504,0,HIGH
MED-021,Tablet,Respiratory (Leukotriene Antagonist),27.1,50.7,15.0,30.0,0.0,0.0,0.0,3.3,0.0,0,0,0,0.0,35,1,LOW
MED-017,Nasal Spray Suspension,Corticosteroid / Allergy,34.7,26.5,4.0,30.0,0.0,4.7,4.7,14.4,67.68,0,1,0,0.0,100,0,MODERATE
MED-018,Capsule,Antibiotic (Tetracycline),20.6,58.8,20.0,25.0,0.0,0.0,0.0,0.0,0.0,0,0,0,0.0,174,0,LOW
MED-005,Tablet,Antihyperlipidemic (Statin),37.8,63.6,20.0,25.0,0.0,12.8,12.8,56.4,721.92,0,0,0,0.0,75,0,HIGH
MED-020,Tablet,Antidepressant (SSRI),32.5,58.9,20.0,25.0,0.0,7.5,7.5,19.2,144.0,0,0,0,0.0,464,0,HIGH
MED-020,Tablet,Antidepressant (SSRI),47.5,39.4,20.0,25.0,0.0,22.5,22.5,49.5,1113.75,0,0,0,0.0,359,0,HIGH
MED-021,Tablet,Respiratory (Leukotriene Antagonist),16.0,34.2,15.0,30.0,0.0,0.0,0.0,0.6,0.0,0,0,0,0.0,266,0,LOW
MED-009,Tablet,Analgesic / NSAID,40.4,81.3,20.0,25.0,0.0,15.4,15.4,53.1,817.74,0,0,0,0.0,19,1,HIGH
MED-007,Tablet,Antibiotic (Macrolide),32.4,68.0,15.0,30.0,0.0,2.4,2.4,15.4,36.96,0,0,0,0.0,233,0,MODERATE
MED-002,Capsule,Antibiotic (Penicillin),21.9,78.4,20.0,25.0,0.0,0.0,0.0,1.3,0.0,0,0,0,0.0,523,0,LOW
MED-019,Delayed-Release Tablet,Gastrointestinal (PPI),24.7,77.8,20.0,25.0,0.0,0.0,0.0,0.3,0.0,0,0,0,0.0,624,0,LOW
MED-001,Tablet,Analgesic / Antipyretic,28.8,83.4,20.0,25.0,0.0,3.8,3.8,7.8,29.64,0,0,0,0.0,182,0,MODERATE
MED-005,Tablet,Antihyperlipidemic (Statin),30.6,45.2,20.0,25.0,0.0,5.6,5.6,9.3,52.08,0,0,0,0.0,125,0,MODERATE
MED-023,Capsule,Anticonvulsant / Neuropathic,42.1,56.8,15.0,30.0,0.0,12.1,12.1,33.6,406.56,0,0,0,0.0,282,0,HIGH
MED-020,Tablet,Antidepressant (SSRI),31.3,75.6,20.0,25.0,0.0,6.3,6.3,29.4,185.22,0,0,0,0.0,340,0,HIGH
MED-011,Tablet,Antihypertensive (ARB),34.0,49.6,15.0,30.0,0.0,4.0,4.0,28.7,114.8,0,0,0,0.0,493,0,MODERATE
MED-002,Capsule,Antibiotic (Penicillin),41.2,55.0,20.0,25.0,0.0,16.2,16.2,12.7,205.74,0,0,0,0.0,265,0,HIGH
MED-019,Delayed-Release Tablet,Gastrointestinal (PPI),21.2,66.6,20.0,25.0,0.0,0.0,0.0,19.4,0.0,0,0,0,0.0,261,0,LOW
MED-024,Tablet,Corticosteroid / Anti-inflammatory,16.5,40.8,20.0,25.0,3.5,0.0,3.5,16.6,58.1,0,0,0,0.0,384,0,MODERATE
MED-018,Capsule,Antibiotic (Tetracycline),26.8,81.4,20.0,25.0,0.0,1.8,1.8,4.7,8.46,0,0,0,0.0,138,0,LOW
MED-023,Capsule,Anticonvulsant / Neuropathic,34.2,36.7,15.0,30.0,0.0,4.2,4.2,14.3,60.06,0,0,0,0.0,477,0,MODERATE
MED-017,Nasal Spray Suspension,Corticosteroid / Allergy,35.3,81.8,4.0,30.0,0.0,5.3,5.3,20.6,109.18,0,1,0,0.0,340,0,MODERATE
MED-007,Tablet,Antibiotic (Macrolide),28.0,48.8,15.0,30.0,0.0,0.0,0.0,3.4,0.0,0,0,0,0.0,665,0,LOW
MED-013,Tablet,Endocrine (Thyroid Hormone),30.2,73.8,15.0,30.0,0.0,0.2,0.2,8.9,1.78,0,0,0,0.0,598,0,LOW
MED-012,Tablet,Antihypertensive (CCB),11.8,50.4,15.0,30.0,3.2,0.0,3.2,10.5,33.6,0,0,0,0.0,435,0,MODERATE
MED-016,Inhalation Aerosol,Respiratory (Bronchodilator),25.6,64.4,15.0,25.0,0.0,0.6,0.6,32.0,19.2,0,1,0,0.0,309,0,LOW
MED-014,Subcutaneous Injection,Endocrine (Hormone),-1.1,46.3,2.0,8.0,3.1,0.0,3.1,15.4,47.74,1,1,0,0.0,71,0,HIGH
MED-002,Capsule,Antibiotic (Penicillin),42.0,50.7,20.0,25.0,0.0,17.0,17.0,37.2,632.4,0,0,0,0.0,151,0,HIGH
MED-018,Capsule,Antibiotic (Tetracycline),16.1,71.3,20.0,25.0,3.9,0.0,3.9,14.0,54.6,0,0,0,0.0,112,0,MODERATE
MED-002,Capsule,Antibiotic (Penicillin),16.0,50.1,20.0,25.0,4.0,0.0,4.0,2.0,8.0,0,0,0,0.0,593,0,LOW
MED-009,Tablet,Analgesic / NSAID,27.0,49.9,20.0,25.0,0.0,2.0,2.0,7.5,15.0,0,0,0,0.0,180,0,LOW
MED-005,Tablet,Antihyperlipidemic (Statin),36.7,75.6,20.0,25.0,0.0,11.7,11.7,8.6,100.62,0,0,0,0.0,278,0,MODERATE
MED-006,Delayed-Release Capsule,Gastrointestinal (PPI),16.7,71.6,15.0,30.0,0.0,0.0,0.0,12.3,0.0,0,0,0,0.0,101,0,LOW
MED-008,Tablet,Antibiotic (Fluoroquinolone),26.4,60.7,20.0,25.0,0.0,1.4,1.4,7.0,9.8,0,0,0,0.0,115,0,LOW
MED-012,Tablet,Antihypertensive (CCB),25.1,40.7,15.0,30.0,0.0,0.0,0.0,3.1,0.0,0,0,0,0.0,688,0,LOW
MED-021,Tablet,Respiratory (Leukotriene Antagonist),35.2,20.6,15.0,30.0,0.0,5.2,5.2,20.9,108.68,0,0,0,0.0,41,1,HIGH
MED-003,Tablet,Antibiotic (Beta-lactamase inhibitor),22.3,83.6,15.0,25.0,0.0,0.0,0.0,3.3,0.0,0,0,0,0.0,117,0,LOW
MED-001,Tablet,Analgesic / Antipyretic,27.0,56.9,20.0,25.0,0.0,2.0,2.0,26.1,52.2,0,0,0,0.0,126,0,MODERATE
MED-003,Tablet,Antibiotic (Beta-lactamase inhibitor),20.9,51.4,15.0,25.0,0.0,0.0,0.0,2.5,0.0,0,0,0,0.0,376,0,LOW
MED-022,Tablet,Antiplatelet / Hematologic,30.7,68.5,15.0,30.0,0.0,0.7,0.7,4.3,3.01,0,0,0,0.0,194,0,LOW
MED-005,Tablet,Antihyperlipidemic (Statin),28.5,38.0,20.0,25.0,0.0,3.5,3.5,11.5,40.25,0,0,0,0.0,323,0,MODERATE
MED-013,Tablet,Endocrine (Thyroid Hormone),26.6,52.5,15.0,30.0,0.0,0.0,0.0,2.4,0.0,0,0,0,0.0,504,0,LOW
MED-017,Nasal Spray Suspension,Corticosteroid / Allergy,34.3,20.5,4.0,30.0,0.0,4.3,4.3,6.4,27.52,0,1,0,0.0,381,0,MODERATE
MED-004,Tablet,Antidiabetic (Biguanide),40.0,22.8,20.0,25.0,0.0,15.0,15.0,20.5,307.5,0,0,0,0.0,180,0,HIGH
MED-016,Inhalation Aerosol,Respiratory (Bronchodilator),29.3,52.3,15.0,25.0,0.0,4.3,4.3,5.3,22.79,0,1,0,0.0,66,0,MODERATE
MED-020,Tablet,Antidepressant (SSRI),42.4,49.9,20.0,25.0,0.0,17.4,17.4,63.8,1110.12,0,0,0,0.0,41,1,HIGH
MED-014,Subcutaneous Injection,Endocrine (Hormone),23.1,83.8,2.0,8.0,0.0,15.1,15.1,26.6,401.66,1,1,0,0.0,91,0,HIGH
MED-021,Tablet,Respiratory (Leukotriene Antagonist),29.9,77.2,15.0,30.0,0.0,0.0,0.0,16.3,0.0,0,0,0,0.0,143,0,LOW
MED-015,Subcutaneous Injection,Endocrine (Hormone),7.7,33.7,2.0,8.0,0.0,0.0,0.0,24.9,0.0,1,1,0,0.0,165,0,LOW
MED-013,Tablet,Endocrine (Thyroid Hormone),1.7,41.8,15.0,30.0,13.3,0.0,13.3,52.6,699.58,0,0,0,0.0,203,0,HIGH
MED-010,Tablet,Antihistamine,42.3,63.1,20.0,25.0,0.0,17.3,17.3,68.7,1188.51,0,0,0,0.0,46,1,HIGH
MED-013,Tablet,Endocrine (Thyroid Hormone),30.0,45.3,15.0,30.0,0.0,0.0,0.0,4.3,0.0,0,0,0,0.0,275,0,LOW
MED-019,Delayed-Release Tablet,Gastrointestinal (PPI),22.6,62.2,20.0,25.0,0.0,0.0,0.0,1.6,0.0,0,0,0,0.0,170,0,LOW
MED-017,Nasal Spray Suspension,Corticosteroid / Allergy,44.4,24.0,4.0,30.0,0.0,14.4,14.4,33.2,478.08,0,1,0,0.0,187,0,HIGH
MED-003,Tablet,Antibiotic (Beta-lactamase inhibitor),12.2,29.6,15.0,25.0,2.8,0.0,2.8,6.3,17.64,0,0,0,0.0,25,1,MODERATE
MED-012,Tablet,Antihypertensive (CCB),33.7,53.2,15.0,30.0,0.0,3.7,3.7,11.8,43.66,0,0,0,0.0,60,1,HIGH
MED-012,Tablet,Antihypertensive (CCB),33.0,80.1,15.0,30.0,0.0,3.0,3.0,4.7,14.1,0,0,0,0.0,160,0,LOW
MED-016,Inhalation Aerosol,Respiratory (Bronchodilator),26.2,36.3,15.0,25.0,0.0,1.2,1.2,3.2,3.84,0,1,0,0.0,351,0,LOW
MED-016,Inhalation Aerosol,Respiratory (Bronchodilator),27.0,48.7,15.0,25.0,0.0,2.0,2.0,2.4,4.8,0,1,0,0.0,177,0,LOW
MED-016,Inhalation Aerosol,Respiratory (Bronchodilator),28.2,53.0,15.0,25.0,0.0,3.2,3.2,1.2,3.84,0,1,0,0.0,383,0,LOW
MED-005,Tablet,Antihyperlipidemic (Statin),36.8,20.0,20.0,25.0,0.0,11.8,11.8,66.6,785.88,0,0,0,0.0,223,0,HIGH
MED-018,Capsule,Antibiotic (Tetracycline),32.4,34.3,20.0,25.0,0.0,7.4,7.4,4.4,32.56,0,0,0,0.0,220,0,MODERATE
MED-017,Nasal Spray Suspension,Corticosteroid / Allergy,29.8,22.4,4.0,30.0,0.0,0.0,0.0,0.8,0.0,0,1,0,0.0,722,0,LOW
MED-008,Tablet,Antibiotic (Fluoroquinolone),23.1,68.7,20.0,25.0,0.0,0.0,0.0,0.7,0.0,0,0,0,0.0,613,0,LOW
MED-010,Tablet,Antihistamine,29.9,55.1,20.0,25.0,0.0,4.9,4.9,8.9,43.61,0,0,0,0.0,273,0,MODERATE
MED-019,Delayed-Release Tablet,Gastrointestinal (PPI),15.6,82.2,20.0,25.0,4.4,0.0,4.4,17.5,77.0,0,0,0,0.0,26,1,HIGH
MED-009,Tablet,Analgesic / NSAID,-1.5,71.6,20.0,25.0,21.5,0.0,21.5,13.1,281.65,0,0,0,0.0,347,0,HIGH
MED-009,Tablet,Analgesic / NSAID,23.3,62.3,20.0,25.0,0.0,0.0,0.0,3.8,0.0,0,0,0,0.0,297,0,LOW
MED-024,Tablet,Corticosteroid / Anti-inflammatory,35.6,20.9,20.0,25.0,0.0,10.6,10.6,19.9,210.94,0,0,0,0.0,260,0,HIGH
MED-011,Tablet,Antihypertensive (ARB),10.8,21.2,15.0,30.0,4.2,0.0,4.2,7.4,31.08,0,0,0,0.0,329,0,MODERATE
MED-018,Capsule,Antibiotic (Tetracycline),32.7,64.6,20.0,25.0,0.0,7.7,7.7,4.0,30.8,0,0,0,0.0,478,0,MODERATE
MED-010,Tablet,Antihistamine,41.5,23.6,20.0,25.0,0.0,16.5,16.5,64.5,1064.25,0,0,0,0.0,170,0,HIGH
MED-023,Capsule,Anticonvulsant / Neuropathic,0.5,32.3,15.0,30.0,14.5,0.0,14.5,60.3,874.35,0,0,0,0.0,202,0,HIGH
MED-015,Subcutaneous Injection,Endocrine (Hormone),12.2,33.0,2.0,8.0,0.0,4.2,4.2,7.4,31.08,1,1,0,0.0,378,0,MODERATE
MED-018,Capsule,Antibiotic (Tetracycline),28.2,43.2,20.0,25.0,0.0,3.2,3.2,13.8,44.16,0,0,0,0.0,120,0,MODERATE
MED-024,Tablet,Corticosteroid / Anti-inflammatory,44.7,54.5,20.0,25.0,0.0,19.7,19.7,44.0,866.8,0,0,0,0.0,186,0,HIGH
MED-006,Delayed-Release Capsule,Gastrointestinal (PPI),43.4,68.4,15.0,30.0,0.0,13.4,13.4,66.6,892.44,0,0,0,0.0,208,0,HIGH
MED-004,Tablet,Antidiabetic (Biguanide),25.6,70.0,20.0,25.0,0.0,0.6,0.6,16.9,10.14,0,0,0,0.0,486,0,LOW
MED-017,Nasal Spray Suspension,Corticosteroid / Allergy,35.0,21.6,4.0,30.0,0.0,5.0,5.0,2.8,14.0,0,1,0,0.0,308,0,MODERATE
MED-022,Tablet,Antiplatelet / Hematologic,16.4,29.8,15.0,30.0,0.0,0.0,0.0,4.4,0.0,0,0,0,0.0,228,0,LOW
MED-011,Tablet,Antihypertensive (ARB),28.7,51.1,15.0,30.0,0.0,0.0,0.0,3.1,0.0,0,0,0,0.0,212,0,LOW
MED-014,Subcutaneous Injection,Endocrine (Hormone),9.1,78.0,2.0,8.0,0.0,1.1,1.1,1.5,1.65,1,1,0,0.0,330,0,LOW
MED-025,Tablet,Diuretic / Antihypertensive,15.9,62.3,15.0,30.0,0.0,0.0,0.0,20.1,0.0,0,0,0,0.0,86,0,LOW
MED-018,Capsule,Antibiotic (Tetracycline),25.8,83.5,20.0,25.0,0.0,0.8,0.8,7.5,6.0,0,0,0,0.0,454,0,LOW
MED-022,Tablet,Antiplatelet / Hematologic,42.3,21.5,15.0,30.0,0.0,12.3,12.3,68.4,841.32,0,0,0,0.0,201,0,HIGH
MED-007,Tablet,Antibiotic (Macrolide),36.0,69.0,15.0,30.0,0.0,6.0,6.0,29.7,178.2,0,0,0,0.0,246,0,HIGH
MED-009,Tablet,Analgesic / NSAID,16.1,35.1,20.0,25.0,3.9,0.0,3.9,24.0,93.6,0,0,0,0.0,553,0,MODERATE
MED-019,Delayed-Release Tablet,Gastrointestinal (PPI),26.2,44.7,20.0,25.0,0.0,1.2,1.2,7.0,8.4,0,0,0,0.0,203,0,LOW
MED-001,Tablet,Analgesic / Antipyretic,44.3,21.5,20.0,25.0,0.0,19.3,19.3,69.4,1339.42,0,0,0,0.0,178,0,HIGH
MED-011,Tablet,Antihypertensive (ARB),32.2,24.3,15.0,30.0,0.0,2.2,2.2,18.8,41.36,0,0,0,0.0,105,0,MODERATE
MED-011,Tablet,Antihypertensive (ARB),11.9,30.8,15.0,30.0,3.1,0.0,3.1,1.5,4.65,0,0,0,0.0,22,1,LOW
MED-025,Tablet,Diuretic / Antihypertensive,41.0,21.1,15.0,30.0,0.0,11.0,11.0,23.6,259.6,0,0,0,0.0,76,0,HIGH
MED-003,Tablet,Antibiotic (Beta-lactamase inhibitor),23.5,28.6,15.0,25.0,0.0,0.0,0.0,9.7,0.0,0,0,0,0.0,419,0,LOW
MED-001,Tablet,Analgesic / Antipyretic,23.4,44.7,20.0,25.0,0.0,0.0,0.0,1.7,0.0,0,0,0,0.0,79,0,LOW
MED-002,Capsule,Antibiotic (Penicillin),15.3,34.3,20.0,25.0,4.7,0.0,4.7,14.5,68.15,0,0,0,0.0,131,0,MODERATE
MED-010,Tablet,Antihistamine,21.3,47.2,20.0,25.0,0.0,0.0,0.0,23.5,0.0,0,0,0,0.0,191,0,LOW
MED-002,Capsule,Antibiotic (Penicillin),28.8,25.1,20.0,25.0,0.0,3.8,3.8,12.3,46.74,0,0,0,0.0,92,0,MODERATE
MED-020,Tablet,Antidepressant (SSRI),40.1,42.3,20.0,25.0,0.0,15.1,15.1,43.7,659.87,0,0,0,0.0,173,0,HIGH
MED-021,Tablet,Respiratory (Leukotriene Antagonist),33.4,73.2,15.0,30.0,0.0,3.4,3.4,7.7,26.18,0,0,0,0.0,593,0,MODERATE
MED-020,Tablet,Antidepressant (SSRI),42.1,24.3,20.0,25.0,0.0,17.1,17.1,43.4,742.14,0,0,0,0.0,177,0,HIGH
MED-025,Tablet,Diuretic / Antihypertensive,28.7,62.9,15.0,30.0,0.0,0.0,0.0,2.3,0.0,0,0,0,0.0,204,0,LOW
MED-012,Tablet,Antihypertensive (CCB),22.8,30.9,15.0,30.0,0.0,0.0,0.0,1.8,0.0,0,0,0,0.0,631,0,LOW
MED-015,Subcutaneous Injection,Endocrine (Hormone),-1.2,28.2,2.0,8.0,3.2,0.0,3.2,14.9,47.68,1,1,0,0.0,153,0,HIGH
MED-006,Delayed-Release Capsule,Gastrointestinal (PPI),12.9,36.4,15.0,30.0,2.1,0.0,2.1,14.5,30.45,0,0,0,0.0,575,0,MODERATE
MED-009,Tablet,Analgesic / NSAID,15.7,54.3,20.0,25.0,4.3,0.0,4.3,5.6,24.08,0,0,0,0.0,262,0,MODERATE
MED-021,Tablet,Respiratory (Leukotriene Antagonist),37.9,47.4,15.0,30.0,0.0,7.9,7.9,12.2,96.38,0,0,0,0.0,212,0,MODERATE
MED-018,Capsule,Antibiotic (Tetracycline),21.9,77.9,20.0,25.0,0.0,0.0,0.0,23.9,0.0,0,0,0,0.0,234,0,LOW
MED-005,Tablet,Antihyperlipidemic (Statin),35.3,45.1,20.0,25.0,0.0,10.3,10.3,29.6,304.88,0,0,0,0.0,38,1,HIGH
MED-021,Tablet,Respiratory (Leukotriene Antagonist),20.7,22.7,15.0,30.0,0.0,0.0,0.0,1.2,0.0,0,0,0,0.0,677,0,LOW
MED-002,Capsule,Antibiotic (Penicillin),36.4,42.1,20.0,25.0,0.0,11.4,11.4,51.2,583.68,0,0,0,0.0,100,0,HIGH
MED-005,Tablet,Antihyperlipidemic (Statin),41.0,30.3,20.0,25.0,0.0,16.0,16.0,47.6,761.6,0,0,0,0.0,88,0,HIGH
MED-017,Nasal Spray Suspension,Corticosteroid / Allergy,43.6,73.2,4.0,30.0,0.0,13.6,13.6,9.1,123.76,0,1,0,0.0,75,0,HIGH
MED-007,Tablet,Antibiotic (Macrolide),31.6,45.7,15.0,30.0,0.0,1.6,1.6,15.1,24.16,0,0,0,0.0,18,1,MODERATE
MED-018,Capsule,Antibiotic (Tetracycline),22.4,65.2,20.0,25.0,0.0,0.0,0.0,0.6,0.0,0,0,0,0.0,288,0,LOW
MED-024,Tablet,Corticosteroid / Anti-inflammatory,31.0,43.2,20.0,25.0,0.0,6.0,6.0,14.0,84.0,0,0,0,0.0,44,1,HIGH
MED-017,Nasal Spray Suspension,Corticosteroid / Allergy,3.5,43.4,4.0,30.0,0.5,0.0,0.5,19.1,9.55,0,1,0,0.0,351,0,LOW
MED-024,Tablet,Corticosteroid / Anti-inflammatory,26.7,39.3,20.0,25.0,0.0,1.7,1.7,6.2,10.54,0,0,0,0.0,262,0,LOW
MED-011,Tablet,Antihypertensive (ARB),22.3,36.8,15.0,30.0,0.0,0.0,0.0,1.4,0.0,0,0,0,0.0,216,0,LOW
MED-006,Delayed-Release Capsule,Gastrointestinal (PPI),35.8,36.5,15.0,30.0,0.0,5.8,5.8,9.0,52.2,0,0,0,0.0,124,0,MODERATE
MED-006,Delayed-Release Capsule,Gastrointestinal (PPI),12.7,66.1,15.0,30.0,2.3,0.0,2.3,12.9,29.67,0,0,0,0.0,106,0,MODERATE
MED-013,Tablet,Endocrine (Thyroid Hormone),15.1,79.6,15.0,30.0,0.0,0.0,0.0,22.7,0.0,0,0,0,0.0,284,0,LOW
MED-005,Tablet,Antihyperlipidemic (Statin),43.0,47.5,20.0,25.0,0.0,18.0,18.0,64.4,1159.2,0,0,0,0.0,311,0,HIGH
MED-007,Tablet,Antibiotic (Macrolide),35.8,84.0,15.0,30.0,0.0,5.8,5.8,8.0,46.4,0,0,0,0.0,415,0,MODERATE
MED-018,Capsule,Antibiotic (Tetracycline),21.3,49.0,20.0,25.0,0.0,0.0,0.0,1.0,0.0,0,0,0,0.0,150,0,LOW
MED-001,Tablet,Analgesic / Antipyretic,25.8,72.7,20.0,25.0,0.0,0.8,0.8,14.4,11.52,0,0,0,0.0,491,0,LOW
MED-004,Tablet,Antidiabetic (Biguanide),40.4,54.1,20.0,25.0,0.0,15.4,15.4,48.1,740.74,0,0,0,0.0,24,1,HIGH
MED-002,Capsule,Antibiotic (Penicillin),19.3,47.6,20.0,25.0,0.7,0.0,0.7,22.9,16.03,0,0,0,0.0,328,0,LOW
MED-012,Tablet,Antihypertensive (CCB),29.0,22.9,15.0,30.0,0.0,0.0,0.0,15.3,0.0,0,0,0,0.0,523,0,LOW
MED-002,Capsule,Antibiotic (Penicillin),24.7,21.3,20.0,25.0,0.0,0.0,0.0,0.8,0.0,0,0,0,0.0,61,0,LOW
MED-002,Capsule,Antibiotic (Penicillin),17.8,80.5,20.0,25.0,2.2,0.0,2.2,4.7,10.34,0,0,0,0.0,81,0,LOW
MED-022,Tablet,Antiplatelet / Hematologic,17.7,43.3,15.0,30.0,0.0,0.0,0.0,1.5,0.0,0,0,0,0.0,478,0,LOW
MED-006,Delayed-Release Capsule,Gastrointestinal (PPI),30.7,79.3,15.0,30.0,0.0,0.7,0.7,16.9,11.83,0,0,0,0.0,203,0,LOW
MED-005,Tablet,Antihyperlipidemic (Statin),45.7,26.8,20.0,25.0,0.0,20.7,20.7,35.6,736.92,0,0,0,0.0,193,0,HIGH
MED-008,Tablet,Antibiotic (Fluoroquinolone),27.9,38.1,20.0,25.0,0.0,2.9,2.9,35.1,101.79,0,0,0,0.0,28,1,HIGH
MED-002,Capsule,Antibiotic (Penicillin),26.2,30.6,20.0,25.0,0.0,1.2,1.2,16.9,20.28,0,0,0,0.0,486,0,MODERATE
MED-004,Tablet,Antidiabetic (Biguanide),17.1,84.6,20.0,25.0,2.9,0.0,2.9,14.0,40.6,0,0,0,0.0,532,0,MODERATE
MED-015,Subcutaneous Injection,Endocrine (Hormone),19.3,29.2,2.0,8.0,0.0,11.3,11.3,14.8,167.24,1,1,0,0.0,64,0,HIGH
MED-019,Delayed-Release Tablet,Gastrointestinal (PPI),19.8,80.8,20.0,25.0,0.2,0.0,0.2,5.1,1.02,0,0,0,0.0,418,0,LOW
MED-015,Subcutaneous Injection,Endocrine (Hormone),14.3,65.2,2.0,8.0,0.0,6.3,6.3,17.1,107.73,1,1,0,0.0,352,0,HIGH
MED-008,Tablet,Antibiotic (Fluoroquinolone),30.5,64.4,20.0,25.0,0.0,5.5,5.5,6.5,35.75,0,0,0,0.0,82,0,MODERATE
MED-012,Tablet,Antihypertensive (CCB),11.1,46.9,15.0,30.0,3.9,0.0,3.9,4.7,18.33,0,0,0,0.0,122,0,LOW
MED-009,Tablet,Analgesic / NSAID,23.5,48.9,20.0,25.0,0.0,0.0,0.0,0.9,0.0,0,0,0,0.0,63,0,LOW
MED-018,Capsule,Antibiotic (Tetracycline),39.7,35.5,20.0,25.0,0.0,14.7,14.7,41.4,608.58,0,0,0,0.0,337,0,HIGH
MED-009,Tablet,Analgesic / NSAID,32.5,27.6,20.0,25.0,0.0,7.5,7.5,17.4,130.5,0,0,0,0.0,409,0,HIGH
MED-002,Capsule,Antibiotic (Penicillin),44.9,20.9,20.0,25.0,0.0,19.9,19.9,70.7,1406.93,0,0,0,0.0,202,0,HIGH
MED-013,Tablet,Endocrine (Thyroid Hormone),33.4,44.2,15.0,30.0,0.0,3.4,3.4,33.9,115.26,0,0,0,0.0,461,0,MODERATE
MED-014,Subcutaneous Injection,Endocrine (Hormone),14.7,36.3,2.0,8.0,0.0,6.7,6.7,7.5,50.25,1,1,0,0.0,277,0,MODERATE
MED-015,Subcutaneous Injection,Endocrine (Hormone),7.2,36.8,2.0,8.0,0.0,0.0,0.0,1.9,0.0,1,1,0,0.0,630,0,LOW
MED-019,Delayed-Release Tablet,Gastrointestinal (PPI),25.7,79.8,20.0,25.0,0.0,0.7,0.7,13.3,9.31,0,0,0,0.0,93,0,LOW
MED-015,Subcutaneous Injection,Endocrine (Hormone),10.0,65.1,2.0,8.0,0.0,2.0,2.0,22.2,44.4,1,1,0,0.0,115,0,MODERATE
MED-023,Capsule,Anticonvulsant / Neuropathic,32.8,36.0,15.0,30.0,0.0,2.8,2.8,12.1,33.88,0,0,0,0.0,401,0,MODERATE
MED-020,Tablet,Antidepressant (SSRI),22.4,68.9,20.0,25.0,0.0,0.0,0.0,2.2,0.0,0,0,0,0.0,573,0,LOW
MED-016,Inhalation Aerosol,Respiratory (Bronchodilator),27.7,81.8,15.0,25.0,0.0,2.7,2.7,33.2,89.64,0,1,0,0.0,496,0,MODERATE
MED-012,Tablet,Antihypertensive (CCB),38.5,73.3,15.0,30.0,0.0,8.5,8.5,42.0,357.0,0,0,0,0.0,138,0,HIGH
MED-016,Inhalation Aerosol,Respiratory (Bronchodilator),32.6,71.6,15.0,25.0,0.0,7.6,7.6,10.6,80.56,0,1,0,0.0,220,0,MODERATE
MED-001,Tablet,Analgesic / Antipyretic,29.7,35.4,20.0,25.0,0.0,4.7,4.7,4.0,18.8,0,0,0,0.0,330,0,LOW
MED-019,Delayed-Release Tablet,Gastrointestinal (PPI),41.3,69.5,20.0,25.0,0.0,16.3,16.3,43.3,705.79,0,0,0,0.0,74,0,HIGH
MED-024,Tablet,Corticosteroid / Anti-inflammatory,18.6,27.3,20.0,25.0,1.4,0.0,1.4,22.0,30.8,0,0,0,0.0,313,0,MODERATE
MED-005,Tablet,Antihyperlipidemic (Statin),39.6,65.4,20.0,25.0,0.0,14.6,14.6,31.5,459.9,0,0,0,0.0,314,0,HIGH
MED-017,Nasal Spray Suspension,Corticosteroid / Allergy,31.9,30.8,4.0,30.0,0.0,1.9,1.9,35.2,66.88,0,1,0,0.0,64,0,MODERATE
MED-001,Tablet,Analgesic / Antipyretic,47.2,81.6,20.0,25.0,0.0,22.2,22.2,15.9,352.98,0,0,0,0.0,75,0,HIGH
MED-010,Tablet,Antihistamine,22.9,78.2,20.0,25.0,0.0,0.0,0.0,2.2,0.0,0,0,0,0.0,154,0,LOW
MED-021,Tablet,Respiratory (Leukotriene Antagonist),39.4,62.4,15.0,30.0,0.0,9.4,9.4,15.0,141.0,0,0,0,0.0,162,0,HIGH
MED-003,Tablet,Antibiotic (Beta-lactamase inhibitor),17.5,60.6,15.0,25.0,0.0,0.0,0.0,1.0,0.0,0,0,0,0.0,399,0,LOW
MED-017,Nasal Spray Suspension,Corticosteroid / Allergy,37.3,23.0,4.0,30.0,0.0,7.3,7.3,33.6,245.28,0,1,0,0.0,371,0,HIGH
MED-006,Delayed-Release Capsule,Gastrointestinal (PPI),11.8,21.1,15.0,30.0,3.2,0.0,3.2,19.1,61.12,0,0,0,0.0,375,0,MODERATE
MED-025,Tablet,Diuretic / Antihypertensive,16.4,69.8,15.0,30.0,0.0,0.0,0.0,12.0,0.0,0,0,0,0.0,357,0,LOW
MED-018,Capsule,Antibiotic (Tetracycline),27.7,45.6,20.0,25.0,0.0,2.7,2.7,13.2,35.64,0,0,0,0.0,109,0,MODERATE
MED-017,Nasal Spray Suspension,Corticosteroid / Allergy,40.7,39.0,4.0,30.0,0.0,10.7,10.7,61.5,658.05,0,1,0,0.0,271,0,HIGH
MED-004,Tablet,Antidiabetic (Biguanide),43.4,73.4,20.0,25.0,0.0,18.4,18.4,9.2,169.28,0,0,0,0.0,346,0,HIGH
MED-006,Delayed-Release Capsule,Gastrointestinal (PPI),35.8,25.8,15.0,30.0,0.0,5.8,5.8,15.8,91.64,0,0,0,0.0,137,0,MODERATE
MED-011,Tablet,Antihypertensive (ARB),35.9,68.3,15.0,30.0,0.0,5.9,5.9,17.0,100.3,0,0,0,0.0,355,0,MODERATE
MED-001,Tablet,Analgesic / Antipyretic,21.4,59.0,20.0,25.0,0.0,0.0,0.0,18.0,0.0,0,0,0,0.0,318,0,LOW
MED-002,Capsule,Antibiotic (Penicillin),27.9,35.7,20.0,25.0,0.0,2.9,2.9,34.2,99.18,0,0,0,0.0,366,0,MODERATE
MED-015,Subcutaneous Injection,Endocrine (Hormone),8.8,69.3,2.0,8.0,0.0,0.8,0.8,33.1,26.48,1,1,0,0.0,211,0,MODERATE
MED-016,Inhalation Aerosol,Respiratory (Bronchodilator),26.1,66.3,15.0,25.0,0.0,1.1,1.1,5.8,6.38,0,1,0,0.0,361,0,LOW
MED-017,Nasal Spray Suspension,Corticosteroid / Allergy,47.8,82.3,4.0,30.0,0.0,17.8,17.8,8.2,145.96,0,1,0,0.0,98,0,HIGH
MED-021,Tablet,Respiratory (Leukotriene Antagonist),35.8,81.5,15.0,30.0,0.0,5.8,5.8,7.2,41.76,0,0,0,0.0,324,0,MODERATE
MED-017,Nasal Spray Suspension,Corticosteroid / Allergy,3.4,81.3,4.0,30.0,0.6,0.0,0.6,19.3,11.58,0,1,0,0.0,375,0,LOW
MED-025,Tablet,Diuretic / Antihypertensive,19.5,49.2,15.0,30.0,0.0,0.0,0.0,4.0,0.0,0,0,0,0.0,283,0,LOW
MED-020,Tablet,Antidepressant (SSRI),20.9,50.0,20.0,25.0,0.0,0.0,0.0,3.6,0.0,0,0,0,0.0,526,0,LOW
MED-006,Delayed-Release Capsule,Gastrointestinal (PPI),45.9,59.7,15.0,30.0,0.0,15.9,15.9,62.6,995.34,0,0,0,0.0,103,0,HIGH
MED-009,Tablet,Analgesic / NSAID,24.9,59.4,20.0,25.0,0.0,0.0,0.0,5.4,0.0,0,0,0,0.0,404,0,LOW
MED-002,Capsule,Antibiotic (Penicillin),26.0,24.4,20.0,25.0,0.0,1.0,1.0,16.9,16.9,0,0,0,0.0,452,0,LOW
MED-024,Tablet,Corticosteroid / Anti-inflammatory,35.3,71.5,20.0,25.0,0.0,10.3,10.3,55.1,567.53,0,0,0,0.0,282,0,HIGH
MED-002,Capsule,Antibiotic (Penicillin),21.4,74.8,20.0,25.0,0.0,0.0,0.0,2.4,0.0,0,0,0,0.0,81,0,LOW
MED-006,Delayed-Release Capsule,Gastrointestinal (PPI),17.6,34.6,15.0,30.0,0.0,0.0,0.0,1.4,0.0,0,0,0,0.0,683,0,LOW
MED-018,Capsule,Antibiotic (Tetracycline),43.3,57.2,20.0,25.0,0.0,18.3,18.3,56.1,1026.63,0,0,0,0.0,47,1,HIGH
MED-005,Tablet,Antihyperlipidemic (Statin),23.8,70.6,20.0,25.0,0.0,0.0,0.0,2.2,0.0,0,0,0,0.0,412,0,LOW
MED-006,Delayed-Release Capsule,Gastrointestinal (PPI),22.6,52.7,15.0,30.0,0.0,0.0,0.0,2.2,0.0,0,0,0,0.0,446,0,LOW
MED-003,Tablet,Antibiotic (Beta-lactamase inhibitor),15.2,58.2,15.0,25.0,0.0,0.0,0.0,2.2,0.0,0,0,0,0.0,376,0,LOW
MED-009,Tablet,Analgesic / NSAID,15.1,22.7,20.0,25.0,4.9,0.0,4.9,8.3,40.67,0,0,0,0.0,549,0,MODERATE
MED-020,Tablet,Antidepressant (SSRI),27.9,27.7,20.0,25.0,0.0,2.9,2.9,13.4,38.86,0,0,0,0.0,466,0,MODERATE
MED-015,Subcutaneous Injection,Endocrine (Hormone),7.0,83.5,2.0,8.0,0.0,0.0,0.0,11.4,0.0,1,1,0,0.0,25,1,LOW
MED-008,Tablet,Antibiotic (Fluoroquinolone),30.7,43.7,20.0,25.0,0.0,5.7,5.7,16.3,92.91,0,0,0,0.0,382,0,MODERATE
MED-008,Tablet,Antibiotic (Fluoroquinolone),40.6,69.8,20.0,25.0,0.0,15.6,15.6,34.1,531.96,0,0,0,0.0,296,0,HIGH
MED-014,Subcutaneous Injection,Endocrine (Hormone),11.7,71.2,2.0,8.0,0.0,3.7,3.7,6.9,25.53,1,1,0,0.0,118,0,MODERATE
MED-004,Tablet,Antidiabetic (Biguanide),25.4,44.3,20.0,25.0,0.0,0.4,0.4,9.5,3.8,0,0,0,0.0,600,0,LOW
MED-004,Tablet,Antidiabetic (Biguanide),26.8,28.3,20.0,25.0,0.0,1.8,1.8,18.1,32.58,0,0,0,0.0,572,0,MODERATE
MED-012,Tablet,Antihypertensive (CCB),34.0,23.2,15.0,30.0,0.0,4.0,4.0,17.3,69.2,0,0,0,0.0,229,0,MODERATE
MED-022,Tablet,Antiplatelet / Hematologic,31.4,69.1,15.0,30.0,0.0,1.4,1.4,13.5,18.9,0,0,0,0.0,321,0,LOW
MED-007,Tablet,Antibiotic (Macrolide),24.6,36.5,15.0,30.0,0.0,0.0,0.0,2.8,0.0,0,0,0,0.0,41,1,LOW
MED-001,Tablet,Analgesic / Antipyretic,30.6,58.6,20.0,25.0,0.0,5.6,5.6,13.3,74.48,0,0,0,0.0,106,0,MODERATE
MED-011,Tablet,Antihypertensive (ARB),47.5,81.8,15.0,30.0,0.0,17.5,17.5,29.8,521.5,0,0,0,0.0,27,1,HIGH
MED-021,Tablet,Respiratory (Leukotriene Antagonist),39.4,84.9,15.0,30.0,0.0,9.4,9.4,47.7,448.38,0,0,0,0.0,19,1,HIGH
MED-022,Tablet,Antiplatelet / Hematologic,11.6,52.8,15.0,30.0,3.4,0.0,3.4,10.3,35.02,0,0,0,0.0,44,1,HIGH
MED-008,Tablet,Antibiotic (Fluoroquinolone),42.5,68.9,20.0,25.0,0.0,17.5,17.5,29.7,519.75,0,0,0,0.0,184,0,HIGH
MED-024,Tablet,Corticosteroid / Anti-inflammatory,16.5,50.9,20.0,25.0,3.5,0.0,3.5,7.5,26.25,0,0,0,0.0,249,0,MODERATE
MED-007,Tablet,Antibiotic (Macrolide),46.7,74.1,15.0,30.0,0.0,16.7,16.7,45.7,763.19,0,0,0,0.0,166,0,HIGH
MED-004,Tablet,Antidiabetic (Biguanide),24.1,41.2,20.0,25.0,0.0,0.0,0.0,3.2,0.0,0,0,0,0.0,445,0,LOW
MED-010,Tablet,Antihistamine,22.6,23.0,20.0,25.0,0.0,0.0,0.0,2.8,0.0,0,0,0,0.0,590,0,LOW
MED-003,Tablet,Antibiotic (Beta-lactamase inhibitor),11.7,66.7,15.0,25.0,3.3,0.0,3.3,9.4,31.02,0,0,0,0.0,350,0,MODERATE
MED-021,Tablet,Respiratory (Leukotriene Antagonist),2.4,46.5,15.0,30.0,12.6,0.0,12.6,11.5,144.9,0,0,0,0.0,315,0,HIGH
MED-007,Tablet,Antibiotic (Macrolide),29.9,55.0,15.0,30.0,0.0,0.0,0.0,13.5,0.0,0,0,0,0.0,393,0,LOW
MED-018,Capsule,Antibiotic (Tetracycline),19.3,66.3,20.0,25.0,0.7,0.0,0.7,13.8,9.66,0,0,0,0.0,262,0,LOW
MED-019,Delayed-Release Tablet,Gastrointestinal (PPI),24.1,23.0,20.0,25.0,0.0,0.0,0.0,0.1,0.0,0,0,0,0.0,72,0,LOW
MED-016,Inhalation Aerosol,Respiratory (Bronchodilator),30.6,65.9,15.0,25.0,0.0,5.6,5.6,7.8,43.68,0,1,0,0.0,32,1,HIGH
MED-001,Tablet,Analgesic / Antipyretic,26.0,27.2,20.0,25.0,0.0,1.0,1.0,8.1,8.1,0,0,0,0.0,323,0,LOW
MED-010,Tablet,Antihistamine,28.3,36.1,20.0,25.0,0.0,3.3,3.3,1.2,3.96,0,0,0,0.0,156,0,LOW
MED-006,Delayed-Release Capsule,Gastrointestinal (PPI),30.1,71.2,15.0,30.0,0.0,0.1,0.1,26.8,2.68,0,0,0,0.0,254,0,LOW
MED-013,Tablet,Endocrine (Thyroid Hormone),-3.0,48.3,15.0,30.0,18.0,0.0,18.0,9.1,163.8,0,0,0,0.0,94,0,HIGH
MED-011,Tablet,Antihypertensive (ARB),12.3,35.9,15.0,30.0,2.7,0.0,2.7,5.1,13.77,0,0,0,0.0,57,1,MODERATE
MED-011,Tablet,Antihypertensive (ARB),0.8,38.0,15.0,30.0,14.2,0.0,14.2,67.2,954.24,0,0,0,0.0,56,1,HIGH
MED-019,Delayed-Release Tablet,Gastrointestinal (PPI),19.3,38.3,20.0,25.0,0.7,0.0,0.7,9.0,6.3,0,0,0,0.0,353,0,LOW
MED-005,Tablet,Antihyperlipidemic (Statin),24.1,70.9,20.0,25.0,0.0,0.0,0.0,16.3,0.0,0,0,0,0.0,599,0,LOW
MED-015,Subcutaneous Injection,Endocrine (Hormone),-2.2,62.0,2.0,8.0,4.2,0.0,4.2,22.0,92.4,1,1,0,0.0,13,1,HIGH
MED-023,Capsule,Anticonvulsant / Neuropathic,21.4,71.5,15.0,30.0,0.0,0.0,0.0,0.4,0.0,0,0,0,0.0,711,0,LOW
MED-005,Tablet,Antihyperlipidemic (Statin),46.4,71.6,20.0,25.0,0.0,21.4,21.4,67.8,1450.92,0,0,0,0.0,281,0,HIGH
MED-012,Tablet,Antihypertensive (CCB),31.6,43.6,15.0,30.0,0.0,1.6,1.6,15.6,24.96,0,0,0,0.0,16,1,MODERATE
MED-003,Tablet,Antibiotic (Beta-lactamase inhibitor),28.3,63.0,15.0,25.0,0.0,3.3,3.3,3.8,12.54,0,0,0,0.0,408,0,LOW
MED-012,Tablet,Antihypertensive (CCB),25.5,25.2,15.0,30.0,0.0,0.0,0.0,0.1,0.0,0,0,0,0.0,504,0,LOW
MED-019,Delayed-Release Tablet,Gastrointestinal (PPI),15.7,65.4,20.0,25.0,4.3,0.0,4.3,4.7,20.21,0,0,0,0.0,549,0,MODERATE
MED-023,Capsule,Anticonvulsant / Neuropathic,31.6,56.6,15.0,30.0,0.0,1.6,1.6,9.7,15.52,0,0,0,0.0,58,1,MODERATE
MED-015,Subcutaneous Injection,Endocrine (Hormone),26.4,80.7,2.0,8.0,0.0,18.4,18.4,8.1,149.04,1,1,0,0.0,145,0,HIGH
MED-022,Tablet,Antiplatelet / Hematologic,33.6,75.5,15.0,30.0,0.0,3.6,3.6,9.6,34.56,0,0,0,0.0,291,0,MODERATE
MED-013,Tablet,Endocrine (Thyroid Hormone),37.9,80.4,15.0,30.0,0.0,7.9,7.9,18.0,142.2,0,0,0,0.0,419,0,HIGH
MED-022,Tablet,Antiplatelet / Hematologic,45.7,65.4,15.0,30.0,0.0,15.7,15.7,66.5,1044.05,0,0,0,0.0,50,1,HIGH
MED-005,Tablet,Antihyperlipidemic (Statin),21.9,60.4,20.0,25.0,0.0,0.0,0.0,23.0,0.0,0,0,0,0.0,292,0,LOW
MED-015,Subcutaneous Injection,Endocrine (Hormone),12.4,35.4,2.0,8.0,0.0,4.4,4.4,5.1,22.44,1,1,0,0.0,102,0,MODERATE
MED-016,Inhalation Aerosol,Respiratory (Bronchodilator),45.6,53.8,15.0,25.0,0.0,20.6,20.6,14.3,294.58,0,1,0,0.0,342,0,HIGH
MED-014,Subcutaneous Injection,Endocrine (Hormone),-0.9,74.8,2.0,8.0,2.9,0.0,2.9,20.6,59.74,1,1,0,0.0,358,0,HIGH
MED-022,Tablet,Antiplatelet / Hematologic,14.6,53.1,15.0,30.0,0.4,0.0,0.4,6.4,2.56,0,0,0,0.0,160,0,LOW
MED-020,Tablet,Antidepressant (SSRI),23.7,24.5,20.0,25.0,0.0,0.0,0.0,0.5,0.0,0,0,0,0.0,550,0,LOW
MED-010,Tablet,Antihistamine,16.8,40.7,20.0,25.0,3.2,0.0,3.2,17.3,55.36,0,0,0,0.0,512,0,MODERATE
MED-003,Tablet,Antibiotic (Beta-lactamase inhibitor),27.7,59.2,15.0,25.0,0.0,2.7,2.7,9.8,26.46,0,0,0,0.0,277,0,MODERATE
MED-012,Tablet,Antihypertensive (CCB),27.6,74.0,15.0,30.0,0.0,0.0,0.0,1.0,0.0,0,0,0,0.0,197,0,LOW
MED-003,Tablet,Antibiotic (Beta-lactamase inhibitor),18.7,78.6,15.0,25.0,0.0,0.0,0.0,2.0,0.0,0,0,0,0.0,615,0,LOW
MED-011,Tablet,Antihypertensive (ARB),44.8,53.8,15.0,30.0,0.0,14.8,14.8,53.9,797.72,0,0,0,0.0,274,0,HIGH
MED-019,Delayed-Release Tablet,Gastrointestinal (PPI),30.0,26.4,20.0,25.0,0.0,5.0,5.0,7.8,39.0,0,0,0,0.0,113,0,MODERATE
MED-012,Tablet,Antihypertensive (CCB),26.4,72.5,15.0,30.0,0.0,0.0,0.0,2.3,0.0,0,0,0,0.0,147,0,LOW
MED-015,Subcutaneous Injection,Endocrine (Hormone),-2.9,29.1,2.0,8.0,4.9,0.0,4.9,42.8,209.72,1,1,0,0.0,273,0,HIGH
MED-019,Delayed-Release Tablet,Gastrointestinal (PPI),4.2,25.6,20.0,25.0,15.8,0.0,15.8,19.7,311.26,0,0,0,0.0,242,0,HIGH
MED-012,Tablet,Antihypertensive (CCB),33.2,27.6,15.0,30.0,0.0,3.2,3.2,34.4,110.08,0,0,0,0.0,195,0,MODERATE
MED-013,Tablet,Endocrine (Thyroid Hormone),21.8,83.7,15.0,30.0,0.0,0.0,0.0,2.3,0.0,0,0,0,0.0,316,0,LOW
MED-014,Subcutaneous Injection,Endocrine (Hormone),25.2,38.8,2.0,8.0,0.0,17.2,17.2,37.7,648.44,1,1,0,0.0,109,0,HIGH
MED-024,Tablet,Corticosteroid / Anti-inflammatory,38.5,82.3,20.0,25.0,0.0,13.5,13.5,21.4,288.9,0,0,0,0.0,365,0,HIGH
MED-019,Delayed-Release Tablet,Gastrointestinal (PPI),21.8,71.4,20.0,25.0,0.0,0.0,0.0,1.7,0.0,0,0,0,0.0,423,0,LOW
MED-004,Tablet,Antidiabetic (Biguanide),20.6,73.5,20.0,25.0,0.0,0.0,0.0,3.1,0.0,0,0,0,0.0,616,0,LOW
MED-020,Tablet,Antidepressant (SSRI),34.6,83.0,20.0,25.0,0.0,9.6,9.6,57.4,551.04,0,0,0,0.0,195,0,HIGH
MED-017,Nasal Spray Suspension,Corticosteroid / Allergy,33.5,38.0,4.0,30.0,0.0,3.5,3.5,3.3,11.55,0,1,0,0.0,277,0,LOW
MED-018,Capsule,Antibiotic (Tetracycline),29.6,77.9,20.0,25.0,0.0,4.6,4.6,35.8,164.68,0,0,0,0.0,557,0,HIGH
MED-007,Tablet,Antibiotic (Macrolide),25.6,57.6,15.0,30.0,0.0,0.0,0.0,3.2,0.0,0,0,0,0.0,35,1,LOW
MED-005,Tablet,Antihyperlipidemic (Statin),31.2,38.5,20.0,25.0,0.0,6.2,6.2,19.1,118.42,0,0,0,0.0,397,0,MODERATE
MED-023,Capsule,Anticonvulsant / Neuropathic,46.9,84.1,15.0,30.0,0.0,16.9,16.9,68.3,1154.27,0,0,0,0.0,51,1,HIGH
MED-008,Tablet,Antibiotic (Fluoroquinolone),39.8,45.3,20.0,25.0,0.0,14.8,14.8,59.2,876.16,0,0,0,0.0,335,0,HIGH
MED-002,Capsule,Antibiotic (Penicillin),20.3,48.2,20.0,25.0,0.0,0.0,0.0,3.7,0.0,0,0,0,0.0,502,0,LOW
MED-025,Tablet,Diuretic / Antihypertensive,35.0,25.7,15.0,30.0,0.0,5.0,5.0,5.5,27.5,0,0,0,0.0,370,0,MODERATE
MED-014,Subcutaneous Injection,Endocrine (Hormone),13.8,23.2,2.0,8.0,0.0,5.8,5.8,2.4,13.92,1,1,0,0.0,177,0,MODERATE
MED-024,Tablet,Corticosteroid / Anti-inflammatory,19.1,76.7,20.0,25.0,0.9,0.0,0.9,11.1,9.99,0,0,0,0.0,48,1,LOW
MED-009,Tablet,Analgesic / NSAID,24.5,74.4,20.0,25.0,0.0,0.0,0.0,19.8,0.0,0,0,0,0.0,578,0,LOW
MED-012,Tablet,Antihypertensive (CCB),33.6,69.3,15.0,30.0,0.0,3.6,3.6,2.4,8.64,0,0,0,0.0,511,0,LOW
MED-011,Tablet,Antihypertensive (ARB),42.6,56.1,15.0,30.0,0.0,12.6,12.6,38.9,490.14,0,0,0,0.0,338,0,HIGH
MED-019,Delayed-Release Tablet,Gastrointestinal (PPI),37.1,51.2,20.0,25.0,0.0,12.1,12.1,53.0,641.3,0,0,0,0.0,360,0,HIGH
MED-016,Inhalation Aerosol,Respiratory (Bronchodilator),25.8,81.9,15.0,25.0,0.0,0.8,0.8,15.9,12.72,0,1,0,0.0,124,0,LOW
MED-025,Tablet,Diuretic / Antihypertensive,20.2,20.5,15.0,30.0,0.0,0.0,0.0,1.9,0.0,0,0,0,0.0,169,0,LOW
MED-015,Subcutaneous Injection,Endocrine (Hormone),5.2,72.6,2.0,8.0,0.0,0.0,0.0,1.2,0.0,1,1,0,0.0,269,0,LOW
MED-018,Capsule,Antibiotic (Tetracycline),47.8,42.3,20.0,25.0,0.0,22.8,22.8,57.9,1320.12,0,0,0,0.0,7,1,HIGH
MED-012,Tablet,Antihypertensive (CCB),15.4,24.6,15.0,30.0,0.0,0.0,0.0,16.7,0.0,0,0,0,0.0,396,0,LOW
MED-025,Tablet,Diuretic / Antihypertensive,11.0,78.9,15.0,30.0,4.0,0.0,4.0,18.7,74.8,0,0,0,0.0,123,0,MODERATE
MED-016,Inhalation Aerosol,Respiratory (Bronchodilator),30.0,67.6,15.0,25.0,0.0,5.0,5.0,8.0,40.0,0,1,0,0.0,370,0,MODERATE
MED-020,Tablet,Antidepressant (SSRI),41.2,46.5,20.0,25.0,0.0,16.2,16.2,56.9,921.78,0,0,0,0.0,191,0,HIGH
MED-020,Tablet,Antidepressant (SSRI),30.8,30.9,20.0,25.0,0.0,5.8,5.8,13.8,80.04,0,0,0,0.0,549,0,MODERATE
MED-008,Tablet,Antibiotic (Fluoroquinolone),17.9,62.1,20.0,25.0,2.1,0.0,2.1,1.2,2.52,0,0,0,0.0,591,0,LOW
MED-003,Tablet,Antibiotic (Beta-lactamase inhibitor),24.3,71.1,15.0,25.0,0.0,0.0,0.0,0.4,0.0,0,0,0,0.0,396,0,LOW
MED-020,Tablet,Antidepressant (SSRI),30.3,39.1,20.0,25.0,0.0,5.3,5.3,4.7,24.91,0,0,0,0.0,70,0,MODERATE
MED-023,Capsule,Anticonvulsant / Neuropathic,34.1,68.1,15.0,30.0,0.0,4.1,4.1,18.5,75.85,0,0,0,0.0,563,0,MODERATE
MED-025,Tablet,Diuretic / Antihypertensive,15.5,83.5,15.0,30.0,0.0,0.0,0.0,15.5,0.0,0,0,0,0.0,83,0,LOW
MED-013,Tablet,Endocrine (Thyroid Hormone),17.0,57.1,15.0,30.0,0.0,0.0,0.0,0.3,0.0,0,0,0,0.0,181,0,LOW
MED-004,Tablet,Antidiabetic (Biguanide),29.8,24.5,20.0,25.0,0.0,4.8,4.8,5.3,25.44,0,0,0,0.0,471,0,MODERATE
MED-024,Tablet,Corticosteroid / Anti-inflammatory,18.9,76.3,20.0,25.0,1.1,0.0,1.1,10.6,11.66,0,0,0,0.0,118,0,LOW
MED-006,Delayed-Release Capsule,Gastrointestinal (PPI),29.1,51.2,15.0,30.0,0.0,0.0,0.0,10.9,0.0,0,0,0,0.0,435,0,LOW
MED-005,Tablet,Antihyperlipidemic (Statin),41.1,53.9,20.0,25.0,0.0,16.1,16.1,26.4,425.04,0,0,0,0.0,312,0,HIGH
MED-003,Tablet,Antibiotic (Beta-lactamase inhibitor),19.4,25.7,15.0,25.0,0.0,0.0,0.0,2.3,0.0,0,0,0,0.0,500,0,LOW
MED-005,Tablet,Antihyperlipidemic (Statin),25.6,76.4,20.0,25.0,0.0,0.6,0.6,17.8,10.68,0,0,0,0.0,336,0,LOW
MED-013,Tablet,Endocrine (Thyroid Hormone),32.1,29.1,15.0,30.0,0.0,2.1,2.1,8.7,18.27,0,0,0,0.0,211,0,LOW
MED-004,Tablet,Antidiabetic (Biguanide),43.8,23.8,20.0,25.0,0.0,18.8,18.8,51.5,968.2,0,0,0,0.0,68,1,HIGH
MED-015,Subcutaneous Injection,Endocrine (Hormone),10.9,44.9,2.0,8.0,0.0,2.9,2.9,1.3,3.77,1,1,0,0.0,154,0,LOW
MED-005,Tablet,Antihyperlipidemic (Statin),47.2,40.8,20.0,25.0,0.0,22.2,22.2,14.9,330.78,0,0,0,0.0,149,0,HIGH
MED-021,Tablet,Respiratory (Leukotriene Antagonist),-2.6,73.7,15.0,30.0,17.6,0.0,17.6,49.1,864.16,0,0,0,0.0,123,0,HIGH
MED-013,Tablet,Endocrine (Thyroid Hormone),39.3,64.6,15.0,30.0,0.0,9.3,9.3,40.4,375.72,0,0,0,0.0,11,1,HIGH
MED-022,Tablet,Antiplatelet / Hematologic,28.4,81.8,15.0,30.0,0.0,0.0,0.0,26.3,0.0,0,0,0,0.0,194,0,LOW
MED-011,Tablet,Antihypertensive (ARB),46.3,78.7,15.0,30.0,0.0,16.3,16.3,29.2,475.96,0,0,0,0.0,306,0,HIGH
MED-006,Delayed-Release Capsule,Gastrointestinal (PPI),34.6,74.7,15.0,30.0,0.0,4.6,4.6,10.9,50.14,0,0,0,0.0,436,0,MODERATE
MED-020,Tablet,Antidepressant (SSRI),36.0,41.7,20.0,25.0,0.0,11.0,11.0,61.3,674.3,0,0,0,0.0,252,0,HIGH
MED-019,Delayed-Release Tablet,Gastrointestinal (PPI),28.1,26.1,20.0,25.0,0.0,3.1,3.1,13.1,40.61,0,0,0,0.0,308,0,MODERATE
MED-006,Delayed-Release Capsule,Gastrointestinal (PPI),32.0,25.8,15.0,30.0,0.0,2.0,2.0,7.8,15.6,0,0,0,0.0,49,1,MODERATE
MED-007,Tablet,Antibiotic (Macrolide),29.2,69.7,15.0,30.0,0.0,0.0,0.0,3.1,0.0,0,0,0,0.0,338,0,LOW
MED-003,Tablet,Antibiotic (Beta-lactamase inhibitor),17.2,39.9,15.0,25.0,0.0,0.0,0.0,2.8,0.0,0,0,0,0.0,331,0,LOW
MED-017,Nasal Spray Suspension,Corticosteroid / Allergy,34.5,53.5,4.0,30.0,0.0,4.5,4.5,9.7,43.65,0,1,0,0.0,492,0,MODERATE
MED-025,Tablet,Diuretic / Antihypertensive,30.6,80.7,15.0,30.0,0.0,0.6,0.6,32.3,19.38,0,0,0,0.0,215,0,LOW
MED-021,Tablet,Respiratory (Leukotriene Antagonist),33.0,30.5,15.0,30.0,0.0,3.0,3.0,9.0,27.0,0,0,0,0.0,192,0,MODERATE
MED-020,Tablet,Antidepressant (SSRI),27.9,52.6,20.0,25.0,0.0,2.9,2.9,19.0,55.1,0,0,0,0.0,162,0,MODERATE
MED-014,Subcutaneous Injection,Endocrine (Hormone),14.5,81.9,2.0,8.0,0.0,6.5,6.5,7.3,47.45,1,1,0,0.0,226,0,MODERATE
MED-008,Tablet,Antibiotic (Fluoroquinolone),19.7,76.1,20.0,25.0,0.3,0.0,0.3,22.5,6.75,0,0,0,0.0,246,0,LOW
MED-019,Delayed-Release Tablet,Gastrointestinal (PPI),29.6,80.7,20.0,25.0,0.0,4.6,4.6,4.0,18.4,0,0,0,0.0,80,0,LOW
MED-008,Tablet,Antibiotic (Fluoroquinolone),18.6,32.7,20.0,25.0,1.4,0.0,1.4,1.7,2.38,0,0,0,0.0,510,0,LOW
MED-009,Tablet,Analgesic / NSAID,43.5,22.7,20.0,25.0,0.0,18.5,18.5,22.6,418.1,0,0,0,0.0,278,0,HIGH
MED-021,Tablet,Respiratory (Leukotriene Antagonist),32.5,25.4,15.0,30.0,0.0,2.5,2.5,3.9,9.75,0,0,0,0.0,242,0,LOW
MED-007,Tablet,Antibiotic (Macrolide),34.4,83.6,15.0,30.0,0.0,4.4,4.4,12.6,55.44,0,0,0,0.0,302,0,MODERATE
MED-011,Tablet,Antihypertensive (ARB),42.3,45.1,15.0,30.0,0.0,12.3,12.3,26.2,322.26,0,0,0,0.0,201,0,HIGH
MED-001,Tablet,Analgesic / Antipyretic,27.1,70.9,20.0,25.0,0.0,2.1,2.1,15.2,31.92,0,0,0,0.0,409,0,MODERATE
MED-020,Tablet,Antidepressant (SSRI),30.2,67.8,20.0,25.0,0.0,5.2,5.2,27.2,141.44,0,0,0,0.0,157,0,HIGH
MED-013,Tablet,Endocrine (Thyroid Hormone),13.1,26.2,15.0,30.0,1.9,0.0,1.9,17.5,33.25,0,0,0,0.0,452,0,MODERATE
MED-021,Tablet,Respiratory (Leukotriene Antagonist),19.3,23.7,15.0,30.0,0.0,0.0,0.0,3.9,0.0,0,0,0,0.0,563,0,LOW
MED-004,Tablet,Antidiabetic (Biguanide),30.1,62.6,20.0,25.0,0.0,5.1,5.1,4.2,21.42,0,0,0,0.0,25,1,MODERATE
MED-008,Tablet,Antibiotic (Fluoroquinolone),21.4,46.6,20.0,25.0,0.0,0.0,0.0,3.5,0.0,0,0,0,0.0,115,0,LOW
MED-001,Tablet,Analgesic / Antipyretic,26.3,26.7,20.0,25.0,0.0,1.3,1.3,10.2,13.26,0,0,0,0.0,202,0,LOW
MED-018,Capsule,Antibiotic (Tetracycline),0.9,57.9,20.0,25.0,19.1,0.0,19.1,21.4,408.74,0,0,0,0.0,39,1,HIGH
MED-023,Capsule,Anticonvulsant / Neuropathic,10.4,41.9,15.0,30.0,4.6,0.0,4.6,5.2,23.92,0,0,0,0.0,164,0,MODERATE
MED-018,Capsule,Antibiotic (Tetracycline),23.6,56.3,20.0,25.0,0.0,0.0,0.0,5.8,0.0,0,0,0,0.0,39,1,LOW
MED-022,Tablet,Antiplatelet / Hematologic,32.9,58.5,15.0,30.0,0.0,2.9,2.9,33.9,98.31,0,0,0,0.0,108,0,MODERATE
MED-012,Tablet,Antihypertensive (CCB),29.5,22.0,15.0,30.0,0.0,0.0,0.0,1.1,0.0,0,0,0,0.0,97,0,LOW
MED-010,Tablet,Antihistamine,38.8,41.0,20.0,25.0,0.0,13.8,13.8,8.5,117.3,0,0,0,0.0,8,1,HIGH
MED-013,Tablet,Endocrine (Thyroid Hormone),32.9,34.2,15.0,30.0,0.0,2.9,2.9,8.2,23.78,0,0,0,0.0,190,0,MODERATE
MED-016,Inhalation Aerosol,Respiratory (Bronchodilator),27.9,56.5,15.0,25.0,0.0,2.9,2.9,17.8,51.62,0,1,0,0.0,35,1,HIGH
MED-025,Tablet,Diuretic / Antihypertensive,10.8,59.7,15.0,30.0,4.2,0.0,4.2,21.9,91.98,0,0,0,0.0,139,0,MODERATE
MED-024,Tablet,Corticosteroid / Anti-inflammatory,23.4,26.4,20.0,25.0,0.0,0.0,0.0,3.9,0.0,0,0,0,0.0,85,0,LOW
MED-025,Tablet,Diuretic / Antihypertensive,42.0,32.9,15.0,30.0,0.0,12.0,12.0,52.5,630.0,0,0,0,0.0,291,0,HIGH
MED-003,Tablet,Antibiotic (Beta-lactamase inhibitor),30.7,54.7,15.0,25.0,0.0,5.7,5.7,14.8,84.36,0,0,0,0.0,258,0,MODERATE
MED-016,Inhalation Aerosol,Respiratory (Bronchodilator),29.2,68.8,15.0,25.0,0.0,4.2,4.2,4.0,16.8,0,1,0,0.0,424,0,LOW
MED-022,Tablet,Antiplatelet / Hematologic,33.8,79.1,15.0,30.0,0.0,3.8,3.8,9.5,36.1,0,0,0,0.0,277,0,MODERATE
MED-024,Tablet,Corticosteroid / Anti-inflammatory,28.1,53.0,20.0,25.0,0.0,3.1,3.1,9.0,27.9,0,0,0,0.0,113,0,MODERATE
MED-010,Tablet,Antihistamine,30.1,43.3,20.0,25.0,0.0,5.1,5.1,8.2,41.82,0,0,0,0.0,487,0,MODERATE
MED-025,Tablet,Diuretic / Antihypertensive,28.8,75.6,15.0,30.0,0.0,0.0,0.0,34.2,0.0,0,0,0,0.0,536,0,LOW
MED-007,Tablet,Antibiotic (Macrolide),12.3,73.0,15.0,30.0,2.7,0.0,2.7,8.0,21.6,0,0,0,0.0,52,1,MODERATE
MED-012,Tablet,Antihypertensive (CCB),4.8,54.4,15.0,30.0,10.2,0.0,10.2,47.3,482.46,0,0,0,0.0,305,0,HIGH
MED-015,Subcutaneous Injection,Endocrine (Hormone),35.3,73.5,2.0,8.0,0.0,27.3,27.3,14.2,387.66,1,1,0,0.0,124,0,HIGH
MED-004,Tablet,Antidiabetic (Biguanide),28.9,72.0,20.0,25.0,0.0,3.9,3.9,2.3,8.97,0,0,0,0.0,560,0,LOW
MED-025,Tablet,Diuretic / Antihypertensive,34.3,49.2,15.0,30.0,0.0,4.3,4.3,5.4,23.22,0,0,0,0.0,497,0,MODERATE
MED-004,Tablet,Antidiabetic (Biguanide),15.5,68.0,20.0,25.0,4.5,0.0,4.5,21.7,97.65,0,0,0,0.0,326,0,MODERATE
MED-019,Delayed-Release Tablet,Gastrointestinal (PPI),29.9,57.3,20.0,25.0,0.0,4.9,4.9,16.6,81.34,0,0,0,0.0,337,0,MODERATE
MED-019,Delayed-Release Tablet,Gastrointestinal (PPI),26.1,66.4,20.0,25.0,0.0,1.1,1.1,6.0,6.6,0,0,0,0.0,57,1,LOW
MED-020,Tablet,Antidepressant (SSRI),25.9,35.9,20.0,25.0,0.0,0.9,0.9,3.2,2.88,0,0,0,0.0,111,0,LOW
MED-021,Tablet,Respiratory (Leukotriene Antagonist),33.4,42.8,15.0,30.0,0.0,3.4,3.4,11.5,39.1,0,0,0,0.0,355,0,MODERATE
MED-008,Tablet,Antibiotic (Fluoroquinolone),33.9,24.0,20.0,25.0,0.0,8.9,8.9,46.3,412.07,0,0,0,0.0,290,0,HIGH
MED-007,Tablet,Antibiotic (Macrolide),22.5,50.7,15.0,30.0,0.0,0.0,0.0,2.4,0.0,0,0,0,0.0,450,0,LOW
MED-007,Tablet,Antibiotic (Macrolide),34.8,38.7,15.0,30.0,0.0,4.8,4.8,7.6,36.48,0,0,0,0.0,102,0,MODERATE
MED-004,Tablet,Antidiabetic (Biguanide),23.6,24.4,20.0,25.0,0.0,0.0,0.0,1.8,0.0,0,0,0,0.0,478,0,LOW
MED-012,Tablet,Antihypertensive (CCB),14.9,49.9,15.0,30.0,0.1,0.0,0.1,23.5,2.35,0,0,0,0.0,317,0,LOW
MED-002,Capsule,Antibiotic (Penicillin),32.9,76.3,20.0,25.0,0.0,7.9,7.9,22.4,176.96,0,0,0,0.0,585,0,HIGH
MED-025,Tablet,Diuretic / Antihypertensive,28.3,60.3,15.0,30.0,0.0,0.0,0.0,1.6,0.0,0,0,0,0.0,603,0,LOW
MED-010,Tablet,Antihistamine,35.4,50.9,20.0,25.0,0.0,10.4,10.4,48.6,505.44,0,0,0,0.0,162,0,HIGH
MED-009,Tablet,Analgesic / NSAID,24.5,67.7,20.0,25.0,0.0,0.0,0.0,0.8,0.0,0,0,0,0.0,173,0,LOW
MED-011,Tablet,Antihypertensive (ARB),11.2,50.7,15.0,30.0,3.8,0.0,3.8,3.7,14.06,0,0,0,0.0,552,0,LOW
MED-018,Capsule,Antibiotic (Tetracycline),30.8,21.8,20.0,25.0,0.0,5.8,5.8,9.1,52.78,0,0,0,0.0,582,0,MODERATE
MED-001,Tablet,Analgesic / Antipyretic,24.1,72.4,20.0,25.0,0.0,0.0,0.0,2.7,0.0,0,0,0,0.0,544,0,LOW
MED-008,Tablet,Antibiotic (Fluoroquinolone),21.7,21.2,20.0,25.0,0.0,0.0,0.0,16.7,0.0,0,0,0,0.0,116,0,LOW
MED-020,Tablet,Antidepressant (SSRI),30.0,36.2,20.0,25.0,0.0,5.0,5.0,4.8,24.0,0,0,0,0.0,436,0,MODERATE
MED-009,Tablet,Analgesic / NSAID,27.7,59.8,20.0,25.0,0.0,2.7,2.7,4.8,12.96,0,0,0,0.0,449,0,LOW
MED-017,Nasal Spray Suspension,Corticosteroid / Allergy,34.6,51.0,4.0,30.0,0.0,4.6,4.6,30.1,138.46,0,1,0,0.0,543,0,HIGH
MED-016,Inhalation Aerosol,Respiratory (Bronchodilator),27.3,63.5,15.0,25.0,0.0,2.3,2.3,3.8,8.74,0,1,0,0.0,201,0,LOW
MED-006,Delayed-Release Capsule,Gastrointestinal (PPI),48.0,26.9,15.0,30.0,0.0,18.0,18.0,9.9,178.2,0,0,0,0.0,111,0,HIGH
MED-020,Tablet,Antidepressant (SSRI),47.4,26.2,20.0,25.0,0.0,22.4,22.4,71.5,1601.6,0,0,0,0.0,263,0,HIGH
MED-025,Tablet,Diuretic / Antihypertensive,39.9,55.2,15.0,30.0,0.0,9.9,9.9,25.1,248.49,0,0,0,0.0,66,0,HIGH
MED-008,Tablet,Antibiotic (Fluoroquinolone),30.2,59.8,20.0,25.0,0.0,5.2,5.2,6.2,32.24,0,0,0,0.0,445,0,MODERATE
MED-010,Tablet,Antihistamine,36.0,77.8,20.0,25.0,0.0,11.0,11.0,29.6,325.6,0,0,0,0.0,324,0,HIGH
MED-019,Delayed-Release Tablet,Gastrointestinal (PPI),23.7,73.0,20.0,25.0,0.0,0.0,0.0,26.7,0.0,0,0,0,0.0,90,0,LOW
MED-007,Tablet,Antibiotic (Macrolide),23.6,70.4,15.0,30.0,0.0,0.0,0.0,0.9,0.0,0,0,0,0.0,274,0,LOW
MED-015,Subcutaneous Injection,Endocrine (Hormone),3.4,40.7,2.0,8.0,0.0,0.0,0.0,13.8,0.0,1,1,0,0.0,104,0,LOW
MED-025,Tablet,Diuretic / Antihypertensive,44.8,81.1,15.0,30.0,0.0,14.8,14.8,12.7,187.96,0,0,0,0.0,18,1,HIGH
MED-003,Tablet,Antibiotic (Beta-lactamase inhibitor),39.6,46.9,15.0,25.0,0.0,14.6,14.6,15.7,229.22,0,0,0,0.0,106,0,HIGH
MED-009,Tablet,Analgesic / NSAID,22.8,80.4,20.0,25.0,0.0,0.0,0.0,0.1,0.0,0,0,0,0.0,586,0,LOW
MED-012,Tablet,Antihypertensive (CCB),32.0,66.0,15.0,30.0,0.0,2.0,2.0,16.5,33.0,0,0,0,0.0,33,1,MODERATE
MED-006,Delayed-Release Capsule,Gastrointestinal (PPI),-4.9,42.3,15.0,30.0,19.9,0.0,19.9,31.1,618.89,0,0,0,0.0,218,0,HIGH
MED-002,Capsule,Antibiotic (Penicillin),29.0,23.6,20.0,25.0,0.0,4.0,4.0,7.2,28.8,0,0,0,0.0,425,0,MODERATE
MED-014,Subcutaneous Injection,Endocrine (Hormone),14.5,37.1,2.0,8.0,0.0,6.5,6.5,32.0,208.0,1,1,0,0.0,377,0,HIGH
MED-001,Tablet,Analgesic / Antipyretic,18.8,59.9,20.0,25.0,1.2,0.0,1.2,3.3,3.96,0,0,0,0.0,467,0,LOW
MED-021,Tablet,Respiratory (Leukotriene Antagonist),43.4,75.8,15.0,30.0,0.0,13.4,13.4,33.1,443.54,0,0,0,0.0,330,0,HIGH
MED-005,Tablet,Antihyperlipidemic (Statin),24.9,77.3,20.0,25.0,0.0,0.0,0.0,23.6,0.0,0,0,0,0.0,258,0,LOW
MED-019,Delayed-Release Tablet,Gastrointestinal (PPI),22.4,25.7,20.0,25.0,0.0,0.0,0.0,3.1,0.0,0,0,0,0.0,192,0,LOW
MED-005,Tablet,Antihyperlipidemic (Statin),24.7,55.2,20.0,25.0,0.0,0.0,0.0,0.1,0.0,0,0,0,0.0,36,1,LOW
MED-019,Delayed-Release Tablet,Gastrointestinal (PPI),19.0,52.2,20.0,25.0,1.0,0.0,1.0,2.0,2.0,0,0,0,0.0,431,0,LOW
MED-001,Tablet,Analgesic / Antipyretic,15.8,56.0,20.0,25.0,4.2,0.0,4.2,13.2,55.44,0,0,0,0.0,47,1,HIGH
MED-007,Tablet,Antibiotic (Macrolide),34.2,31.8,15.0,30.0,0.0,4.2,4.2,34.5,144.9,0,0,0,0.0,479,0,HIGH
MED-018,Capsule,Antibiotic (Tetracycline),22.7,74.0,20.0,25.0,0.0,0.0,0.0,3.7,0.0,0,0,0,0.0,404,0,LOW
MED-004,Tablet,Antidiabetic (Biguanide),16.6,66.4,20.0,25.0,3.4,0.0,3.4,21.3,72.42,0,0,0,0.0,577,0,MODERATE
MED-022,Tablet,Antiplatelet / Hematologic,21.9,53.7,15.0,30.0,0.0,0.0,0.0,0.5,0.0,0,0,0,0.0,208,0,LOW
MED-011,Tablet,Antihypertensive (ARB),35.7,49.5,15.0,30.0,0.0,5.7,5.7,14.5,82.65,0,0,0,0.0,348,0,MODERATE
MED-025,Tablet,Diuretic / Antihypertensive,43.0,38.4,15.0,30.0,0.0,13.0,13.0,22.3,289.9,0,0,0,0.0,363,0,HIGH
MED-009,Tablet,Analgesic / NSAID,23.1,53.2,20.0,25.0,0.0,0.0,0.0,2.0,0.0,0,0,0,0.0,620,0,LOW
MED-016,Inhalation Aerosol,Respiratory (Bronchodilator),28.5,80.8,15.0,25.0,0.0,3.5,3.5,31.0,108.5,0,1,0,0.0,482,0,MODERATE
MED-022,Tablet,Antiplatelet / Hematologic,35.1,26.4,15.0,30.0,0.0,5.1,5.1,2.2,11.22,0,0,0,0.0,19,1,MODERATE
MED-023,Capsule,Anticonvulsant / Neuropathic,14.7,71.7,15.0,30.0,0.3,0.0,0.3,12.5,3.75,0,0,0,0.0,587,0,LOW
MED-007,Tablet,Antibiotic (Macrolide),45.4,22.0,15.0,30.0,0.0,15.4,15.4,51.6,794.64,0,0,0,0.0,66,0,HIGH
MED-022,Tablet,Antiplatelet / Hematologic,38.0,84.5,15.0,30.0,0.0,8.0,8.0,11.4,91.2,0,0,0,0.0,69,0,MODERATE
MED-012,Tablet,Antihypertensive (CCB),12.3,78.0,15.0,30.0,2.7,0.0,2.7,4.5,12.15,0,0,0,0.0,271,0,LOW
MED-004,Tablet,Antidiabetic (Biguanide),32.5,23.7,20.0,25.0,0.0,7.5,7.5,8.1,60.75,0,0,0,0.0,420,0,MODERATE
MED-004,Tablet,Antidiabetic (Biguanide),32.2,36.2,20.0,25.0,0.0,7.2,7.2,3.3,23.76,0,0,0,0.0,350,0,MODERATE
MED-010,Tablet,Antihistamine,21.0,57.0,20.0,25.0,0.0,0.0,0.0,0.9,0.0,0,0,0,0.0,186,0,LOW
MED-015,Subcutaneous Injection,Endocrine (Hormone),31.3,54.4,2.0,8.0,0.0,23.3,23.3,9.9,230.67,1,1,0,0.0,191,0,HIGH
MED-018,Capsule,Antibiotic (Tetracycline),47.3,59.7,20.0,25.0,0.0,22.3,22.3,35.2,784.96,0,0,0,0.0,343,0,HIGH
MED-010,Tablet,Antihistamine,16.9,27.0,20.0,25.0,3.1,0.0,3.1,5.8,17.98,0,0,0,0.0,197,0,LOW
MED-021,Tablet,Respiratory (Leukotriene Antagonist),15.9,68.8,15.0,30.0,0.0,0.0,0.0,14.9,0.0,0,0,0,0.0,453,0,LOW
MED-007,Tablet,Antibiotic (Macrolide),35.6,25.5,15.0,30.0,0.0,5.6,5.6,5.8,32.48,0,0,0,0.0,341,0,MODERATE
MED-010,Tablet,Antihistamine,21.2,83.2,20.0,25.0,0.0,0.0,0.0,1.5,0.0,0,0,0,0.0,667,0,LOW
MED-006,Delayed-Release Capsule,Gastrointestinal (PPI),10.9,35.3,15.0,30.0,4.1,0.0,4.1,1.2,4.92,0,0,0,0.0,195,0,LOW
MED-008,Tablet,Antibiotic (Fluoroquinolone),20.5,55.4,20.0,25.0,0.0,0.0,0.0,2.7,0.0,0,0,0,0.0,401,0,LOW
MED-009,Tablet,Analgesic / NSAID,29.2,79.9,20.0,25.0,0.0,4.2,4.2,21.3,89.46,0,0,0,0.0,274,0,MODERATE
MED-012,Tablet,Antihypertensive (CCB),15.2,81.0,15.0,30.0,0.0,0.0,0.0,14.1,0.0,0,0,0,0.0,539,0,LOW
MED-018,Capsule,Antibiotic (Tetracycline),26.1,81.8,20.0,25.0,0.0,1.1,1.1,15.7,17.27,0,0,0,0.0,210,0,LOW
MED-017,Nasal Spray Suspension,Corticosteroid / Allergy,35.2,40.3,4.0,30.0,0.0,5.2,5.2,14.2,73.84,0,1,0,0.0,278,0,MODERATE
MED-018,Capsule,Antibiotic (Tetracycline),30.0,37.5,20.0,25.0,0.0,5.0,5.0,5.5,27.5,0,0,0,0.0,120,0,MODERATE
MED-002,Capsule,Antibiotic (Penicillin),23.7,72.7,20.0,25.0,0.0,0.0,0.0,2.8,0.0,0,0,0,0.0,355,0,LOW
MED-006,Delayed-Release Capsule,Gastrointestinal (PPI),34.8,27.5,15.0,30.0,0.0,4.8,4.8,9.8,47.04,0,0,0,0.0,95,0,MODERATE
MED-009,Tablet,Analgesic / NSAID,28.3,32.6,20.0,25.0,0.0,3.3,3.3,4.7,15.51,0,0,0,0.0,306,0,LOW
MED-022,Tablet,Antiplatelet / Hematologic,11.9,23.9,15.0,30.0,3.1,0.0,3.1,20.1,62.31,0,0,0,0.0,417,0,MODERATE
MED-025,Tablet,Diuretic / Antihypertensive,16.4,78.6,15.0,30.0,0.0,0.0,0.0,2.6,0.0,0,0,0,0.0,150,0,LOW
MED-017,Nasal Spray Suspension,Corticosteroid / Allergy,5.1,81.4,4.0,30.0,0.0,0.0,0.0,9.2,0.0,0,1,0,0.0,223,0,LOW
MED-004,Tablet,Antidiabetic (Biguanide),37.8,50.6,20.0,25.0,0.0,12.8,12.8,70.4,901.12,0,0,0,0.0,98,0,HIGH
MED-011,Tablet,Antihypertensive (ARB),19.9,45.1,15.0,30.0,0.0,0.0,0.0,2.2,0.0,0,0,0,0.0,97,0,LOW
MED-004,Tablet,Antidiabetic (Biguanide),29.5,26.7,20.0,25.0,0.0,4.5,4.5,17.0,76.5,0,0,0,0.0,499,0,MODERATE
MED-009,Tablet,Analgesic / NSAID,29.6,62.9,20.0,25.0,0.0,4.6,4.6,29.7,136.62,0,0,0,0.0,256,0,HIGH
MED-023,Capsule,Anticonvulsant / Neuropathic,14.8,37.7,15.0,30.0,0.2,0.0,0.2,20.3,4.06,0,0,0,0.0,516,0,LOW
MED-003,Tablet,Antibiotic (Beta-lactamase inhibitor),31.9,38.7,15.0,25.0,0.0,6.9,6.9,4.6,31.74,0,0,0,0.0,34,1,MODERATE
MED-007,Tablet,Antibiotic (Macrolide),12.9,50.8,15.0,30.0,2.1,0.0,2.1,2.3,4.83,0,0,0,0.0,339,0,LOW
MED-005,Tablet,Antihyperlipidemic (Statin),25.9,72.5,20.0,25.0,0.0,0.9,0.9,8.4,7.56,0,0,0,0.0,243,0,LOW
MED-016,Inhalation Aerosol,Respiratory (Bronchodilator),21.6,63.2,15.0,25.0,0.0,0.0,0.0,1.1,0.0,0,1,0,0.0,203,0,LOW
MED-025,Tablet,Diuretic / Antihypertensive,28.3,27.7,15.0,30.0,0.0,0.0,0.0,10.0,0.0,0,0,0,0.0,444,0,LOW
MED-014,Subcutaneous Injection,Endocrine (Hormone),9.3,32.1,2.0,8.0,0.0,1.3,1.3,8.6,11.18,1,1,0,0.0,300,0,LOW
MED-006,Delayed-Release Capsule,Gastrointestinal (PPI),33.6,38.8,15.0,30.0,0.0,3.6,3.6,23.9,86.04,0,0,0,0.0,543,0,MODERATE
MED-017,Nasal Spray Suspension,Corticosteroid / Allergy,3.4,68.2,4.0,30.0,0.6,0.0,0.6,8.2,4.92,0,1,0,0.0,355,0,LOW
MED-002,Capsule,Antibiotic (Penicillin),24.9,38.7,20.0,25.0,0.0,0.0,0.0,1.9,0.0,0,0,0,0.0,100,0,LOW
MED-020,Tablet,Antidepressant (SSRI),18.0,39.8,20.0,25.0,2.0,0.0,2.0,23.7,47.4,0,0,0,0.0,431,0,MODERATE
MED-024,Tablet,Corticosteroid / Anti-inflammatory,45.7,81.4,20.0,25.0,0.0,20.7,20.7,68.1,1409.67,0,0,0,0.0,70,0,HIGH
MED-012,Tablet,Antihypertensive (CCB),35.7,65.4,15.0,30.0,0.0,5.7,5.7,32.8,186.96,0,0,0,0.0,67,0,HIGH
MED-012,Tablet,Antihypertensive (CCB),32.7,67.2,15.0,30.0,0.0,2.7,2.7,3.1,8.37,0,0,0,0.0,402,0,LOW
MED-020,Tablet,Antidepressant (SSRI),29.1,37.6,20.0,25.0,0.0,4.1,4.1,6.4,26.24,0,0,0,0.0,485,0,MODERATE
MED-019,Delayed-Release Tablet,Gastrointestinal (PPI),15.9,52.3,20.0,25.0,4.1,0.0,4.1,21.0,86.1,0,0,0,0.0,154,0,MODERATE
MED-024,Tablet,Corticosteroid / Anti-inflammatory,22.9,43.8,20.0,25.0,0.0,0.0,0.0,0.7,0.0,0,0,0,0.0,52,1,LOW
MED-014,Subcutaneous Injection,Endocrine (Hormone),15.0,64.2,2.0,8.0,0.0,7.0,7.0,2.9,20.3,1,1,0,0.0,447,0,MODERATE
MED-004,Tablet,Antidiabetic (Biguanide),41.1,71.2,20.0,25.0,0.0,16.1,16.1,31.8,511.98,0,0,0,0.0,229,0,HIGH
MED-018,Capsule,Antibiotic (Tetracycline),43.2,60.7,20.0,25.0,0.0,18.2,18.2,40.2,731.64,0,0,0,0.0,132,0,HIGH
MED-022,Tablet,Antiplatelet / Hematologic,35.0,66.4,15.0,30.0,0.0,5.0,5.0,9.8,49.0,0,0,0,0.0,478,0,MODERATE
MED-015,Subcutaneous Injection,Endocrine (Hormone),10.9,41.2,2.0,8.0,0.0,2.9,2.9,1.1,3.19,1,1,0,0.0,44,0,LOW
MED-015,Subcutaneous Injection,Endocrine (Hormone),5.8,26.1,2.0,8.0,0.0,0.0,0.0,3.5,0.0,1,1,0,0.0,107,0,LOW
MED-002,Capsule,Antibiotic (Penicillin),19.3,52.7,20.0,25.0,0.7,0.0,0.7,4.9,3.43,0,0,0,0.0,353,0,LOW
MED-019,Delayed-Release Tablet,Gastrointestinal (PPI),21.6,49.9,20.0,25.0,0.0,0.0,0.0,14.3,0.0,0,0,0,0.0,554,0,LOW
MED-021,Tablet,Respiratory (Leukotriene Antagonist),20.9,81.0,15.0,30.0,0.0,0.0,0.0,2.4,0.0,0,0,0,0.0,708,0,LOW
MED-019,Delayed-Release Tablet,Gastrointestinal (PPI),29.0,57.0,20.0,25.0,0.0,4.0,4.0,28.1,112.4,0,0,0,0.0,443,0,MODERATE
MED-020,Tablet,Antidepressant (SSRI),20.7,20.1,20.0,25.0,0.0,0.0,0.0,11.1,0.0,0,0,0,0.0,358,0,LOW
MED-007,Tablet,Antibiotic (Macrolide),32.6,62.1,15.0,30.0,0.0,2.6,2.6,8.4,21.84,0,0,0,0.0,98,0,MODERATE
MED-008,Tablet,Antibiotic (Fluoroquinolone),26.5,58.8,20.0,25.0,0.0,1.5,1.5,13.1,19.65,0,0,0,0.0,495,0,LOW
MED-007,Tablet,Antibiotic (Macrolide),31.7,67.9,15.0,30.0,0.0,1.7,1.7,33.9,57.63,0,0,0,0.0,493,0,MODERATE
MED-024,Tablet,Corticosteroid / Anti-inflammatory,39.4,28.3,20.0,25.0,0.0,14.4,14.4,13.0,187.2,0,0,0,0.0,46,1,HIGH
MED-005,Tablet,Antihyperlipidemic (Statin),-1.4,53.4,20.0,25.0,21.4,0.0,21.4,23.0,492.2,0,0,0,0.0,249,0,HIGH
MED-001,Tablet,Analgesic / Antipyretic,47.5,73.9,20.0,25.0,0.0,22.5,22.5,12.0,270.0,0,0,0,0.0,213,0,HIGH
MED-017,Nasal Spray Suspension,Corticosteroid / Allergy,22.1,49.6,4.0,30.0,0.0,0.0,0.0,3.5,0.0,0,1,0,0.0,314,0,LOW
MED-023,Capsule,Anticonvulsant / Neuropathic,16.6,55.7,15.0,30.0,0.0,0.0,0.0,5.8,0.0,0,0,0,0.0,221,0,LOW
MED-003,Tablet,Antibiotic (Beta-lactamase inhibitor),20.7,67.0,15.0,25.0,0.0,0.0,0.0,2.1,0.0,0,0,0,0.0,697,0,LOW
MED-004,Tablet,Antidiabetic (Biguanide),21.4,70.0,20.0,25.0,0.0,0.0,0.0,10.7,0.0,0,0,0,0.0,292,0,LOW
MED-025,Tablet,Diuretic / Antihypertensive,32.3,52.7,15.0,30.0,0.0,2.3,2.3,16.4,37.72,0,0,0,0.0,130,0,MODERATE
MED-020,Tablet,Antidepressant (SSRI),24.3,29.8,20.0,25.0,0.0,0.0,0.0,2.5,0.0,0,0,0,0.0,360,0,LOW
MED-009,Tablet,Analgesic / NSAID,42.1,37.9,20.0,25.0,0.0,17.1,17.1,10.1,172.71,0,0,0,0.0,262,0,HIGH
MED-014,Subcutaneous Injection,Endocrine (Hormone),13.2,23.7,2.0,8.0,0.0,5.2,5.2,6.1,31.72,1,1,0,0.0,415,0,MODERATE
MED-017,Nasal Spray Suspension,Corticosteroid / Allergy,26.6,39.4,4.0,30.0,0.0,0.0,0.0,1.5,0.0,0,1,0,0.0,152,0,LOW
MED-012,Tablet,Antihypertensive (CCB),29.3,71.1,15.0,30.0,0.0,0.0,0.0,2.2,0.0,0,0,0,0.0,99,0,LOW
MED-021,Tablet,Respiratory (Leukotriene Antagonist),13.2,54.4,15.0,30.0,1.8,0.0,1.8,10.2,18.36,0,0,0,0.0,77,0,LOW
MED-004,Tablet,Antidiabetic (Biguanide),20.2,47.3,20.0,25.0,0.0,0.0,0.0,1.8,0.0,0,0,0,0.0,31,1,LOW
MED-020,Tablet,Antidepressant (SSRI),22.0,46.6,20.0,25.0,0.0,0.0,0.0,16.0,0.0,0,0,0,0.0,441,0,LOW
MED-021,Tablet,Respiratory (Leukotriene Antagonist),33.7,23.0,15.0,30.0,0.0,3.7,3.7,10.2,37.74,0,0,0,0.0,123,0,MODERATE
MED-023,Capsule,Anticonvulsant / Neuropathic,30.4,41.6,15.0,30.0,0.0,0.4,0.4,3.7,1.48,0,0,0,0.0,347,0,LOW
MED-015,Subcutaneous Injection,Endocrine (Hormone),10.6,68.0,2.0,8.0,0.0,2.6,2.6,1.0,2.6,1,1,0,0.0,490,0,LOW
MED-010,Tablet,Antihistamine,23.7,28.6,20.0,25.0,0.0,0.0,0.0,0.7,0.0,0,0,0,0.0,364,0,LOW
MED-011,Tablet,Antihypertensive (ARB),29.5,72.7,15.0,30.0,0.0,0.0,0.0,31.1,0.0,0,0,0,0.0,256,0,LOW
MED-004,Tablet,Antidiabetic (Biguanide),23.1,62.5,20.0,25.0,0.0,0.0,0.0,10.9,0.0,0,0,0,0.0,420,0,LOW
MED-013,Tablet,Endocrine (Thyroid Hormone),26.8,65.6,15.0,30.0,0.0,0.0,0.0,0.9,0.0,0,0,0,0.0,678,0,LOW
MED-001,Tablet,Analgesic / Antipyretic,24.9,53.6,20.0,25.0,0.0,0.0,0.0,2.4,0.0,0,0,0,0.0,65,0,LOW
MED-011,Tablet,Antihypertensive (ARB),11.8,60.2,15.0,30.0,3.2,0.0,3.2,17.5,56.0,0,0,0,0.0,472,0,MODERATE
MED-019,Delayed-Release Tablet,Gastrointestinal (PPI),19.0,79.2,20.0,25.0,1.0,0.0,1.0,12.1,12.1,0,0,0,0.0,327,0,LOW
MED-008,Tablet,Antibiotic (Fluoroquinolone),16.6,74.0,20.0,25.0,3.4,0.0,3.4,1.1,3.74,0,0,0,0.0,557,0,LOW
MED-009,Tablet,Analgesic / NSAID,27.2,52.4,20.0,25.0,0.0,2.2,2.2,17.7,38.94,0,0,0,0.0,74,0,MODERATE
MED-019,Delayed-Release Tablet,Gastrointestinal (PPI),22.9,26.5,20.0,25.0,0.0,0.0,0.0,3.9,0.0,0,0,0,0.0,632,0,LOW
MED-015,Subcutaneous Injection,Endocrine (Hormone),9.0,75.0,2.0,8.0,0.0,1.0,1.0,28.8,28.8,1,1,0,0.0,222,0,MODERATE
MED-018,Capsule,Antibiotic (Tetracycline),38.7,80.5,20.0,25.0,0.0,13.7,13.7,14.8,202.76,0,0,0,0.0,119,0,HIGH
MED-007,Tablet,Antibiotic (Macrolide),15.7,68.0,15.0,30.0,0.0,0.0,0.0,16.1,0.0,0,0,0,0.0,381,0,LOW
MED-001,Tablet,Analgesic / Antipyretic,25.7,42.7,20.0,25.0,0.0,0.7,0.7,15.4,10.78,0,0,0,0.0,317,0,LOW
MED-002,Capsule,Antibiotic (Penicillin),38.0,34.9,20.0,25.0,0.0,13.0,13.0,46.9,609.7,0,0,0,0.0,60,1,HIGH
MED-008,Tablet,Antibiotic (Fluoroquinolone),26.2,55.5,20.0,25.0,0.0,1.2,1.2,7.8,9.36,0,0,0,0.0,65,0,LOW
MED-022,Tablet,Antiplatelet / Hematologic,30.8,31.8,15.0,30.0,0.0,0.8,0.8,17.4,13.92,0,0,0,0.0,101,0,LOW
MED-018,Capsule,Antibiotic (Tetracycline),24.9,74.0,20.0,25.0,0.0,0.0,0.0,0.4,0.0,0,0,0,0.0,253,0,LOW
MED-016,Inhalation Aerosol,Respiratory (Bronchodilator),13.4,75.4,15.0,25.0,1.6,0.0,1.6,7.9,12.64,0,1,0,0.0,54,1,MODERATE
MED-019,Delayed-Release Tablet,Gastrointestinal (PPI),43.9,61.5,20.0,25.0,0.0,18.9,18.9,64.1,1211.49,0,0,0,0.0,271,0,HIGH
MED-016,Inhalation Aerosol,Respiratory (Bronchodilator),11.3,30.3,15.0,25.0,3.7,0.0,3.7,1.6,5.92,0,1,0,0.0,507,0,LOW
MED-025,Tablet,Diuretic / Antihypertensive,13.7,71.7,15.0,30.0,1.3,0.0,1.3,9.1,11.83,0,0,0,0.0,118,0,LOW
MED-023,Capsule,Anticonvulsant / Neuropathic,32.8,81.3,15.0,30.0,0.0,2.8,2.8,7.1,19.88,0,0,0,0.0,559,0,LOW
MED-024,Tablet,Corticosteroid / Anti-inflammatory,37.8,56.6,20.0,25.0,0.0,12.8,12.8,64.9,830.72,0,0,0,0.0,351,0,HIGH
MED-024,Tablet,Corticosteroid / Anti-inflammatory,28.6,45.7,20.0,25.0,0.0,3.6,3.6,6.8,24.48,0,0,0,0.0,288,0,MODERATE
MED-018,Capsule,Antibiotic (Tetracycline),23.5,30.4,20.0,25.0,0.0,0.0,0.0,2.8,0.0,0,0,0,0.0,658,0,LOW
MED-010,Tablet,Antihistamine,30.1,43.0,20.0,25.0,0.0,5.1,5.1,5.8,29.58,0,0,0,0.0,524,0,MODERATE
MED-010,Tablet,Antihistamine,32.7,61.8,20.0,25.0,0.0,7.7,7.7,7.1,54.67,0,0,0,0.0,554,0,MODERATE
MED-009,Tablet,Analgesic / NSAID,20.5,38.0,20.0,25.0,0.0,0.0,0.0,1.7,0.0,0,0,0,0.0,82,0,LOW
MED-009,Tablet,Analgesic / NSAID,15.3,56.2,20.0,25.0,4.7,0.0,4.7,7.6,35.72,0,0,0,0.0,150,0,MODERATE
MED-005,Tablet,Antihyperlipidemic (Statin),33.1,84.7,20.0,25.0,0.0,8.1,8.1,15.5,125.55,0,0,0,0.0,285,0,HIGH
MED-023,Capsule,Anticonvulsant / Neuropathic,30.4,43.9,15.0,30.0,0.0,0.4,0.4,30.3,12.12,0,0,0,0.0,296,0,LOW
MED-004,Tablet,Antidiabetic (Biguanide),31.8,34.9,20.0,25.0,0.0,6.8,6.8,30.4,206.72,0,0,0,0.0,547,0,HIGH
MED-017,Nasal Spray Suspension,Corticosteroid / Allergy,32.5,47.5,4.0,30.0,0.0,2.5,2.5,10.7,26.75,0,1,0,0.0,167,0,MODERATE
MED-008,Tablet,Antibiotic (Fluoroquinolone),32.2,45.2,20.0,25.0,0.0,7.2,7.2,35.5,255.6,0,0,0,0.0,527,0,HIGH
MED-004,Tablet,Antidiabetic (Biguanide),17.6,28.3,20.0,25.0,2.4,0.0,2.4,17.6,42.24,0,0,0,0.0,503,0,MODERATE
MED-012,Tablet,Antihypertensive (CCB),29.7,46.0,15.0,30.0,0.0,0.0,0.0,12.1,0.0,0,0,0,0.0,66,0,LOW
MED-019,Delayed-Release Tablet,Gastrointestinal (PPI),17.7,38.3,20.0,25.0,2.3,0.0,2.3,18.4,42.32,0,0,0,0.0,361,0,MODERATE
MED-023,Capsule,Anticonvulsant / Neuropathic,32.6,62.6,15.0,30.0,0.0,2.6,2.6,3.0,7.8,0,0,0,0.0,283,0,LOW
MED-018,Capsule,Antibiotic (Tetracycline),24.6,24.1,20.0,25.0,0.0,0.0,0.0,0.9,0.0,0,0,0,0.0,365,0,LOW
MED-024,Tablet,Corticosteroid / Anti-inflammatory,20.3,74.5,20.0,25.0,0.0,0.0,0.0,1.7,0.0,0,0,0,0.0,384,0,LOW
MED-024,Tablet,Corticosteroid / Anti-inflammatory,-4.7,76.4,20.0,25.0,24.7,0.0,24.7,51.3,1267.11,0,0,0,0.0,40,1,HIGH
MED-022,Tablet,Antiplatelet / Hematologic,14.4,76.7,15.0,30.0,0.6,0.0,0.6,8.8,5.28,0,0,0,0.0,490,0,LOW
MED-001,Tablet,Analgesic / Antipyretic,42.3,70.9,20.0,25.0,0.0,17.3,17.3,44.0,761.2,0,0,0,0.0,172,0,HIGH
MED-023,Capsule,Anticonvulsant / Neuropathic,32.1,74.6,15.0,30.0,0.0,2.1,2.1,17.6,36.96,0,0,0,0.0,289,0,MODERATE
MED-014,Subcutaneous Injection,Endocrine (Hormone),14.9,58.5,2.0,8.0,0.0,6.9,6.9,5.8,40.02,1,1,0,0.0,141,0,MODERATE
MED-009,Tablet,Analgesic / NSAID,24.2,67.3,20.0,25.0,0.0,0.0,0.0,2.2,0.0,0,0,0,0.0,250,0,LOW
MED-017,Nasal Spray Suspension,Corticosteroid / Allergy,5.7,46.2,4.0,30.0,0.0,0.0,0.0,2.8,0.0,0,1,0,0.0,192,0,LOW
MED-004,Tablet,Antidiabetic (Biguanide),27.4,42.8,20.0,25.0,0.0,2.4,2.4,7.7,18.48,0,0,0,0.0,234,0,LOW
MED-020,Tablet,Antidepressant (SSRI),22.9,85.0,20.0,25.0,0.0,0.0,0.0,0.0,0.0,0,0,0,0.0,436,0,LOW
MED-022,Tablet,Antiplatelet / Hematologic,28.2,45.8,15.0,30.0,0.0,0.0,0.0,26.5,0.0,0,0,0,0.0,376,0,LOW
MED-016,Inhalation Aerosol,Respiratory (Bronchodilator),19.6,32.4,15.0,25.0,0.0,0.0,0.0,0.6,0.0,0,1,0,0.0,279,0,LOW
MED-025,Tablet,Diuretic / Antihypertensive,35.7,69.0,15.0,30.0,0.0,5.7,5.7,16.6,94.62,0,0,0,0.0,193,0,MODERATE
MED-010,Tablet,Antihistamine,30.6,55.6,20.0,25.0,0.0,5.6,5.6,13.2,73.92,0,0,0,0.0,371,0,MODERATE
MED-005,Tablet,Antihyperlipidemic (Statin),16.7,45.7,20.0,25.0,3.3,0.0,3.3,4.8,15.84,0,0,0,0.0,339,0,LOW
MED-005,Tablet,Antihyperlipidemic (Statin),26.3,69.5,20.0,25.0,0.0,1.3,1.3,12.2,15.86,0,0,0,0.0,405,0,LOW
MED-004,Tablet,Antidiabetic (Biguanide),26.6,53.7,20.0,25.0,0.0,1.6,1.6,24.1,38.56,0,0,0,0.0,198,0,MODERATE
MED-008,Tablet,Antibiotic (Fluoroquinolone),23.3,38.1,20.0,25.0,0.0,0.0,0.0,1.6,0.0,0,0,0,0.0,54,1,LOW
MED-004,Tablet,Antidiabetic (Biguanide),28.1,37.1,20.0,25.0,0.0,3.1,3.1,16.7,51.77,0,0,0,0.0,313,0,MODERATE
MED-012,Tablet,Antihypertensive (CCB),32.7,24.7,15.0,30.0,0.0,2.7,2.7,10.7,28.89,0,0,0,0.0,411,0,MODERATE
MED-019,Delayed-Release Tablet,Gastrointestinal (PPI),28.6,60.8,20.0,25.0,0.0,3.6,3.6,15.9,57.24,0,0,0,0.0,261,0,MODERATE
MED-011,Tablet,Antihypertensive (ARB),37.2,26.1,15.0,30.0,0.0,7.2,7.2,5.9,42.48,0,0,0,0.0,225,0,MODERATE
MED-006,Delayed-Release Capsule,Gastrointestinal (PPI),32.5,33.9,15.0,30.0,0.0,2.5,2.5,8.1,20.25,0,0,0,0.0,442,0,MODERATE
MED-020,Tablet,Antidepressant (SSRI),28.2,60.0,20.0,25.0,0.0,3.2,3.2,7.7,24.64,0,0,0,0.0,449,0,MODERATE
MED-014,Subcutaneous Injection,Endocrine (Hormone),-4.4,70.8,2.0,8.0,6.4,0.0,6.4,42.0,268.8,1,1,0,0.0,53,0,HIGH
MED-010,Tablet,Antihistamine,29.3,63.3,20.0,25.0,0.0,4.3,4.3,4.1,17.63,0,0,0,0.0,477,0,LOW
MED-003,Tablet,Antibiotic (Beta-lactamase inhibitor),32.6,52.1,15.0,25.0,0.0,7.6,7.6,31.3,237.88,0,0,0,0.0,73,0,HIGH
MED-013,Tablet,Endocrine (Thyroid Hormone),46.2,76.0,15.0,30.0,0.0,16.2,16.2,64.1,1038.42,0,0,0,0.0,340,0,HIGH
MED-017,Nasal Spray Suspension,Corticosteroid / Allergy,28.1,66.4,4.0,30.0,0.0,0.0,0.0,34.2,0.0,0,1,0,0.0,45,1,LOW
MED-003,Tablet,Antibiotic (Beta-lactamase inhibitor),14.0,29.9,15.0,25.0,1.0,0.0,1.0,18.1,18.1,0,0,0,0.0,403,0,LOW
MED-005,Tablet,Antihyperlipidemic (Statin),20.5,22.6,20.0,25.0,0.0,0.0,0.0,2.5,0.0,0,0,0,0.0,673,0,LOW
MED-007,Tablet,Antibiotic (Macrolide),34.6,52.0,15.0,30.0,0.0,4.6,4.6,11.4,52.44,0,0,0,0.0,137,0,MODERATE
MED-019,Delayed-Release Tablet,Gastrointestinal (PPI),20.4,45.9,20.0,25.0,0.0,0.0,0.0,6.0,0.0,0,0,0,0.0,136,0,LOW
MED-006,Delayed-Release Capsule,Gastrointestinal (PPI),32.6,81.9,15.0,30.0,0.0,2.6,2.6,7.6,19.76,0,0,0,0.0,322,0,LOW
MED-022,Tablet,Antiplatelet / Hematologic,-4.6,68.4,15.0,30.0,19.6,0.0,19.6,71.9,1409.24,0,0,0,0.0,132,0,HIGH
MED-008,Tablet,Antibiotic (Fluoroquinolone),23.1,60.0,20.0,25.0,0.0,0.0,0.0,26.9,0.0,0,0,0,0.0,464,0,LOW
MED-015,Subcutaneous Injection,Endocrine (Hormone),4.9,49.7,2.0,8.0,0.0,0.0,0.0,1.3,0.0,1,1,0,0.0,661,0,LOW
MED-021,Tablet,Respiratory (Leukotriene Antagonist),33.7,46.4,15.0,30.0,0.0,3.7,3.7,32.3,119.51,0,0,0,0.0,220,0,MODERATE
MED-015,Subcutaneous Injection,Endocrine (Hormone),10.6,28.7,2.0,8.0,0.0,2.6,2.6,7.4,19.24,1,1,0,0.0,321,0,MODERATE
MED-002,Capsule,Antibiotic (Penicillin),20.0,52.5,20.0,25.0,0.0,0.0,0.0,0.7,0.0,0,0,0,0.0,682,0,LOW
MED-022,Tablet,Antiplatelet / Hematologic,34.3,57.7,15.0,30.0,0.0,4.3,4.3,10.6,45.58,0,0,0,0.0,54,1,HIGH
MED-024,Tablet,Corticosteroid / Anti-inflammatory,47.6,56.8,20.0,25.0,0.0,22.6,22.6,11.6,262.16,0,0,0,0.0,280,0,HIGH
MED-010,Tablet,Antihistamine,30.9,58.3,20.0,25.0,0.0,5.9,5.9,12.2,71.98,0,0,0,0.0,396,0,MODERATE
MED-017,Nasal Spray Suspension,Corticosteroid / Allergy,38.1,63.8,4.0,30.0,0.0,8.1,8.1,46.0,372.6,0,1,0,0.0,47,1,HIGH
MED-001,Tablet,Analgesic / Antipyretic,15.0,42.4,20.0,25.0,5.0,0.0,5.0,2.1,10.5,0,0,0,0.0,58,1,MODERATE
MED-025,Tablet,Diuretic / Antihypertensive,-1.2,22.7,15.0,30.0,16.2,0.0,16.2,33.2,537.84,0,0,0,0.0,105,0,HIGH
MED-016,Inhalation Aerosol,Respiratory (Bronchodilator),32.8,58.7,15.0,25.0,0.0,7.8,7.8,9.7,75.66,0,1,0,0.0,94,0,MODERATE
MED-003,Tablet,Antibiotic (Beta-lactamase inhibitor),18.3,40.4,15.0,25.0,0.0,0.0,0.0,3.9,0.0,0,0,0,0.0,529,0,LOW
MED-020,Tablet,Antidepressant (SSRI),29.2,66.1,20.0,25.0,0.0,4.2,4.2,14.8,62.16,0,0,0,0.0,495,0,MODERATE
MED-025,Tablet,Diuretic / Antihypertensive,35.4,25.0,15.0,30.0,0.0,5.4,5.4,25.0,135.0,0,0,0,0.0,573,0,HIGH
MED-020,Tablet,Antidepressant (SSRI),24.4,73.0,20.0,25.0,0.0,0.0,0.0,0.4,0.0,0,0,0,0.0,304,0,LOW
MED-007,Tablet,Antibiotic (Macrolide),41.0,75.5,15.0,30.0,0.0,11.0,11.0,40.9,449.9,0,0,0,0.0,297,0,HIGH
MED-021,Tablet,Respiratory (Leukotriene Antagonist),44.4,50.8,15.0,30.0,0.0,14.4,14.4,43.0,619.2,0,0,0,0.0,137,0,HIGH
MED-021,Tablet,Respiratory (Leukotriene Antagonist),30.9,32.5,15.0,30.0,0.0,0.9,0.9,6.7,6.03,0,0,0,0.0,181,0,LOW
MED-009,Tablet,Analgesic / NSAID,30.5,57.9,20.0,25.0,0.0,5.5,5.5,26.5,145.75,0,0,0,0.0,188,0,HIGH
MED-008,Tablet,Antibiotic (Fluoroquinolone),15.9,50.8,20.0,25.0,4.1,0.0,4.1,14.2,58.22,0,0,0,0.0,555,0,MODERATE
MED-014,Subcutaneous Injection,Endocrine (Hormone),1.1,35.7,2.0,8.0,0.9,0.0,0.9,20.8,18.72,1,1,0,0.0,88,0,MODERATE
MED-007,Tablet,Antibiotic (Macrolide),12.6,25.3,15.0,30.0,2.4,0.0,2.4,13.7,32.88,0,0,0,0.0,558,0,MODERATE
MED-004,Tablet,Antidiabetic (Biguanide),27.8,41.4,20.0,25.0,0.0,2.8,2.8,3.0,8.4,0,0,0,0.0,181,0,LOW
MED-018,Capsule,Antibiotic (Tetracycline),22.7,81.3,20.0,25.0,0.0,0.0,0.0,1.1,0.0,0,0,0,0.0,388,0,LOW
MED-024,Tablet,Corticosteroid / Anti-inflammatory,25.9,28.2,20.0,25.0,0.0,0.9,0.9,33.1,29.79,0,0,0,0.0,540,0,MODERATE
MED-012,Tablet,Antihypertensive (CCB),19.8,21.6,15.0,30.0,0.0,0.0,0.0,2.4,0.0,0,0,0,0.0,225,0,LOW
MED-024,Tablet,Corticosteroid / Anti-inflammatory,34.5,67.2,20.0,25.0,0.0,9.5,9.5,40.8,387.6,0,0,0,0.0,331,0,HIGH
MED-014,Subcutaneous Injection,Endocrine (Hormone),14.2,48.2,2.0,8.0,0.0,6.2,6.2,2.7,16.74,1,1,0,0.0,391,0,MODERATE
MED-008,Tablet,Antibiotic (Fluoroquinolone),41.5,67.4,20.0,25.0,0.0,16.5,16.5,68.7,1133.55,0,0,0,0.0,116,0,HIGH
MED-008,Tablet,Antibiotic (Fluoroquinolone),30.9,60.2,20.0,25.0,0.0,5.9,5.9,9.2,54.28,0,0,0,0.0,30,1,HIGH
MED-004,Tablet,Antidiabetic (Biguanide),31.8,29.1,20.0,25.0,0.0,6.8,6.8,18.5,125.8,0,0,0,0.0,133,0,HIGH
MED-019,Delayed-Release Tablet,Gastrointestinal (PPI),28.9,72.5,20.0,25.0,0.0,3.9,3.9,15.4,60.06,0,0,0,0.0,478,0,MODERATE
MED-016,Inhalation Aerosol,Respiratory (Bronchodilator),-1.1,55.2,15.0,25.0,16.1,0.0,16.1,48.5,780.85,0,1,0,0.0,114,0,HIGH
MED-007,Tablet,Antibiotic (Macrolide),28.9,67.0,15.0,30.0,0.0,0.0,0.0,3.0,0.0,0,0,0,0.0,23,1,LOW
MED-003,Tablet,Antibiotic (Beta-lactamase inhibitor),43.6,21.3,15.0,25.0,0.0,18.6,18.6,54.9,1021.14,0,0,0,0.0,42,1,HIGH
MED-012,Tablet,Antihypertensive (CCB),30.8,34.5,15.0,30.0,0.0,0.8,0.8,17.3,13.84,0,0,0,0.0,440,0,LOW
MED-017,Nasal Spray Suspension,Corticosteroid / Allergy,0.1,49.4,4.0,30.0,3.9,0.0,3.9,7.0,27.3,0,1,0,0.0,197,0,MODERATE
MED-006,Delayed-Release Capsule,Gastrointestinal (PPI),19.8,59.7,15.0,30.0,0.0,0.0,0.0,3.2,0.0,0,0,0,0.0,646,0,LOW
MED-022,Tablet,Antiplatelet / Hematologic,27.9,65.8,15.0,30.0,0.0,0.0,0.0,1.2,0.0,0,0,0,0.0,237,0,LOW
MED-009,Tablet,Analgesic / NSAID,33.2,54.4,20.0,25.0,0.0,8.2,8.2,58.3,478.06,0,0,0,0.0,95,0,HIGH
MED-025,Tablet,Diuretic / Antihypertensive,15.7,73.8,15.0,30.0,0.0,0.0,0.0,1.6,0.0,0,0,0,0.0,147,0,LOW
MED-009,Tablet,Analgesic / NSAID,29.7,20.3,20.0,25.0,0.0,4.7,4.7,34.9,164.03,0,0,0,0.0,363,0,HIGH
MED-016,Inhalation Aerosol,Respiratory (Bronchodilator),27.6,83.3,15.0,25.0,0.0,2.6,2.6,16.2,42.12,0,1,0,0.0,501,0,MODERATE
MED-010,Tablet,Antihistamine,23.0,61.4,20.0,25.0,0.0,0.0,0.0,1.4,0.0,0,0,0,0.0,265,0,LOW
MED-002,Capsule,Antibiotic (Penicillin),41.2,71.0,20.0,25.0,0.0,16.2,16.2,25.2,408.24,0,0,0,0.0,40,1,HIGH
MED-024,Tablet,Corticosteroid / Anti-inflammatory,40.1,30.9,20.0,25.0,0.0,15.1,15.1,35.1,530.01,0,0,0,0.0,95,0,HIGH
MED-010,Tablet,Antihistamine,-3.2,62.8,20.0,25.0,23.2,0.0,23.2,20.4,473.28,0,0,0,0.0,263,0,HIGH
MED-011,Tablet,Antihypertensive (ARB),38.5,32.2,15.0,30.0,0.0,8.5,8.5,27.4,232.9,0,0,0,0.0,29,1,HIGH
MED-004,Tablet,Antidiabetic (Biguanide),17.3,25.5,20.0,25.0,2.7,0.0,2.7,9.5,25.65,0,0,0,0.0,524,0,MODERATE
MED-011,Tablet,Antihypertensive (ARB),35.0,40.5,15.0,30.0,0.0,5.0,5.0,9.1,45.5,0,0,0,0.0,97,0,MODERATE
MED-025,Tablet,Diuretic / Antihypertensive,38.4,77.4,15.0,30.0,0.0,8.4,8.4,68.5,575.4,0,0,0,0.0,96,0,HIGH
MED-015,Subcutaneous Injection,Endocrine (Hormone),-1.1,83.0,2.0,8.0,3.1,0.0,3.1,17.3,53.63,1,1,0,0.0,590,0,HIGH
MED-002,Capsule,Antibiotic (Penicillin),31.5,79.0,20.0,25.0,0.0,6.5,6.5,22.7,147.55,0,0,0,0.0,97,0,HIGH
MED-020,Tablet,Antidepressant (SSRI),37.5,54.5,20.0,25.0,0.0,12.5,12.5,16.7,208.75,0,0,0,0.0,340,0,HIGH
MED-011,Tablet,Antihypertensive (ARB),44.1,75.6,15.0,30.0,0.0,14.1,14.1,66.8,941.88,0,0,0,0.0,160,0,HIGH
MED-014,Subcutaneous Injection,Endocrine (Hormone),22.9,26.5,2.0,8.0,0.0,14.9,14.9,25.1,373.99,1,1,0,0.0,45,0,HIGH
MED-017,Nasal Spray Suspension,Corticosteroid / Allergy,47.0,61.9,4.0,30.0,0.0,17.0,17.0,70.2,1193.4,0,1,0,0.0,212,0,HIGH
MED-009,Tablet,Analgesic / NSAID,25.2,47.3,20.0,25.0,0.0,0.2,0.2,33.1,6.62,0,0,0,0.0,288,0,LOW
MED-025,Tablet,Diuretic / Antihypertensive,35.4,56.4,15.0,30.0,0.0,5.4,5.4,19.2,103.68,0,0,0,0.0,396,0,MODERATE
MED-007,Tablet,Antibiotic (Macrolide),16.9,37.5,15.0,30.0,0.0,0.0,0.0,7.4,0.0,0,0,0,0.0,343,0,LOW
MED-023,Capsule,Anticonvulsant / Neuropathic,30.2,64.0,15.0,30.0,0.0,0.2,0.2,19.1,3.82,0,0,0,0.0,324,0,LOW
MED-001,Tablet,Analgesic / Antipyretic,24.0,42.1,20.0,25.0,0.0,0.0,0.0,31.7,0.0,0,0,0,0.0,136,0,LOW
MED-023,Capsule,Anticonvulsant / Neuropathic,16.7,55.0,15.0,30.0,0.0,0.0,0.0,4.8,0.0,0,0,0,0.0,254,0,LOW
MED-023,Capsule,Anticonvulsant / Neuropathic,27.3,61.7,15.0,30.0,0.0,0.0,0.0,0.4,0.0,0,0,0,0.0,620,0,LOW
MED-018,Capsule,Antibiotic (Tetracycline),22.1,43.5,20.0,25.0,0.0,0.0,0.0,0.8,0.0,0,0,0,0.0,503,0,LOW
MED-019,Delayed-Release Tablet,Gastrointestinal (PPI),16.8,42.0,20.0,25.0,3.2,0.0,3.2,5.6,17.92,0,0,0,0.0,399,0,LOW
MED-021,Tablet,Respiratory (Leukotriene Antagonist),-1.3,37.6,15.0,30.0,16.3,0.0,16.3,48.8,795.44,0,0,0,0.0,78,0,HIGH
MED-015,Subcutaneous Injection,Endocrine (Hormone),-1.6,23.3,2.0,8.0,3.6,0.0,3.6,19.5,70.2,1,1,0,0.0,167,0,HIGH
MED-004,Tablet,Antidiabetic (Biguanide),27.1,49.5,20.0,25.0,0.0,2.1,2.1,13.8,28.98,0,0,0,0.0,244,0,MODERATE
MED-005,Tablet,Antihyperlipidemic (Statin),29.6,34.5,20.0,25.0,0.0,4.6,4.6,9.9,45.54,0,0,0,0.0,302,0,MODERATE
MED-024,Tablet,Corticosteroid / Anti-inflammatory,26.7,36.5,20.0,25.0,0.0,1.7,1.7,7.9,13.43,0,0,0,0.0,92,0,LOW
MED-021,Tablet,Respiratory (Leukotriene Antagonist),35.7,81.0,15.0,30.0,0.0,5.7,5.7,2.8,15.96,0,0,0,0.0,359,0,MODERATE
MED-019,Delayed-Release Tablet,Gastrointestinal (PPI),30.6,82.5,20.0,25.0,0.0,5.6,5.6,3.4,19.04,0,0,0,0.0,333,0,MODERATE
MED-018,Capsule,Antibiotic (Tetracycline),42.9,50.5,20.0,25.0,0.0,17.9,17.9,44.7,800.13,0,0,0,0.0,354,0,HIGH
MED-022,Tablet,Antiplatelet / Hematologic,24.2,55.2,15.0,30.0,0.0,0.0,0.0,3.1,0.0,0,0,0,0.0,534,0,LOW
MED-008,Tablet,Antibiotic (Fluoroquinolone),23.2,71.5,20.0,25.0,0.0,0.0,0.0,2.0,0.0,0,0,0,0.0,517,0,LOW
MED-001,Tablet,Analgesic / Antipyretic,16.0,22.4,20.0,25.0,4.0,0.0,4.0,12.2,48.8,0,0,0,0.0,551,0,MODERATE
MED-015,Subcutaneous Injection,Endocrine (Hormone),7.6,45.8,2.0,8.0,0.0,0.0,0.0,1.7,0.0,1,1,0,0.0,387,0,LOW
MED-002,Capsule,Antibiotic (Penicillin),21.8,31.6,20.0,25.0,0.0,0.0,0.0,3.7,0.0,0,0,0,0.0,513,0,LOW
MED-023,Capsule,Anticonvulsant / Neuropathic,14.8,83.2,15.0,30.0,0.2,0.0,0.2,16.3,3.26,0,0,0,0.0,558,0,LOW
MED-019,Delayed-Release Tablet,Gastrointestinal (PPI),37.5,47.9,20.0,25.0,0.0,12.5,12.5,8.6,107.5,0,0,0,0.0,115,0,MODERATE
MED-004,Tablet,Antidiabetic (Biguanide),21.0,25.9,20.0,25.0,0.0,0.0,0.0,2.3,0.0,0,0,0,0.0,726,0,LOW
MED-015,Subcutaneous Injection,Endocrine (Hormone),13.0,22.0,2.0,8.0,0.0,5.0,5.0,6.5,32.5,1,1,0,0.0,60,0,MODERATE
MED-001,Tablet,Analgesic / Antipyretic,40.4,65.3,20.0,25.0,0.0,15.4,15.4,50.9,783.86,0,0,0,0.0,266,0,HIGH
MED-008,Tablet,Antibiotic (Fluoroquinolone),29.4,31.1,20.0,25.0,0.0,4.4,4.4,10.8,47.52,0,0,0,0.0,166,0,MODERATE
MED-005,Tablet,Antihyperlipidemic (Statin),26.5,71.7,20.0,25.0,0.0,1.5,1.5,10.8,16.2,0,0,0,0.0,61,0,LOW
MED-016,Inhalation Aerosol,Respiratory (Bronchodilator),15.2,49.6,15.0,25.0,0.0,0.0,0.0,7.8,0.0,0,1,0,0.0,430,0,LOW
MED-022,Tablet,Antiplatelet / Hematologic,16.6,47.7,15.0,30.0,0.0,0.0,0.0,0.2,0.0,0,0,0,0.0,81,0,LOW
MED-010,Tablet,Antihistamine,27.9,59.9,20.0,25.0,0.0,2.9,2.9,11.8,34.22,0,0,0,0.0,178,0,MODERATE
MED-009,Tablet,Analgesic / NSAID,15.9,79.5,20.0,25.0,4.1,0.0,4.1,9.9,40.59,0,0,0,0.0,360,0,MODERATE
MED-015,Subcutaneous Injection,Endocrine (Hormone),0.2,68.8,2.0,8.0,1.8,0.0,1.8,22.3,40.14,1,1,0,0.0,93,0,MODERATE
MED-014,Subcutaneous Injection,Endocrine (Hormone),3.7,71.3,2.0,8.0,0.0,0.0,0.0,23.7,0.0,1,1,0,0.0,576,0,LOW
MED-006,Delayed-Release Capsule,Gastrointestinal (PPI),30.9,36.5,15.0,30.0,0.0,0.9,0.9,17.6,15.84,0,0,0,0.0,166,0,LOW
MED-009,Tablet,Analgesic / NSAID,21.1,23.5,20.0,25.0,0.0,0.0,0.0,2.3,0.0,0,0,0,0.0,437,0,LOW
MED-015,Subcutaneous Injection,Endocrine (Hormone),1.1,78.0,2.0,8.0,0.9,0.0,0.9,5.1,4.59,1,1,0,0.0,592,0,MODERATE
MED-014,Subcutaneous Injection,Endocrine (Hormone),15.9,64.3,2.0,8.0,0.0,7.9,7.9,1.9,15.01,1,1,0,0.0,472,0,MODERATE
MED-021,Tablet,Respiratory (Leukotriene Antagonist),31.7,24.0,15.0,30.0,0.0,1.7,1.7,8.8,14.96,0,0,0,0.0,133,0,LOW
MED-013,Tablet,Endocrine (Thyroid Hormone),32.2,24.6,15.0,30.0,0.0,2.2,2.2,17.8,39.16,0,0,0,0.0,265,0,MODERATE
MED-020,Tablet,Antidepressant (SSRI),22.0,22.5,20.0,25.0,0.0,0.0,0.0,0.2,0.0,0,0,0,0.0,551,0,LOW
MED-001,Tablet,Analgesic / Antipyretic,24.6,57.1,20.0,25.0,0.0,0.0,0.0,2.0,0.0,0,0,0,0.0,312,0,LOW
MED-006,Delayed-Release Capsule,Gastrointestinal (PPI),19.4,74.8,15.0,30.0,0.0,0.0,0.0,0.3,0.0,0,0,0,0.0,683,0,LOW
MED-001,Tablet,Analgesic / Antipyretic,22.6,83.5,20.0,25.0,0.0,0.0,0.0,1.1,0.0,0,0,0,0.0,47,1,LOW
MED-003,Tablet,Antibiotic (Beta-lactamase inhibitor),24.1,75.8,15.0,25.0,0.0,0.0,0.0,25.2,0.0,0,0,0,0.0,491,0,LOW
MED-020,Tablet,Antidepressant (SSRI),34.5,37.9,20.0,25.0,0.0,9.5,9.5,48.9,464.55,0,0,0,0.0,305,0,HIGH
MED-014,Subcutaneous Injection,Endocrine (Hormone),6.6,26.5,2.0,8.0,0.0,0.0,0.0,2.8,0.0,1,1,0,0.0,130,0,LOW
MED-014,Subcutaneous Injection,Endocrine (Hormone),23.6,29.0,2.0,8.0,0.0,15.6,15.6,42.0,655.2,1,1,0,0.0,235,0,HIGH
MED-016,Inhalation Aerosol,Respiratory (Bronchodilator),32.0,78.3,15.0,25.0,0.0,7.0,7.0,1.7,11.9,0,1,0,0.0,577,0,MODERATE
MED-012,Tablet,Antihypertensive (CCB),25.8,56.9,15.0,30.0,0.0,0.0,0.0,3.1,0.0,0,0,0,0.0,349,0,LOW
MED-017,Nasal Spray Suspension,Corticosteroid / Allergy,35.2,24.4,4.0,30.0,0.0,5.2,5.2,16.7,86.84,0,1,0,0.0,537,0,MODERATE
MED-012,Tablet,Antihypertensive (CCB),39.7,51.2,15.0,30.0,0.0,9.7,9.7,23.8,230.86,0,0,0,0.0,150,0,HIGH
MED-015,Subcutaneous Injection,Endocrine (Hormone),13.5,33.9,2.0,8.0,0.0,5.5,5.5,22.5,123.75,1,1,0,0.0,91,0,HIGH
MED-022,Tablet,Antiplatelet / Hematologic,32.5,50.3,15.0,30.0,0.0,2.5,2.5,7.7,19.25,0,0,0,0.0,379,0,LOW
MED-017,Nasal Spray Suspension,Corticosteroid / Allergy,38.8,29.5,4.0,30.0,0.0,8.8,8.8,31.9,280.72,0,1,0,0.0,296,0,HIGH
MED-005,Tablet,Antihyperlipidemic (Statin),28.0,26.3,20.0,25.0,0.0,3.0,3.0,17.5,52.5,0,0,0,0.0,339,0,MODERATE
MED-024,Tablet,Corticosteroid / Anti-inflammatory,30.8,58.7,20.0,25.0,0.0,5.8,5.8,10.5,60.9,0,0,0,0.0,362,0,MODERATE
MED-023,Capsule,Anticonvulsant / Neuropathic,30.5,45.0,15.0,30.0,0.0,0.5,0.5,12.0,6.0,0,0,0,0.0,339,0,LOW
MED-009,Tablet,Analgesic / NSAID,39.6,43.0,20.0,25.0,0.0,14.6,14.6,17.5,255.5,0,0,0,0.0,228,0,HIGH
MED-015,Subcutaneous Injection,Endocrine (Hormone),11.0,57.2,2.0,8.0,0.0,3.0,3.0,15.5,46.5,1,1,0,0.0,49,0,MODERATE
MED-025,Tablet,Diuretic / Antihypertensive,22.7,52.7,15.0,30.0,0.0,0.0,0.0,0.4,0.0,0,0,0,0.0,400,0,LOW
MED-025,Tablet,Diuretic / Antihypertensive,30.0,79.3,15.0,30.0,0.0,0.0,0.0,22.5,0.0,0,0,0,0.0,371,0,LOW
MED-021,Tablet,Respiratory (Leukotriene Antagonist),16.5,54.7,15.0,30.0,0.0,0.0,0.0,18.5,0.0,0,0,0,0.0,455,0,LOW
MED-006,Delayed-Release Capsule,Gastrointestinal (PPI),34.9,31.7,15.0,30.0,0.0,4.9,4.9,1.1,5.39,0,0,0,0.0,248,0,LOW
MED-001,Tablet,Analgesic / Antipyretic,38.1,60.2,20.0,25.0,0.0,13.1,13.1,27.9,365.49,0,0,0,0.0,162,0,HIGH
MED-013,Tablet,Endocrine (Thyroid Hormone),46.4,21.1,15.0,30.0,0.0,16.4,16.4,22.2,364.08,0,0,0,0.0,266,0,HIGH
MED-017,Nasal Spray Suspension,Corticosteroid / Allergy,0.9,45.8,4.0,30.0,3.1,0.0,3.1,11.5,35.65,0,1,0,0.0,278,0,MODERATE
MED-025,Tablet,Diuretic / Antihypertensive,35.5,26.9,15.0,30.0,0.0,5.5,5.5,14.7,80.85,0,0,0,0.0,428,0,MODERATE
MED-017,Nasal Spray Suspension,Corticosteroid / Allergy,35.1,54.6,4.0,30.0,0.0,5.1,5.1,9.5,48.45,0,1,0,0.0,284,0,MODERATE
MED-003,Tablet,Antibiotic (Beta-lactamase inhibitor),21.3,75.3,15.0,25.0,0.0,0.0,0.0,2.8,0.0,0,0,0,0.0,499,0,LOW
MED-025,Tablet,Diuretic / Antihypertensive,32.9,60.7,15.0,30.0,0.0,2.9,2.9,11.1,32.19,0,0,0,0.0,479,0,MODERATE
MED-011,Tablet,Antihypertensive (ARB),30.7,66.0,15.0,30.0,0.0,0.7,0.7,9.4,6.58,0,0,0,0.0,93,0,LOW
MED-012,Tablet,Antihypertensive (CCB),34.3,67.0,15.0,30.0,0.0,4.3,4.3,19.8,85.14,0,0,0,0.0,314,0,MODERATE
MED-016,Inhalation Aerosol,Respiratory (Bronchodilator),29.2,24.0,15.0,25.0,0.0,4.2,4.2,3.6,15.12,0,1,0,0.0,263,0,LOW
MED-025,Tablet,Diuretic / Antihypertensive,15.9,25.3,15.0,30.0,0.0,0.0,0.0,3.6,0.0,0,0,0,0.0,454,0,LOW
MED-011,Tablet,Antihypertensive (ARB),45.1,53.5,15.0,30.0,0.0,15.1,15.1,16.0,241.6,0,0,0,0.0,132,0,HIGH
MED-021,Tablet,Respiratory (Leukotriene Antagonist),35.9,78.8,15.0,30.0,0.0,5.9,5.9,4.8,28.32,0,0,0,0.0,214,0,MODERATE
MED-005,Tablet,Antihyperlipidemic (Statin),21.4,29.9,20.0,25.0,0.0,0.0,0.0,16.8,0.0,0,0,0,0.0,562,0,LOW
MED-011,Tablet,Antihypertensive (ARB),33.1,81.2,15.0,30.0,0.0,3.1,3.1,29.4,91.14,0,0,0,0.0,248,0,MODERATE
MED-024,Tablet,Corticosteroid / Anti-inflammatory,40.6,61.0,20.0,25.0,0.0,15.6,15.6,25.7,400.92,0,0,0,0.0,43,1,HIGH
MED-017,Nasal Spray Suspension,Corticosteroid / Allergy,14.0,36.6,4.0,30.0,0.0,0.0,0.0,2.3,0.0,0,1,0,0.0,148,0,LOW
MED-019,Delayed-Release Tablet,Gastrointestinal (PPI),37.5,22.5,20.0,25.0,0.0,12.5,12.5,49.7,621.25,0,0,0,0.0,119,0,HIGH
MED-001,Tablet,Analgesic / Antipyretic,27.8,63.3,20.0,25.0,0.0,2.8,2.8,21.6,60.48,0,0,0,0.0,296,0,MODERATE
MED-025,Tablet,Diuretic / Antihypertensive,36.8,61.5,15.0,30.0,0.0,6.8,6.8,1.1,7.48,0,0,0,0.0,115,0,MODERATE
MED-016,Inhalation Aerosol,Respiratory (Bronchodilator),30.7,83.1,15.0,25.0,0.0,5.7,5.7,26.3,149.91,0,1,0,0.0,489,0,HIGH
MED-016,Inhalation Aerosol,Respiratory (Bronchodilator),29.4,83.8,15.0,25.0,0.0,4.4,4.4,8.0,35.2,0,1,0,0.0,164,0,MODERATE
MED-015,Subcutaneous Injection,Endocrine (Hormone),0.1,60.5,2.0,8.0,1.9,0.0,1.9,16.9,32.11,1,1,0,0.0,341,0,MODERATE
MED-008,Tablet,Antibiotic (Fluoroquinolone),46.7,54.4,20.0,25.0,0.0,21.7,21.7,55.1,1195.67,0,0,0,0.0,249,0,HIGH
MED-006,Delayed-Release Capsule,Gastrointestinal (PPI),30.9,75.5,15.0,30.0,0.0,0.9,0.9,11.2,10.08,0,0,0,0.0,162,0,LOW
MED-002,Capsule,Antibiotic (Penicillin),-4.8,78.8,20.0,25.0,24.8,0.0,24.8,31.2,773.76,0,0,0,0.0,132,0,HIGH
MED-014,Subcutaneous Injection,Endocrine (Hormone),19.7,28.9,2.0,8.0,0.0,11.7,11.7,15.1,176.67,1,1,0,0.0,189,0,HIGH
MED-023,Capsule,Anticonvulsant / Neuropathic,24.5,29.1,15.0,30.0,0.0,0.0,0.0,0.7,0.0,0,0,0,0.0,654,0,LOW
MED-023,Capsule,Anticonvulsant / Neuropathic,16.0,26.1,15.0,30.0,0.0,0.0,0.0,4.5,0.0,0,0,0,0.0,267,0,LOW
MED-002,Capsule,Antibiotic (Penicillin),19.9,68.4,20.0,25.0,0.1,0.0,0.1,20.2,2.02,0,0,0,0.0,160,0,LOW
MED-001,Tablet,Analgesic / Antipyretic,21.0,51.1,20.0,25.0,0.0,0.0,0.0,4.3,0.0,0,0,0,0.0,458,0,LOW
MED-013,Tablet,Endocrine (Thyroid Hormone),31.9,54.0,15.0,30.0,0.0,1.9,1.9,9.5,18.05,0,0,0,0.0,127,0,LOW
MED-021,Tablet,Respiratory (Leukotriene Antagonist),16.7,35.6,15.0,30.0,0.0,0.0,0.0,1.4,0.0,0,0,0,0.0,39,1,LOW
MED-018,Capsule,Antibiotic (Tetracycline),20.1,70.1,20.0,25.0,0.0,0.0,0.0,2.1,0.0,0,0,0,0.0,319,0,LOW
MED-015,Subcutaneous Injection,Endocrine (Hormone),12.0,47.0,2.0,8.0,0.0,4.0,4.0,14.2,56.8,1,1,0,0.0,136,0,MODERATE
MED-008,Tablet,Antibiotic (Fluoroquinolone),29.7,24.7,20.0,25.0,0.0,4.7,4.7,16.6,78.02,0,0,0,0.0,572,0,MODERATE
MED-002,Capsule,Antibiotic (Penicillin),30.1,47.1,20.0,25.0,0.0,5.1,5.1,23.2,118.32,0,0,0,0.0,278,0,MODERATE
MED-009,Tablet,Analgesic / NSAID,20.4,84.7,20.0,25.0,0.0,0.0,0.0,21.6,0.0,0,0,0,0.0,55,1,LOW
MED-020,Tablet,Antidepressant (SSRI),26.6,63.1,20.0,25.0,0.0,1.6,1.6,20.2,32.32,0,0,0,0.0,427,0,MODERATE
MED-020,Tablet,Antidepressant (SSRI),15.6,22.1,20.0,25.0,4.4,0.0,4.4,19.6,86.24,0,0,0,0.0,60,1,HIGH
MED-020,Tablet,Antidepressant (SSRI),36.4,52.8,20.0,25.0,0.0,11.4,11.4,71.5,815.1,0,0,0,0.0,356,0,HIGH
MED-009,Tablet,Analgesic / NSAID,30.8,84.5,20.0,25.0,0.0,5.8,5.8,9.5,55.1,0,0,0,0.0,98,0,MODERATE
MED-024,Tablet,Corticosteroid / Anti-inflammatory,36.7,69.3,20.0,25.0,0.0,11.7,11.7,46.5,544.05,0,0,0,0.0,87,0,HIGH
MED-022,Tablet,Antiplatelet / Hematologic,43.4,57.1,15.0,30.0,0.0,13.4,13.4,26.2,351.08,0,0,0,0.0,360,0,HIGH
MED-018,Capsule,Antibiotic (Tetracycline),46.8,82.4,20.0,25.0,0.0,21.8,21.8,47.2,1028.96,0,0,0,0.0,347,0,HIGH
MED-022,Tablet,Antiplatelet / Hematologic,35.1,61.5,15.0,30.0,0.0,5.1,5.1,17.2,87.72,0,0,0,0.0,472,0,MODERATE
MED-024,Tablet,Corticosteroid / Anti-inflammatory,20.8,75.2,20.0,25.0,0.0,0.0,0.0,0.1,0.0,0,0,0,0.0,725,0,LOW
MED-001,Tablet,Analgesic / Antipyretic,26.1,61.8,20.0,25.0,0.0,1.1,1.1,3.0,3.3,0,0,0,0.0,161,0,LOW
MED-023,Capsule,Anticonvulsant / Neuropathic,35.9,32.2,15.0,30.0,0.0,5.9,5.9,16.1,94.99,0,0,0,0.0,429,0,MODERATE
MED-022,Tablet,Antiplatelet / Hematologic,38.2,39.1,15.0,30.0,0.0,8.2,8.2,25.1,205.82,0,0,0,0.0,156,0,HIGH
MED-011,Tablet,Antihypertensive (ARB),26.4,80.6,15.0,30.0,0.0,0.0,0.0,1.5,0.0,0,0,0,0.0,595,0,LOW
MED-015,Subcutaneous Injection,Endocrine (Hormone),-2.7,26.5,2.0,8.0,4.7,0.0,4.7,20.2,94.94,1,1,0,0.0,299,0,HIGH
MED-024,Tablet,Corticosteroid / Anti-inflammatory,38.8,30.4,20.0,25.0,0.0,13.8,13.8,24.5,338.1,0,0,0,0.0,94,0,HIGH
MED-022,Tablet,Antiplatelet / Hematologic,15.0,45.0,15.0,30.0,0.0,0.0,0.0,21.3,0.0,0,0,0,0.0,125,0,LOW
MED-003,Tablet,Antibiotic (Beta-lactamase inhibitor),30.0,51.2,15.0,25.0,0.0,5.0,5.0,16.8,84.0,0,0,0,0.0,74,0,MODERATE
MED-002,Capsule,Antibiotic (Penicillin),20.5,22.1,20.0,25.0,0.0,0.0,0.0,0.8,0.0,0,0,0,0.0,236,0,LOW
MED-007,Tablet,Antibiotic (Macrolide),30.6,20.9,15.0,30.0,0.0,0.6,0.6,2.4,1.44,0,0,0,0.0,61,0,LOW
MED-019,Delayed-Release Tablet,Gastrointestinal (PPI),17.8,32.2,20.0,25.0,2.2,0.0,2.2,8.5,18.7,0,0,0,0.0,450,0,LOW
MED-009,Tablet,Analgesic / NSAID,21.8,61.5,20.0,25.0,0.0,0.0,0.0,0.0,0.0,0,0,0,0.0,584,0,LOW
MED-019,Delayed-Release Tablet,Gastrointestinal (PPI),23.4,45.0,20.0,25.0,0.0,0.0,0.0,2.2,0.0,0,0,0,0.0,428,0,LOW
MED-020,Tablet,Antidepressant (SSRI),27.9,62.8,20.0,25.0,0.0,2.9,2.9,8.2,23.78,0,0,0,0.0,390,0,MODERATE
MED-013,Tablet,Endocrine (Thyroid Hormone),17.0,49.6,15.0,30.0,0.0,0.0,0.0,13.9,0.0,0,0,0,0.0,288,0,LOW
MED-020,Tablet,Antidepressant (SSRI),37.9,27.7,20.0,25.0,0.0,12.9,12.9,24.7,318.63,0,0,0,0.0,136,0,HIGH
MED-014,Subcutaneous Injection,Endocrine (Hormone),-1.5,31.6,2.0,8.0,3.5,0.0,3.5,20.7,72.45,1,1,0,0.0,18,1,HIGH
MED-016,Inhalation Aerosol,Respiratory (Bronchodilator),33.6,83.9,15.0,25.0,0.0,8.6,8.6,11.8,101.48,0,1,0,0.0,101,0,MODERATE
MED-012,Tablet,Antihypertensive (CCB),33.4,66.3,15.0,30.0,0.0,3.4,3.4,4.9,16.66,0,0,0,0.0,270,0,LOW
MED-014,Subcutaneous Injection,Endocrine (Hormone),6.0,68.5,2.0,8.0,0.0,0.0,0.0,35.9,0.0,1,1,0,0.0,89,0,LOW
MED-019,Delayed-Release Tablet,Gastrointestinal (PPI),26.9,43.5,20.0,25.0,0.0,1.9,1.9,31.8,60.42,0,0,0,0.0,494,0,MODERATE
MED-024,Tablet,Corticosteroid / Anti-inflammatory,23.1,52.2,20.0,25.0,0.0,0.0,0.0,1.7,0.0,0,0,0,0.0,209,0,LOW
MED-025,Tablet,Diuretic / Antihypertensive,17.9,30.1,15.0,30.0,0.0,0.0,0.0,4.0,0.0,0,0,0,0.0,527,0,LOW
MED-004,Tablet,Antidiabetic (Biguanide),29.0,34.2,20.0,25.0,0.0,4.0,4.0,22.3,89.2,0,0,0,0.0,438,0,MODERATE
MED-017,Nasal Spray Suspension,Corticosteroid / Allergy,5.4,64.6,4.0,30.0,0.0,0.0,0.0,17.6,0.0,0,1,0,0.0,596,0,LOW
MED-010,Tablet,Antihistamine,22.9,34.1,20.0,25.0,0.0,0.0,0.0,2.3,0.0,0,0,0,0.0,124,0,LOW
MED-023,Capsule,Anticonvulsant / Neuropathic,33.1,67.0,15.0,30.0,0.0,3.1,3.1,16.1,49.91,0,0,0,0.0,351,0,MODERATE
MED-006,Delayed-Release Capsule,Gastrointestinal (PPI),32.5,33.0,15.0,30.0,0.0,2.5,2.5,5.2,13.0,0,0,0,0.0,48,1,MODERATE
MED-014,Subcutaneous Injection,Endocrine (Hormone),-3.9,49.9,2.0,8.0,5.9,0.0,5.9,6.2,36.58,1,1,0,0.0,343,0,HIGH
MED-006,Delayed-Release Capsule,Gastrointestinal (PPI),0.4,68.1,15.0,30.0,14.6,0.0,14.6,18.7,273.02,0,0,0,0.0,255,0,HIGH
MED-010,Tablet,Antihistamine,30.8,39.4,20.0,25.0,0.0,5.8,5.8,21.7,125.86,0,0,0,0.0,417,0,HIGH
MED-024,Tablet,Corticosteroid / Anti-inflammatory,19.8,33.2,20.0,25.0,0.2,0.0,0.2,19.8,3.96,0,0,0,0.0,11,1,LOW
MED-008,Tablet,Antibiotic (Fluoroquinolone),44.3,43.0,20.0,25.0,0.0,19.3,19.3,67.4,1300.82,0,0,0,0.0,321,0,HIGH
MED-013,Tablet,Endocrine (Thyroid Hormone),39.7,64.7,15.0,30.0,0.0,9.7,9.7,9.3,90.21,0,0,0,0.0,247,0,MODERATE
MED-004,Tablet,Antidiabetic (Biguanide),30.6,29.2,20.0,25.0,0.0,5.6,5.6,4.0,22.4,0,0,0,0.0,250,0,MODERATE
MED-004,Tablet,Antidiabetic (Biguanide),27.3,45.3,20.0,25.0,0.0,2.3,2.3,12.1,27.83,0,0,0,0.0,322,0,MODERATE
MED-007,Tablet,Antibiotic (Macrolide),31.5,49.3,15.0,30.0,0.0,1.5,1.5,17.2,25.8,0,0,0,0.0,264,0,MODERATE
MED-006,Delayed-Release Capsule,Gastrointestinal (PPI),14.5,83.1,15.0,30.0,0.5,0.0,0.5,6.1,3.05,0,0,0,0.0,260,0,LOW
MED-011,Tablet,Antihypertensive (ARB),31.7,39.8,15.0,30.0,0.0,1.7,1.7,25.7,43.69,0,0,0,0.0,582,0,MODERATE
MED-004,Tablet,Antidiabetic (Biguanide),33.9,52.3,20.0,25.0,0.0,8.9,8.9,63.1,561.59,0,0,0,0.0,237,0,HIGH
MED-020,Tablet,Antidepressant (SSRI),25.0,33.9,20.0,25.0,0.0,0.0,0.0,0.3,0.0,0,0,0,0.0,606,0,LOW
MED-016,Inhalation Aerosol,Respiratory (Bronchodilator),23.8,25.7,15.0,25.0,0.0,0.0,0.0,1.9,0.0,0,1,0,0.0,451,0,LOW
MED-017,Nasal Spray Suspension,Corticosteroid / Allergy,43.6,29.5,4.0,30.0,0.0,13.6,13.6,21.6,293.76,0,1,0,0.0,30,1,HIGH
MED-014,Subcutaneous Injection,Endocrine (Hormone),9.7,34.0,2.0,8.0,0.0,1.7,1.7,2.7,4.59,1,1,0,0.0,419,0,LOW
MED-013,Tablet,Endocrine (Thyroid Hormone),34.4,25.2,15.0,30.0,0.0,4.4,4.4,17.6,77.44,0,0,0,0.0,218,0,MODERATE
MED-014,Subcutaneous Injection,Endocrine (Hormone),-1.6,59.3,2.0,8.0,3.6,0.0,3.6,22.4,80.64,1,1,0,0.0,145,0,HIGH
MED-023,Capsule,Anticonvulsant / Neuropathic,10.0,80.9,15.0,30.0,5.0,0.0,5.0,9.0,45.0,0,0,0,0.0,131,0,MODERATE
MED-012,Tablet,Antihypertensive (CCB),11.1,47.1,15.0,30.0,3.9,0.0,3.9,11.0,42.9,0,0,0,0.0,561,0,MODERATE
MED-009,Tablet,Analgesic / NSAID,19.6,76.5,20.0,25.0,0.4,0.0,0.4,4.9,1.96,0,0,0,0.0,79,0,LOW
MED-002,Capsule,Antibiotic (Penicillin),23.7,40.4,20.0,25.0,0.0,0.0,0.0,0.2,0.0,0,0,0,0.0,623,0,LOW
MED-021,Tablet,Respiratory (Leukotriene Antagonist),33.7,62.7,15.0,30.0,0.0,3.7,3.7,11.2,41.44,0,0,0,0.0,257,0,MODERATE
MED-016,Inhalation Aerosol,Respiratory (Bronchodilator),30.9,51.8,15.0,25.0,0.0,5.9,5.9,3.9,23.01,0,1,0,0.0,355,0,MODERATE
MED-020,Tablet,Antidepressant (SSRI),23.6,62.8,20.0,25.0,0.0,0.0,0.0,3.6,0.0,0,0,0,0.0,74,0,LOW
MED-015,Subcutaneous Injection,Endocrine (Hormone),1.1,24.6,2.0,8.0,0.9,0.0,0.9,17.2,15.48,1,1,0,0.0,467,0,MODERATE
MED-003,Tablet,Antibiotic (Beta-lactamase inhibitor),16.5,62.2,15.0,25.0,0.0,0.0,0.0,9.5,0.0,0,0,0,0.0,35,1,LOW
MED-011,Tablet,Antihypertensive (ARB),13.0,20.6,15.0,30.0,2.0,0.0,2.0,6.9,13.8,0,0,0,0.0,470,0,LOW
MED-015,Subcutaneous Injection,Endocrine (Hormone),4.1,32.9,2.0,8.0,0.0,0.0,0.0,1.3,0.0,1,1,0,0.0,661,0,LOW
MED-008,Tablet,Antibiotic (Fluoroquinolone),24.3,56.1,20.0,25.0,0.0,0.0,0.0,11.2,0.0,0,0,0,0.0,552,0,LOW
MED-005,Tablet,Antihyperlipidemic (Statin),30.2,71.9,20.0,25.0,0.0,5.2,5.2,12.5,65.0,0,0,0,0.0,299,0,MODERATE
MED-004,Tablet,Antidiabetic (Biguanide),47.2,46.5,20.0,25.0,0.0,22.2,22.2,32.8,728.16,0,0,0,0.0,211,0,HIGH
MED-007,Tablet,Antibiotic (Macrolide),15.5,61.8,15.0,30.0,0.0,0.0,0.0,3.6,0.0,0,0,0,0.0,212,0,LOW
MED-021,Tablet,Respiratory (Leukotriene Antagonist),40.8,64.9,15.0,30.0,0.0,10.8,10.8,65.2,704.16,0,0,0,0.0,132,0,HIGH
MED-021,Tablet,Respiratory (Leukotriene Antagonist),30.7,80.4,15.0,30.0,0.0,0.7,0.7,33.6,23.52,0,0,0,0.0,508,0,MODERATE
MED-025,Tablet,Diuretic / Antihypertensive,1.9,62.7,15.0,30.0,13.1,0.0,13.1,42.6,558.06,0,0,0,0.0,128,0,HIGH
MED-005,Tablet,Antihyperlipidemic (Statin),18.3,57.5,20.0,25.0,1.7,0.0,1.7,17.0,28.9,0,0,0,0.0,473,0,MODERATE
MED-010,Tablet,Antihistamine,20.9,58.9,20.0,25.0,0.0,0.0,0.0,12.5,0.0,0,0,0,0.0,524,0,LOW
MED-013,Tablet,Endocrine (Thyroid Hormone),16.5,46.7,15.0,30.0,0.0,0.0,0.0,21.7,0.0,0,0,0,0.0,234,0,LOW
MED-009,Tablet,Analgesic / NSAID,21.8,24.6,20.0,25.0,0.0,0.0,0.0,2.4,0.0,0,0,0,0.0,80,0,LOW
MED-025,Tablet,Diuretic / Antihypertensive,45.1,44.6,15.0,30.0,0.0,15.1,15.1,68.2,1029.82,0,0,0,0.0,265,0,HIGH
MED-016,Inhalation Aerosol,Respiratory (Bronchodilator),27.4,75.3,15.0,25.0,0.0,2.4,2.4,11.2,26.88,0,1,0,0.0,11,1,MODERATE
MED-007,Tablet,Antibiotic (Macrolide),12.4,49.1,15.0,30.0,2.6,0.0,2.6,6.2,16.12,0,0,0,0.0,506,0,LOW
MED-018,Capsule,Antibiotic (Tetracycline),40.2,71.1,20.0,25.0,0.0,15.2,15.2,47.3,718.96,0,0,0,0.0,243,0,HIGH
MED-002,Capsule,Antibiotic (Penicillin),43.1,32.1,20.0,25.0,0.0,18.1,18.1,18.3,331.23,0,0,0,0.0,9,1,HIGH
MED-008,Tablet,Antibiotic (Fluoroquinolone),23.4,50.4,20.0,25.0,0.0,0.0,0.0,14.4,0.0,0,0,0,0.0,303,0,LOW
MED-007,Tablet,Antibiotic (Macrolide),18.6,56.1,15.0,30.0,0.0,0.0,0.0,1.6,0.0,0,0,0,0.0,117,0,LOW
MED-008,Tablet,Antibiotic (Fluoroquinolone),28.1,77.9,20.0,25.0,0.0,3.1,3.1,9.8,30.38,0,0,0,0.0,52,1,MODERATE
MED-010,Tablet,Antihistamine,21.8,40.9,20.0,25.0,0.0,0.0,0.0,1.3,0.0,0,0,0,0.0,531,0,LOW
MED-025,Tablet,Diuretic / Antihypertensive,17.0,29.8,15.0,30.0,0.0,0.0,0.0,17.7,0.0,0,0,0,0.0,452,0,LOW
MED-013,Tablet,Endocrine (Thyroid Hormone),23.7,73.0,15.0,30.0,0.0,0.0,0.0,4.0,0.0,0,0,0,0.0,66,0,LOW
MED-020,Tablet,Antidepressant (SSRI),17.3,57.4,20.0,25.0,2.7,0.0,2.7,22.6,61.02,0,0,0,0.0,156,0,MODERATE
MED-007,Tablet,Antibiotic (Macrolide),10.8,72.7,15.0,30.0,4.2,0.0,4.2,5.7,23.94,0,0,0,0.0,317,0,MODERATE
MED-004,Tablet,Antidiabetic (Biguanide),19.3,42.1,20.0,25.0,0.7,0.0,0.7,13.9,9.73,0,0,0,0.0,347,0,LOW
MED-001,Tablet,Analgesic / Antipyretic,29.0,31.4,20.0,25.0,0.0,4.0,4.0,6.4,25.6,0,0,0,0.0,224,0,MODERATE
MED-016,Inhalation Aerosol,Respiratory (Bronchodilator),27.4,44.7,15.0,25.0,0.0,2.4,2.4,16.2,38.88,0,1,0,0.0,288,0,MODERATE
MED-003,Tablet,Antibiotic (Beta-lactamase inhibitor),25.0,62.0,15.0,25.0,0.0,0.0,0.0,0.8,0.0,0,0,0,0.0,52,1,LOW
MED-016,Inhalation Aerosol,Respiratory (Bronchodilator),26.4,34.7,15.0,25.0,0.0,1.4,1.4,12.5,17.5,0,1,0,0.0,18,1,MODERATE
MED-003,Tablet,Antibiotic (Beta-lactamase inhibitor),21.4,57.7,15.0,25.0,0.0,0.0,0.0,2.4,0.0,0,0,0,0.0,544,0,LOW
MED-001,Tablet,Analgesic / Antipyretic,29.4,51.1,20.0,25.0,0.0,4.4,4.4,14.3,62.92,0,0,0,0.0,278,0,MODERATE
MED-002,Capsule,Antibiotic (Penicillin),29.8,35.7,20.0,25.0,0.0,4.8,4.8,6.2,29.76,0,0,0,0.0,112,0,MODERATE
MED-003,Tablet,Antibiotic (Beta-lactamase inhibitor),21.6,40.2,15.0,25.0,0.0,0.0,0.0,3.7,0.0,0,0,0,0.0,626,0,LOW
MED-010,Tablet,Antihistamine,15.5,59.9,20.0,25.0,4.5,0.0,4.5,7.9,35.55,0,0,0,0.0,75,0,MODERATE
MED-002,Capsule,Antibiotic (Penicillin),25.7,62.3,20.0,25.0,0.0,0.7,0.7,10.1,7.07,0,0,0,0.0,68,0,LOW
MED-025,Tablet,Diuretic / Antihypertensive,15.7,74.0,15.0,30.0,0.0,0.0,0.0,2.4,0.0,0,0,0,0.0,586,0,LOW
MED-020,Tablet,Antidepressant (SSRI),30.1,73.1,20.0,25.0,0.0,5.1,5.1,3.0,15.3,0,0,0,0.0,102,0,MODERATE
MED-013,Tablet,Endocrine (Thyroid Hormone),11.7,71.9,15.0,30.0,3.3,0.0,3.3,9.1,30.03,0,0,0,0.0,591,0,MODERATE
MED-002,Capsule,Antibiotic (Penicillin),16.2,43.0,20.0,25.0,3.8,0.0,3.8,3.4,12.92,0,0,0,0.0,205,0,LOW
MED-007,Tablet,Antibiotic (Macrolide),35.4,45.0,15.0,30.0,0.0,5.4,5.4,3.9,21.06,0,0,0,0.0,149,0,MODERATE
MED-022,Tablet,Antiplatelet / Hematologic,45.1,26.2,15.0,30.0,0.0,15.1,15.1,56.8,857.68,0,0,0,0.0,197,0,HIGH
MED-004,Tablet,Antidiabetic (Biguanide),18.3,40.9,20.0,25.0,1.7,0.0,1.7,13.7,23.29,0,0,0,0.0,337,0,MODERATE
MED-004,Tablet,Antidiabetic (Biguanide),44.3,74.3,20.0,25.0,0.0,19.3,19.3,56.7,1094.31,0,0,0,0.0,109,0,HIGH
MED-015,Subcutaneous Injection,Endocrine (Hormone),9.5,79.4,2.0,8.0,0.0,1.5,1.5,4.5,6.75,1,1,0,0.0,350,0,LOW
MED-024,Tablet,Corticosteroid / Anti-inflammatory,18.2,57.9,20.0,25.0,1.8,0.0,1.8,2.5,4.5,0,0,0,0.0,225,0,LOW
MED-023,Capsule,Anticonvulsant / Neuropathic,20.3,76.6,15.0,30.0,0.0,0.0,0.0,0.2,0.0,0,0,0,0.0,484,0,LOW
MED-016,Inhalation Aerosol,Respiratory (Bronchodilator),37.7,40.5,15.0,25.0,0.0,12.7,12.7,16.6,210.82,0,1,0,0.0,360,0,HIGH
MED-018,Capsule,Antibiotic (Tetracycline),34.0,76.8,20.0,25.0,0.0,9.0,9.0,70.9,638.1,0,0,0,0.0,359,0,HIGH
MED-008,Tablet,Antibiotic (Fluoroquinolone),15.3,57.4,20.0,25.0,4.7,0.0,4.7,18.5,86.95,0,0,0,0.0,86,0,MODERATE
MED-010,Tablet,Antihistamine,15.1,55.7,20.0,25.0,4.9,0.0,4.9,17.6,86.24,0,0,0,0.0,570,0,MODERATE
MED-005,Tablet,Antihyperlipidemic (Statin),26.2,75.4,20.0,25.0,0.0,1.2,1.2,22.2,26.64,0,0,0,0.0,380,0,MODERATE
MED-008,Tablet,Antibiotic (Fluoroquinolone),21.2,40.8,20.0,25.0,0.0,0.0,0.0,3.7,0.0,0,0,0,0.0,359,0,LOW
MED-007,Tablet,Antibiotic (Macrolide),15.9,83.7,15.0,30.0,0.0,0.0,0.0,2.3,0.0,0,0,0,0.0,656,0,LOW
MED-012,Tablet,Antihypertensive (CCB),47.6,20.3,15.0,30.0,0.0,17.6,17.6,41.9,737.44,0,0,0,0.0,53,1,HIGH
MED-024,Tablet,Corticosteroid / Anti-inflammatory,25.6,42.2,20.0,25.0,0.0,0.6,0.6,16.3,9.78,0,0,0,0.0,313,0,LOW
MED-004,Tablet,Antidiabetic (Biguanide),26.4,66.5,20.0,25.0,0.0,1.4,1.4,32.5,45.5,0,0,0,0.0,496,0,MODERATE
MED-002,Capsule,Antibiotic (Penicillin),25.4,44.8,20.0,25.0,0.0,0.4,0.4,14.4,5.76,0,0,0,0.0,188,0,LOW
MED-005,Tablet,Antihyperlipidemic (Statin),28.0,54.7,20.0,25.0,0.0,3.0,3.0,17.6,52.8,0,0,0,0.0,205,0,MODERATE
MED-012,Tablet,Antihypertensive (CCB),23.8,37.2,15.0,30.0,0.0,0.0,0.0,0.1,0.0,0,0,0,0.0,273,0,LOW
MED-019,Delayed-Release Tablet,Gastrointestinal (PPI),16.8,27.8,20.0,25.0,3.2,0.0,3.2,12.3,39.36,0,0,0,0.0,403,0,MODERATE
MED-005,Tablet,Antihyperlipidemic (Statin),23.1,62.1,20.0,25.0,0.0,0.0,0.0,2.5,0.0,0,0,0,0.0,65,0,LOW
MED-014,Subcutaneous Injection,Endocrine (Hormone),14.5,40.4,2.0,8.0,0.0,6.5,6.5,33.3,216.45,1,1,0,0.0,424,0,HIGH
MED-015,Subcutaneous Injection,Endocrine (Hormone),-1.1,28.1,2.0,8.0,3.1,0.0,3.1,30.0,93.0,1,1,0,0.0,209,0,HIGH
MED-003,Tablet,Antibiotic (Beta-lactamase inhibitor),45.8,36.3,15.0,25.0,0.0,20.8,20.8,60.2,1252.16,0,0,0,0.0,195,0,HIGH
MED-011,Tablet,Antihypertensive (ARB),44.0,73.6,15.0,30.0,0.0,14.0,14.0,42.3,592.2,0,0,0,0.0,253,0,HIGH
MED-011,Tablet,Antihypertensive (ARB),33.8,81.2,15.0,30.0,0.0,3.8,3.8,5.0,19.0,0,0,0,0.0,394,0,LOW
MED-023,Capsule,Anticonvulsant / Neuropathic,38.5,22.1,15.0,30.0,0.0,8.5,8.5,38.2,324.7,0,0,0,0.0,336,0,HIGH
MED-002,Capsule,Antibiotic (Penicillin),33.3,30.1,20.0,25.0,0.0,8.3,8.3,43.7,362.71,0,0,0,0.0,213,0,HIGH
MED-002,Capsule,Antibiotic (Penicillin),21.4,83.2,20.0,25.0,0.0,0.0,0.0,19.8,0.0,0,0,0,0.0,33,1,LOW
MED-014,Subcutaneous Injection,Endocrine (Hormone),12.9,47.0,2.0,8.0,0.0,4.9,4.9,3.3,16.17,1,1,0,0.0,504,0,MODERATE
MED-017,Nasal Spray Suspension,Corticosteroid / Allergy,-0.1,84.9,4.0,30.0,4.1,0.0,4.1,11.7,47.97,0,1,0,0.0,441,0,HIGH
MED-018,Capsule,Antibiotic (Tetracycline),47.7,78.7,20.0,25.0,0.0,22.7,22.7,52.2,1184.94,0,0,0,0.0,326,0,HIGH
MED-001,Tablet,Analgesic / Antipyretic,36.2,46.6,20.0,25.0,0.0,11.2,11.2,62.5,700.0,0,0,0,0.0,153,0,HIGH
MED-019,Delayed-Release Tablet,Gastrointestinal (PPI),38.6,51.5,20.0,25.0,0.0,13.6,13.6,63.4,862.24,0,0,0,0.0,261,0,HIGH
MED-005,Tablet,Antihyperlipidemic (Statin),24.1,56.9,20.0,25.0,0.0,0.0,0.0,0.3,0.0,0,0,0,0.0,682,0,LOW
MED-018,Capsule,Antibiotic (Tetracycline),47.1,27.9,20.0,25.0,0.0,22.1,22.1,25.1,554.71,0,0,0,0.0,109,0,HIGH
MED-025,Tablet,Diuretic / Antihypertensive,3.7,39.0,15.0,30.0,11.3,0.0,11.3,60.6,684.78,0,0,0,0.0,133,0,HIGH
MED-020,Tablet,Antidepressant (SSRI),23.0,53.1,20.0,25.0,0.0,0.0,0.0,2.0,0.0,0,0,0,0.0,336,0,LOW
MED-006,Delayed-Release Capsule,Gastrointestinal (PPI),10.6,71.5,15.0,30.0,4.4,0.0,4.4,22.8,100.32,0,0,0,0.0,23,1,HIGH
MED-006,Delayed-Release Capsule,Gastrointestinal (PPI),16.9,29.8,15.0,30.0,0.0,0.0,0.0,19.9,0.0,0,0,0,0.0,27,1,LOW
MED-004,Tablet,Antidiabetic (Biguanide),15.4,32.8,20.0,25.0,4.6,0.0,4.6,12.3,56.58,0,0,0,0.0,23,1,HIGH
MED-014,Subcutaneous Injection,Endocrine (Hormone),9.6,51.9,2.0,8.0,0.0,1.6,1.6,6.2,9.92,1,1,0,0.0,472,0,LOW
MED-013,Tablet,Endocrine (Thyroid Hormone),13.8,62.4,15.0,30.0,1.2,0.0,1.2,11.4,13.68,0,0,0,0.0,94,0,LOW
MED-013,Tablet,Endocrine (Thyroid Hormone),10.7,70.6,15.0,30.0,4.3,0.0,4.3,21.4,92.02,0,0,0,0.0,422,0,MODERATE
MED-011,Tablet,Antihypertensive (ARB),26.4,68.9,15.0,30.0,0.0,0.0,0.0,1.5,0.0,0,0,0,0.0,375,0,LOW
MED-021,Tablet,Respiratory (Leukotriene Antagonist),16.9,42.0,15.0,30.0,0.0,0.0,0.0,1.1,0.0,0,0,0,0.0,22,1,LOW
MED-008,Tablet,Antibiotic (Fluoroquinolone),23.8,70.8,20.0,25.0,0.0,0.0,0.0,14.8,0.0,0,0,0,0.0,522,0,LOW
MED-003,Tablet,Antibiotic (Beta-lactamase inhibitor),19.6,39.0,15.0,25.0,0.0,0.0,0.0,1.5,0.0,0,0,0,0.0,596,0,LOW
MED-002,Capsule,Antibiotic (Penicillin),23.7,49.0,20.0,25.0,0.0,0.0,0.0,1.6,0.0,0,0,0,0.0,719,0,LOW
MED-005,Tablet,Antihyperlipidemic (Statin),31.3,59.8,20.0,25.0,0.0,6.3,6.3,10.3,64.89,0,0,0,0.0,12,1,HIGH
MED-005,Tablet,Antihyperlipidemic (Statin),20.8,39.5,20.0,25.0,0.0,0.0,0.0,1.1,0.0,0,0,0,0.0,94,0,LOW
MED-003,Tablet,Antibiotic (Beta-lactamase inhibitor),30.7,45.9,15.0,25.0,0.0,5.7,5.7,8.1,46.17,0,0,0,0.0,295,0,MODERATE
MED-015,Subcutaneous Injection,Endocrine (Hormone),11.7,40.4,2.0,8.0,0.0,3.7,3.7,23.5,86.95,1,1,0,0.0,591,0,HIGH
MED-010,Tablet,Antihistamine,47.2,47.1,20.0,25.0,0.0,22.2,22.2,59.4,1318.68,0,0,0,0.0,77,0,HIGH
MED-018,Capsule,Antibiotic (Tetracycline),21.8,83.0,20.0,25.0,0.0,0.0,0.0,10.6,0.0,0,0,0,0.0,387,0,LOW
MED-014,Subcutaneous Injection,Endocrine (Hormone),11.4,37.7,2.0,8.0,0.0,3.4,3.4,3.1,10.54,1,1,0,0.0,428,0,LOW
MED-007,Tablet,Antibiotic (Macrolide),32.5,27.5,15.0,30.0,0.0,2.5,2.5,20.6,51.5,0,0,0,0.0,254,0,MODERATE
MED-023,Capsule,Anticonvulsant / Neuropathic,33.9,33.5,15.0,30.0,0.0,3.9,3.9,11.2,43.68,0,0,0,0.0,499,0,MODERATE
MED-008,Tablet,Antibiotic (Fluoroquinolone),42.6,81.7,20.0,25.0,0.0,17.6,17.6,36.2,637.12,0,0,0,0.0,221,0,HIGH
MED-008,Tablet,Antibiotic (Fluoroquinolone),17.5,37.6,20.0,25.0,2.5,0.0,2.5,8.3,20.75,0,0,0,0.0,349,0,MODERATE
MED-019,Delayed-Release Tablet,Gastrointestinal (PPI),29.8,35.2,20.0,25.0,0.0,4.8,4.8,24.4,117.12,0,0,0,0.0,475,0,MODERATE
MED-015,Subcutaneous Injection,Endocrine (Hormone),-2.6,79.4,2.0,8.0,4.6,0.0,4.6,18.5,85.1,1,1,0,0.0,593,0,HIGH
MED-022,Tablet,Antiplatelet / Hematologic,31.9,58.5,15.0,30.0,0.0,1.9,1.9,12.4,23.56,0,0,0,0.0,140,0,MODERATE
MED-021,Tablet,Respiratory (Leukotriene Antagonist),28.8,39.0,15.0,30.0,0.0,0.0,0.0,32.5,0.0,0,0,0,0.0,10,1,MODERATE
MED-019,Delayed-Release Tablet,Gastrointestinal (PPI),29.0,62.2,20.0,25.0,0.0,4.0,4.0,14.6,58.4,0,0,0,0.0,220,0,MODERATE
MED-020,Tablet,Antidepressant (SSRI),29.2,68.1,20.0,25.0,0.0,4.2,4.2,2.8,11.76,0,0,0,0.0,194,0,LOW
MED-008,Tablet,Antibiotic (Fluoroquinolone),26.7,62.2,20.0,25.0,0.0,1.7,1.7,3.9,6.63,0,0,0,0.0,436,0,LOW
MED-003,Tablet,Antibiotic (Beta-lactamase inhibitor),30.1,81.9,15.0,25.0,0.0,5.1,5.1,10.2,52.02,0,0,0,0.0,202,0,MODERATE
MED-011,Tablet,Antihypertensive (ARB),43.5,53.7,15.0,30.0,0.0,13.5,13.5,49.9,673.65,0,0,0,0.0,185,0,HIGH
MED-002,Capsule,Antibiotic (Penicillin),17.9,81.1,20.0,25.0,2.1,0.0,2.1,12.2,25.62,0,0,0,0.0,70,0,MODERATE
MED-025,Tablet,Diuretic / Antihypertensive,26.4,32.9,15.0,30.0,0.0,0.0,0.0,1.9,0.0,0,0,0,0.0,163,0,LOW
MED-022,Tablet,Antiplatelet / Hematologic,36.6,38.2,15.0,30.0,0.0,6.6,6.6,1.3,8.58,0,0,0,0.0,456,0,MODERATE
MED-011,Tablet,Antihypertensive (ARB),22.1,24.0,15.0,30.0,0.0,0.0,0.0,0.6,0.0,0,0,0,0.0,649,0,LOW
MED-022,Tablet,Antiplatelet / Hematologic,45.5,32.0,15.0,30.0,0.0,15.5,15.5,63.6,985.8,0,0,0,0.0,166,0,HIGH
MED-023,Capsule,Anticonvulsant / Neuropathic,25.4,44.8,15.0,30.0,0.0,0.0,0.0,0.2,0.0,0,0,0,0.0,324,0,LOW
MED-005,Tablet,Antihyperlipidemic (Statin),27.9,55.5,20.0,25.0,0.0,2.9,2.9,4.9,14.21,0,0,0,0.0,119,0,LOW
MED-020,Tablet,Antidepressant (SSRI),47.2,36.2,20.0,25.0,0.0,22.2,22.2,28.8,639.36,0,0,0,0.0,297,0,HIGH
MED-022,Tablet,Antiplatelet / Hematologic,20.6,80.0,15.0,30.0,0.0,0.0,0.0,0.6,0.0,0,0,0,0.0,291,0,LOW
MED-011,Tablet,Antihypertensive (ARB),34.4,46.2,15.0,30.0,0.0,4.4,4.4,10.7,47.08,0,0,0,0.0,163,0,MODERATE
MED-019,Delayed-Release Tablet,Gastrointestinal (PPI),30.8,25.9,20.0,25.0,0.0,5.8,5.8,6.5,37.7,0,0,0,0.0,233,0,MODERATE
MED-011,Tablet,Antihypertensive (ARB),39.3,74.9,15.0,30.0,0.0,9.3,9.3,32.7,304.11,0,0,0,0.0,277,0,HIGH
MED-025,Tablet,Diuretic / Antihypertensive,-3.8,63.8,15.0,30.0,18.8,0.0,18.8,57.4,1079.12,0,0,0,0.0,343,0,HIGH
MED-019,Delayed-Release Tablet,Gastrointestinal (PPI),20.3,33.5,20.0,25.0,0.0,0.0,0.0,3.1,0.0,0,0,0,0.0,240,0,LOW
MED-009,Tablet,Analgesic / NSAID,18.3,69.0,20.0,25.0,1.7,0.0,1.7,8.5,14.45,0,0,0,0.0,422,0,LOW
MED-004,Tablet,Antidiabetic (Biguanide),28.0,75.0,20.0,25.0,0.0,3.0,3.0,27.3,81.9,0,0,0,0.0,523,0,MODERATE
MED-010,Tablet,Antihistamine,30.2,46.4,20.0,25.0,0.0,5.2,5.2,17.2,89.44,0,0,0,0.0,340,0,MODERATE
MED-020,Tablet,Antidepressant (SSRI),20.3,20.5,20.0,25.0,0.0,0.0,0.0,2.6,0.0,0,0,0,0.0,307,0,LOW
MED-004,Tablet,Antidiabetic (Biguanide),22.3,77.1,20.0,25.0,0.0,0.0,0.0,3.5,0.0,0,0,0,0.0,492,0,LOW
MED-005,Tablet,Antihyperlipidemic (Statin),39.5,72.3,20.0,25.0,0.0,14.5,14.5,9.9,143.55,0,0,0,0.0,360,0,HIGH
MED-012,Tablet,Antihypertensive (CCB),31.0,69.0,15.0,30.0,0.0,1.0,1.0,3.7,3.7,0,0,0,0.0,214,0,LOW
MED-009,Tablet,Analgesic / NSAID,44.2,37.4,20.0,25.0,0.0,19.2,19.2,62.6,1201.92,0,0,0,0.0,282,0,HIGH
MED-007,Tablet,Antibiotic (Macrolide),46.2,84.4,15.0,30.0,0.0,16.2,16.2,64.4,1043.28,0,0,0,0.0,359,0,HIGH
MED-023,Capsule,Anticonvulsant / Neuropathic,27.4,64.0,15.0,30.0,0.0,0.0,0.0,3.0,0.0,0,0,0,0.0,359,0,LOW
MED-014,Subcutaneous Injection,Endocrine (Hormone),8.5,33.7,2.0,8.0,0.0,0.5,0.5,24.8,12.4,1,1,0,0.0,230,0,MODERATE
MED-006,Delayed-Release Capsule,Gastrointestinal (PPI),32.3,68.2,15.0,30.0,0.0,2.3,2.3,32.9,75.67,0,0,0,0.0,180,0,MODERATE
MED-022,Tablet,Antiplatelet / Hematologic,45.2,60.7,15.0,30.0,0.0,15.2,15.2,32.8,498.56,0,0,0,0.0,124,0,HIGH
MED-018,Capsule,Antibiotic (Tetracycline),45.0,22.5,20.0,25.0,0.0,20.0,20.0,40.9,818.0,0,0,0,0.0,35,1,HIGH
MED-003,Tablet,Antibiotic (Beta-lactamase inhibitor),28.3,28.0,15.0,25.0,0.0,3.3,3.3,4.5,14.85,0,0,0,0.0,285,0,LOW
MED-021,Tablet,Respiratory (Leukotriene Antagonist),33.1,29.1,15.0,30.0,0.0,3.1,3.1,29.4,91.14,0,0,0,0.0,35,1,HIGH
MED-016,Inhalation Aerosol,Respiratory (Bronchodilator),-4.7,64.9,15.0,25.0,19.7,0.0,19.7,35.6,701.32,0,1,0,0.0,56,1,HIGH
MED-012,Tablet,Antihypertensive (CCB),35.7,59.8,15.0,30.0,0.0,5.7,5.7,11.6,66.12,0,0,0,0.0,51,1,HIGH
MED-015,Subcutaneous Injection,Endocrine (Hormone),0.0,48.9,2.0,8.0,2.0,0.0,2.0,4.1,8.2,1,1,0,0.0,436,0,HIGH
MED-006,Delayed-Release Capsule,Gastrointestinal (PPI),33.6,44.5,15.0,30.0,0.0,3.6,3.6,7.6,27.36,0,0,0,0.0,129,0,MODERATE
MED-018,Capsule,Antibiotic (Tetracycline),25.8,52.2,20.0,25.0,0.0,0.8,0.8,29.8,23.84,0,0,0,0.0,356,0,MODERATE
MED-006,Delayed-Release Capsule,Gastrointestinal (PPI),28.8,46.4,15.0,30.0,0.0,0.0,0.0,2.1,0.0,0,0,0,0.0,294,0,LOW
MED-002,Capsule,Antibiotic (Penicillin),25.0,35.3,20.0,25.0,0.0,0.0,0.0,0.5,0.0,0,0,0,0.0,341,0,LOW
MED-022,Tablet,Antiplatelet / Hematologic,33.2,38.7,15.0,30.0,0.0,3.2,3.2,9.2,29.44,0,0,0,0.0,396,0,MODERATE
MED-004,Tablet,Antidiabetic (Biguanide),26.8,60.8,20.0,25.0,0.0,1.8,1.8,23.3,41.94,0,0,0,0.0,502,0,MODERATE
MED-003,Tablet,Antibiotic (Beta-lactamase inhibitor),37.6,84.8,15.0,25.0,0.0,12.6,12.6,14.4,181.44,0,0,0,0.0,25,1,HIGH
MED-022,Tablet,Antiplatelet / Hematologic,34.3,78.6,15.0,30.0,0.0,4.3,4.3,13.4,57.62,0,0,0,0.0,211,0,MODERATE
MED-025,Tablet,Diuretic / Antihypertensive,28.5,23.1,15.0,30.0,0.0,0.0,0.0,23.7,0.0,0,0,0,0.0,416,0,LOW
MED-024,Tablet,Corticosteroid / Anti-inflammatory,24.3,63.6,20.0,25.0,0.0,0.0,0.0,30.8,0.0,0,0,0,0.0,430,0,LOW
MED-002,Capsule,Antibiotic (Penicillin),29.2,26.0,20.0,25.0,0.0,4.2,4.2,7.0,29.4,0,0,0,0.0,294,0,MODERATE
MED-002,Capsule,Antibiotic (Penicillin),30.6,20.8,20.0,25.0,0.0,5.6,5.6,23.5,131.6,0,0,0,0.0,126,0,HIGH
MED-023,Capsule,Anticonvulsant / Neuropathic,10.5,59.6,15.0,30.0,4.5,0.0,4.5,23.5,105.75,0,0,0,0.0,231,0,MODERATE
MED-011,Tablet,Antihypertensive (ARB),32.8,26.5,15.0,30.0,0.0,2.8,2.8,16.7,46.76,0,0,0,0.0,382,0,MODERATE
MED-022,Tablet,Antiplatelet / Hematologic,44.8,31.0,15.0,30.0,0.0,14.8,14.8,18.6,275.28,0,0,0,0.0,155,0,HIGH
MED-010,Tablet,Antihistamine,32.8,50.6,20.0,25.0,0.0,7.8,7.8,16.1,125.58,0,0,0,0.0,237,0,HIGH
MED-024,Tablet,Corticosteroid / Anti-inflammatory,24.9,53.0,20.0,25.0,0.0,0.0,0.0,3.0,0.0,0,0,0,0.0,299,0,LOW
MED-019,Delayed-Release Tablet,Gastrointestinal (PPI),26.6,71.5,20.0,25.0,0.0,1.6,1.6,17.4,27.84,0,0,0,0.0,472,0,MODERATE
MED-017,Nasal Spray Suspension,Corticosteroid / Allergy,33.2,50.8,4.0,30.0,0.0,3.2,3.2,17.3,55.36,0,1,0,0.0,370,0,MODERATE
MED-003,Tablet,Antibiotic (Beta-lactamase inhibitor),13.8,74.8,15.0,25.0,1.2,0.0,1.2,16.8,20.16,0,0,0,0.0,567,0,MODERATE
MED-008,Tablet,Antibiotic (Fluoroquinolone),22.7,22.6,20.0,25.0,0.0,0.0,0.0,3.9,0.0,0,0,0,0.0,561,0,LOW
MED-011,Tablet,Antihypertensive (ARB),27.0,76.9,15.0,30.0,0.0,0.0,0.0,3.8,0.0,0,0,0,0.0,149,0,LOW
MED-018,Capsule,Antibiotic (Tetracycline),23.6,63.7,20.0,25.0,0.0,0.0,0.0,1.6,0.0,0,0,0,0.0,235,0,LOW
MED-014,Subcutaneous Injection,Endocrine (Hormone),12.8,36.3,2.0,8.0,0.0,4.8,4.8,1.0,4.8,1,1,0,0.0,195,0,MODERATE
MED-010,Tablet,Antihistamine,26.2,66.4,20.0,25.0,0.0,1.2,1.2,7.2,8.64,0,0,0,0.0,307,0,LOW
MED-007,Tablet,Antibiotic (Macrolide),27.1,54.6,15.0,30.0,0.0,0.0,0.0,2.3,0.0,0,0,0,0.0,241,0,LOW
MED-005,Tablet,Antihyperlipidemic (Statin),36.6,41.9,20.0,25.0,0.0,11.6,11.6,26.8,310.88,0,0,0,0.0,210,0,HIGH
MED-016,Inhalation Aerosol,Respiratory (Bronchodilator),28.1,67.3,15.0,25.0,0.0,3.1,3.1,18.9,58.59,0,1,0,0.0,553,0,MODERATE
MED-003,Tablet,Antibiotic (Beta-lactamase inhibitor),26.0,80.7,15.0,25.0,0.0,1.0,1.0,7.0,7.0,0,0,0,0.0,270,0,LOW
MED-009,Tablet,Analgesic / NSAID,17.8,57.7,20.0,25.0,2.2,0.0,2.2,1.1,2.42,0,0,0,0.0,131,0,LOW
MED-001,Tablet,Analgesic / Antipyretic,26.5,63.0,20.0,25.0,0.0,1.5,1.5,9.1,13.65,0,0,0,0.0,21,1,MODERATE
MED-019,Delayed-Release Tablet,Gastrointestinal (PPI),29.0,44.4,20.0,25.0,0.0,4.0,4.0,10.7,42.8,0,0,0,0.0,489,0,MODERATE
MED-019,Delayed-Release Tablet,Gastrointestinal (PPI),35.3,62.2,20.0,25.0,0.0,10.3,10.3,56.8,585.04,0,0,0,0.0,21,1,HIGH
MED-012,Tablet,Antihypertensive (CCB),-3.3,60.2,15.0,30.0,18.3,0.0,18.3,48.6,889.38,0,0,0,0.0,86,0,HIGH
MED-018,Capsule,Antibiotic (Tetracycline),28.0,62.4,20.0,25.0,0.0,3.0,3.0,13.5,40.5,0,0,0,0.0,404,0,MODERATE
MED-006,Delayed-Release Capsule,Gastrointestinal (PPI),37.2,78.0,15.0,30.0,0.0,7.2,7.2,22.1,159.12,0,0,0,0.0,573,0,HIGH
MED-013,Tablet,Endocrine (Thyroid Hormone),31.4,72.7,15.0,30.0,0.0,1.4,1.4,14.8,20.72,0,0,0,0.0,149,0,MODERATE
MED-005,Tablet,Antihyperlipidemic (Statin),20.0,37.9,20.0,25.0,0.0,0.0,0.0,9.9,0.0,0,0,0,0.0,214,0,LOW
MED-009,Tablet,Analgesic / NSAID,16.5,66.6,20.0,25.0,3.5,0.0,3.5,4.0,14.0,0,0,0,0.0,162,0,LOW
MED-012,Tablet,Antihypertensive (CCB),37.4,75.6,15.0,30.0,0.0,7.4,7.4,23.0,170.2,0,0,0,0.0,570,0,HIGH
MED-014,Subcutaneous Injection,Endocrine (Hormone),3.5,26.7,2.0,8.0,0.0,0.0,0.0,12.7,0.0,1,1,0,0.0,147,0,LOW
MED-008,Tablet,Antibiotic (Fluoroquinolone),39.4,53.3,20.0,25.0,0.0,14.4,14.4,25.0,360.0,0,0,0,0.0,140,0,HIGH
MED-008,Tablet,Antibiotic (Fluoroquinolone),21.4,61.0,20.0,25.0,0.0,0.0,0.0,19.3,0.0,0,0,0,0.0,401,0,LOW
MED-025,Tablet,Diuretic / Antihypertensive,33.0,61.8,15.0,30.0,0.0,3.0,3.0,32.9,98.7,0,0,0,0.0,362,0,MODERATE
MED-002,Capsule,Antibiotic (Penicillin),30.5,36.4,20.0,25.0,0.0,5.5,5.5,12.7,69.85,0,0,0,0.0,368,0,MODERATE
MED-025,Tablet,Diuretic / Antihypertensive,27.1,80.0,15.0,30.0,0.0,0.0,0.0,0.3,0.0,0,0,0,0.0,716,0,LOW
MED-008,Tablet,Antibiotic (Fluoroquinolone),36.8,61.4,20.0,25.0,0.0,11.8,11.8,70.7,834.26,0,0,0,0.0,354,0,HIGH
MED-004,Tablet,Antidiabetic (Biguanide),27.3,58.0,20.0,25.0,0.0,2.3,2.3,4.4,10.12,0,0,0,0.0,79,1,MODERATE
MED-017,Nasal Spray Suspension,Corticosteroid / Allergy,12.5,30.6,4.0,30.0,0.0,0.0,0.0,2.5,0.0,0,1,0,0.0,173,0,LOW
MED-011,Tablet,Antihypertensive (ARB),12.2,59.1,15.0,30.0,2.8,0.0,2.8,21.1,59.08,0,0,0,0.0,412,0,MODERATE
MED-019,Delayed-Release Tablet,Gastrointestinal (PPI),46.3,68.5,20.0,25.0,0.0,21.3,21.3,70.7,1505.91,0,0,0,0.0,209,0,HIGH
MED-004,Tablet,Antidiabetic (Biguanide),20.6,52.3,20.0,25.0,0.0,0.0,0.0,5.7,0.0,0,0,0,0.0,282,0,LOW
MED-013,Tablet,Endocrine (Thyroid Hormone),35.1,21.3,15.0,30.0,0.0,5.1,5.1,11.1,56.61,0,0,0,0.0,498,0,MODERATE
MED-002,Capsule,Antibiotic (Penicillin),20.1,58.6,20.0,25.0,0.0,0.0,0.0,22.8,0.0,0,0,0,0.0,556,0,LOW
MED-011,Tablet,Antihypertensive (ARB),16.4,43.1,15.0,30.0,0.0,0.0,0.0,1.0,0.0,0,0,0,0.0,181,0,LOW
MED-024,Tablet,Corticosteroid / Anti-inflammatory,34.9,55.0,20.0,25.0,0.0,9.9,9.9,24.6,243.54,0,0,0,0.0,38,1,HIGH
MED-010,Tablet,Antihistamine,27.2,28.1,20.0,25.0,0.0,2.2,2.2,15.1,33.22,0,0,0,0.0,474,0,MODERATE
MED-020,Tablet,Antidepressant (SSRI),20.1,38.3,20.0,25.0,0.0,0.0,0.0,3.2,0.0,0,0,0,0.0,254,0,LOW
MED-024,Tablet,Corticosteroid / Anti-inflammatory,26.8,29.4,20.0,25.0,0.0,1.8,1.8,8.8,15.84,0,0,0,0.0,395,0,LOW
MED-003,Tablet,Antibiotic (Beta-lactamase inhibitor),11.6,44.1,15.0,25.0,3.4,0.0,3.4,13.5,45.9,0,0,0,0.0,84,0,MODERATE
MED-023,Capsule,Anticonvulsant / Neuropathic,30.9,80.7,15.0,30.0,0.0,0.9,0.9,2.0,1.8,0,0,0,0.0,423,0,LOW
MED-018,Capsule,Antibiotic (Tetracycline),18.4,47.2,20.0,25.0,1.6,0.0,1.6,13.9,22.24,0,0,0,0.0,173,0,MODERATE
MED-004,Tablet,Antidiabetic (Biguanide),17.3,80.4,20.0,25.0,2.7,0.0,2.7,20.9,56.43,0,0,0,0.0,83,1,HIGH
MED-022,Tablet,Antiplatelet / Hematologic,20.0,81.8,15.0,30.0,0.0,0.0,0.0,1.2,0.0,0,0,0,0.0,369,0,LOW
MED-012,Tablet,Antihypertensive (CCB),16.5,49.9,15.0,30.0,0.0,0.0,0.0,11.1,0.0,0,0,0,0.0,246,0,LOW
MED-002,Capsule,Antibiotic (Penicillin),26.8,29.6,20.0,25.0,0.0,1.8,1.8,2.6,4.68,0,0,0,0.0,288,0,LOW
MED-013,Tablet,Endocrine (Thyroid Hormone),36.9,21.0,15.0,30.0,0.0,6.9,6.9,25.8,178.02,0,0,0,0.0,570,0,HIGH
MED-020,Tablet,Antidepressant (SSRI),26.0,68.9,20.0,25.0,0.0,1.0,1.0,3.2,3.2,0,0,0,0.0,334,0,LOW
MED-003,Tablet,Antibiotic (Beta-lactamase inhibitor),40.9,47.5,15.0,25.0,0.0,15.9,15.9,32.8,521.52,0,0,0,0.0,72,0,HIGH
MED-016,Inhalation Aerosol,Respiratory (Bronchodilator),22.8,32.4,15.0,25.0,0.0,0.0,0.0,3.2,0.0,0,1,0,0.0,278,0,LOW
MED-001,Tablet,Analgesic / Antipyretic,33.9,23.9,20.0,25.0,0.0,8.9,8.9,64.9,577.61,0,0,0,0.0,226,0,HIGH
MED-012,Tablet,Antihypertensive (CCB),41.5,60.1,15.0,30.0,0.0,11.5,11.5,35.1,403.65,0,0,0,0.0,243,0,HIGH
MED-022,Tablet,Antiplatelet / Hematologic,16.2,25.4,15.0,30.0,0.0,0.0,0.0,3.3,0.0,0,0,0,0.0,114,0,LOW
MED-022,Tablet,Antiplatelet / Hematologic,34.6,33.3,15.0,30.0,0.0,4.6,4.6,2.8,12.88,0,0,0,0.0,276,0,LOW
MED-001,Tablet,Analgesic / Antipyretic,19.2,45.6,20.0,25.0,0.8,0.0,0.8,16.1,12.88,0,0,0,0.0,23,1,MODERATE
MED-016,Inhalation Aerosol,Respiratory (Bronchodilator),29.1,84.1,15.0,25.0,0.0,4.1,4.1,4.9,20.09,0,1,0,0.0,318,0,MODERATE
MED-008,Tablet,Antibiotic (Fluoroquinolone),17.2,32.9,20.0,25.0,2.8,0.0,2.8,6.1,17.08,0,0,0,0.0,371,0,LOW
MED-020,Tablet,Antidepressant (SSRI),25.7,82.6,20.0,25.0,0.0,0.7,0.7,16.5,11.55,0,0,0,0.0,242,0,LOW
MED-022,Tablet,Antiplatelet / Hematologic,37.5,24.6,15.0,30.0,0.0,7.5,7.5,14.8,111.0,0,0,0,0.0,316,0,MODERATE
MED-016,Inhalation Aerosol,Respiratory (Bronchodilator),23.0,51.3,15.0,25.0,0.0,0.0,0.0,2.6,0.0,0,1,0,0.0,515,0,LOW
MED-024,Tablet,Corticosteroid / Anti-inflammatory,22.8,71.0,20.0,25.0,0.0,0.0,0.0,1.0,0.0,0,0,0,0.0,692,0,LOW
MED-009,Tablet,Analgesic / NSAID,17.8,22.0,20.0,25.0,2.2,0.0,2.2,7.7,16.94,0,0,0,0.0,185,0,LOW
MED-001,Tablet,Analgesic / Antipyretic,19.8,30.6,20.0,25.0,0.2,0.0,0.2,2.0,0.4,0,0,0,0.0,322,0,LOW
MED-025,Tablet,Diuretic / Antihypertensive,12.2,83.1,15.0,30.0,2.8,0.0,2.8,17.7,49.56,0,0,0,0.0,274,0,MODERATE
MED-009,Tablet,Analgesic / NSAID,15.2,53.5,20.0,25.0,4.8,0.0,4.8,16.6,79.68,0,0,0,0.0,410,0,MODERATE
MED-008,Tablet,Antibiotic (Fluoroquinolone),30.7,46.8,20.0,25.0,0.0,5.7,5.7,12.3,70.11,0,0,0,0.0,442,0,MODERATE
MED-017,Nasal Spray Suspension,Corticosteroid / Allergy,5.9,74.8,4.0,30.0,0.0,0.0,0.0,1.6,0.0,0,1,0,0.0,503,0,LOW
MED-006,Delayed-Release Capsule,Gastrointestinal (PPI),38.4,55.0,15.0,30.0,0.0,8.4,8.4,65.0,546.0,0,0,0,0.0,19,1,HIGH
MED-021,Tablet,Respiratory (Leukotriene Antagonist),44.6,28.1,15.0,30.0,0.0,14.6,14.6,27.1,395.66,0,0,0,0.0,311,0,HIGH
MED-004,Tablet,Antidiabetic (Biguanide),46.6,56.4,20.0,25.0,0.0,21.6,21.6,52.8,1140.48,0,0,0,0.0,102,0,HIGH
MED-007,Tablet,Antibiotic (Macrolide),28.9,57.4,15.0,30.0,0.0,0.0,0.0,26.8,0.0,0,0,0,0.0,48,1,LOW
MED-021,Tablet,Respiratory (Leukotriene Antagonist),28.8,56.2,15.0,30.0,0.0,0.0,0.0,1.3,0.0,0,0,0,0.0,608,0,LOW
MED-024,Tablet,Corticosteroid / Anti-inflammatory,15.8,50.0,20.0,25.0,4.2,0.0,4.2,19.2,80.64,0,0,0,0.0,312,0,MODERATE
MED-003,Tablet,Antibiotic (Beta-lactamase inhibitor),4.2,41.5,15.0,25.0,10.8,0.0,10.8,63.6,686.88,0,0,0,0.0,48,1,HIGH
MED-025,Tablet,Diuretic / Antihypertensive,32.1,56.0,15.0,30.0,0.0,2.1,2.1,5.2,10.92,0,0,0,0.0,407,0,LOW
MED-017,Nasal Spray Suspension,Corticosteroid / Allergy,32.9,72.1,4.0,30.0,0.0,2.9,2.9,3.6,10.44,0,1,0,0.0,96,0,LOW
MED-004,Tablet,Antidiabetic (Biguanide),42.5,27.5,20.0,25.0,0.0,17.5,17.5,54.8,959.0,0,0,0,0.0,79,1,HIGH
MED-016,Inhalation Aerosol,Respiratory (Bronchodilator),27.9,25.5,15.0,25.0,0.0,2.9,2.9,17.8,51.62,0,1,0,0.0,351,0,MODERATE
MED-021,Tablet,Respiratory (Leukotriene Antagonist),35.5,26.3,15.0,30.0,0.0,5.5,5.5,15.1,83.05,0,0,0,0.0,40,1,HIGH
MED-012,Tablet,Antihypertensive (CCB),26.0,70.1,15.0,30.0,0.0,0.0,0.0,2.5,0.0,0,0,0,0.0,276,0,LOW
MED-024,Tablet,Corticosteroid / Anti-inflammatory,22.8,20.6,20.0,25.0,0.0,0.0,0.0,1.7,0.0,0,0,0,0.0,482,0,LOW
MED-008,Tablet,Antibiotic (Fluoroquinolone),15.0,56.6,20.0,25.0,5.0,0.0,5.0,6.1,30.5,0,0,0,0.0,578,0,MODERATE
MED-001,Tablet,Analgesic / Antipyretic,30.9,31.1,20.0,25.0,0.0,5.9,5.9,16.1,94.99,0,0,0,0.0,105,0,MODERATE
MED-005,Tablet,Antihyperlipidemic (Statin),26.7,64.0,20.0,25.0,0.0,1.7,1.7,3.2,5.44,0,0,0,0.0,258,0,LOW
MED-017,Nasal Spray Suspension,Corticosteroid / Allergy,1.3,76.3,4.0,30.0,2.7,0.0,2.7,21.3,57.51,0,1,0,0.0,292,0,MODERATE
MED-013,Tablet,Endocrine (Thyroid Hormone),28.8,70.0,15.0,30.0,0.0,0.0,0.0,3.6,0.0,0,0,0,0.0,544,0,LOW
MED-010,Tablet,Antihistamine,30.4,29.6,20.0,25.0,0.0,5.4,5.4,14.4,77.76,0,0,0,0.0,313,0,MODERATE
MED-014,Subcutaneous Injection,Endocrine (Hormone),1.1,71.3,2.0,8.0,0.9,0.0,0.9,6.1,5.49,1,1,0,0.0,443,0,MODERATE
MED-025,Tablet,Diuretic / Antihypertensive,37.0,76.4,15.0,30.0,0.0,7.0,7.0,10.2,71.4,0,0,0,0.0,521,0,MODERATE
MED-004,Tablet,Antidiabetic (Biguanide),40.1,67.6,20.0,25.0,0.0,15.1,15.1,11.8,178.18,0,0,0,0.0,361,0,HIGH
MED-001,Tablet,Analgesic / Antipyretic,32.2,40.7,20.0,25.0,0.0,7.2,7.2,19.1,137.52,0,0,0,0.0,115,0,HIGH
MED-023,Capsule,Anticonvulsant / Neuropathic,29.0,73.9,15.0,30.0,0.0,0.0,0.0,14.7,0.0,0,0,0,0.0,468,0,LOW
MED-020,Tablet,Antidepressant (SSRI),27.8,23.2,20.0,25.0,0.0,2.8,2.8,15.4,43.12,0,0,0,0.0,181,0,MODERATE
MED-003,Tablet,Antibiotic (Beta-lactamase inhibitor),23.7,40.2,15.0,25.0,0.0,0.0,0.0,3.1,0.0,0,0,0,0.0,506,0,LOW
MED-005,Tablet,Antihyperlipidemic (Statin),28.5,46.1,20.0,25.0,0.0,3.5,3.5,6.9,24.15,0,0,0,0.0,362,0,MODERATE
MED-024,Tablet,Corticosteroid / Anti-inflammatory,28.3,20.9,20.0,25.0,0.0,3.3,3.3,13.3,43.89,0,0,0,0.0,134,0,MODERATE
MED-010,Tablet,Antihistamine,31.8,84.3,20.0,25.0,0.0,6.8,6.8,25.7,174.76,0,0,0,0.0,217,0,HIGH
MED-025,Tablet,Diuretic / Antihypertensive,43.0,54.5,15.0,30.0,0.0,13.0,13.0,28.5,370.5,0,0,0,0.0,123,0,HIGH
MED-020,Tablet,Antidepressant (SSRI),15.1,24.7,20.0,25.0,4.9,0.0,4.9,10.6,51.94,0,0,0,0.0,141,0,MODERATE
MED-014,Subcutaneous Injection,Endocrine (Hormone),0.1,52.8,2.0,8.0,1.9,0.0,1.9,22.9,43.51,1,1,0,0.0,286,0,MODERATE
MED-013,Tablet,Endocrine (Thyroid Hormone),32.1,59.6,15.0,30.0,0.0,2.1,2.1,2.4,5.04,0,0,0,0.0,476,0,LOW
MED-011,Tablet,Antihypertensive (ARB),47.5,83.0,15.0,30.0,0.0,17.5,17.5,32.9,575.75,0,0,0,0.0,252,0,HIGH
MED-001,Tablet,Analgesic / Antipyretic,26.1,42.0,20.0,25.0,0.0,1.1,1.1,13.8,15.18,0,0,0,0.0,420,0,LOW
MED-011,Tablet,Antihypertensive (ARB),16.0,60.2,15.0,30.0,0.0,0.0,0.0,2.4,0.0,0,0,0,0.0,362,0,LOW
MED-019,Delayed-Release Tablet,Gastrointestinal (PPI),23.9,69.5,20.0,25.0,0.0,0.0,0.0,3.6,0.0,0,0,0,0.0,526,0,LOW
MED-005,Tablet,Antihyperlipidemic (Statin),40.9,69.0,20.0,25.0,0.0,15.9,15.9,39.4,626.46,0,0,0,0.0,5,1,HIGH
MED-013,Tablet,Endocrine (Thyroid Hormone),16.5,81.9,15.0,30.0,0.0,0.0,0.0,19.0,0.0,0,0,0,0.0,369,0,LOW
MED-015,Subcutaneous Injection,Endocrine (Hormone),2.6,32.4,2.0,8.0,0.0,0.0,0.0,2.9,0.0,1,1,0,0.0,409,0,LOW
MED-004,Tablet,Antidiabetic (Biguanide),20.3,61.6,20.0,25.0,0.0,0.0,0.0,4.0,0.0,0,0,0,0.0,523,0,LOW
MED-007,Tablet,Antibiotic (Macrolide),19.0,64.4,15.0,30.0,0.0,0.0,0.0,3.8,0.0,0,0,0,0.0,617,0,LOW
MED-009,Tablet,Analgesic / NSAID,21.6,64.1,20.0,25.0,0.0,0.0,0.0,2.8,0.0,0,0,0,0.0,700,0,LOW
MED-008,Tablet,Antibiotic (Fluoroquinolone),21.3,63.5,20.0,25.0,0.0,0.0,0.0,0.9,0.0,0,0,0,0.0,94,0,LOW
MED-012,Tablet,Antihypertensive (CCB),30.9,29.7,15.0,30.0,0.0,0.9,0.9,30.0,27.0,0,0,0,0.0,503,0,MODERATE
MED-013,Tablet,Endocrine (Thyroid Hormone),32.5,65.6,15.0,30.0,0.0,2.5,2.5,4.2,10.5,0,0,0,0.0,576,0,LOW
MED-008,Tablet,Antibiotic (Fluoroquinolone),33.0,76.3,20.0,25.0,0.0,8.0,8.0,25.2,201.6,0,0,0,0.0,450,0,HIGH
MED-024,Tablet,Corticosteroid / Anti-inflammatory,39.0,70.0,20.0,25.0,0.0,14.0,14.0,60.6,848.4,0,0,0,0.0,35,1,HIGH
MED-025,Tablet,Diuretic / Antihypertensive,32.7,68.2,15.0,30.0,0.0,2.7,2.7,13.6,36.72,0,0,0,0.0,466,0,MODERATE
MED-025,Tablet,Diuretic / Antihypertensive,28.8,36.2,15.0,30.0,0.0,0.0,0.0,4.2,0.0,0,0,0,0.0,539,0,LOW
MED-004,Tablet,Antidiabetic (Biguanide),28.2,38.6,20.0,25.0,0.0,3.2,3.2,7.8,24.96,0,0,0,0.0,306,0,MODERATE
MED-025,Tablet,Diuretic / Antihypertensive,34.1,58.6,15.0,30.0,0.0,4.1,4.1,4.1,16.81,0,0,0,0.0,440,0,LOW
MED-011,Tablet,Antihypertensive (ARB),31.6,58.7,15.0,30.0,0.0,1.6,1.6,3.6,5.76,0,0,0,0.0,315,0,LOW
MED-019,Delayed-Release Tablet,Gastrointestinal (PPI),41.8,30.1,20.0,25.0,0.0,16.8,16.8,40.9,687.12,0,0,0,0.0,301,0,HIGH
MED-014,Subcutaneous Injection,Endocrine (Hormone),2.3,31.7,2.0,8.0,0.0,0.0,0.0,18.5,0.0,1,1,0,0.0,98,0,LOW
MED-007,Tablet,Antibiotic (Macrolide),15.3,64.9,15.0,30.0,0.0,0.0,0.0,9.7,0.0,0,0,0,0.0,372,0,LOW
MED-012,Tablet,Antihypertensive (CCB),16.5,36.8,15.0,30.0,0.0,0.0,0.0,16.2,0.0,0,0,0,0.0,514,0,LOW
MED-003,Tablet,Antibiotic (Beta-lactamase inhibitor),31.8,44.4,15.0,25.0,0.0,6.8,6.8,19.6,133.28,0,0,0,0.0,231,0,HIGH
MED-025,Tablet,Diuretic / Antihypertensive,47.6,33.1,15.0,30.0,0.0,17.6,17.6,35.1,617.76,0,0,0,0.0,82,0,HIGH
MED-008,Tablet,Antibiotic (Fluoroquinolone),26.6,67.2,20.0,25.0,0.0,1.6,1.6,15.4,24.64,0,0,0,0.0,167,0,MODERATE
MED-023,Capsule,Anticonvulsant / Neuropathic,33.1,46.3,15.0,30.0,0.0,3.1,3.1,12.4,38.44,0,0,0,0.0,254,0,MODERATE
MED-001,Tablet,Analgesic / Antipyretic,27.6,27.5,20.0,25.0,0.0,2.6,2.6,21.5,55.9,0,0,0,0.0,242,0,MODERATE
MED-004,Tablet,Antidiabetic (Biguanide),33.8,21.6,20.0,25.0,0.0,8.8,8.8,51.7,454.96,0,0,0,0.0,138,0,HIGH
MED-021,Tablet,Respiratory (Leukotriene Antagonist),22.2,64.5,15.0,30.0,0.0,0.0,0.0,3.2,0.0,0,0,0,0.0,339,0,LOW
MED-020,Tablet,Antidepressant (SSRI),23.1,50.6,20.0,25.0,0.0,0.0,0.0,28.0,0.0,0,0,0,0.0,258,0,LOW
MED-025,Tablet,Diuretic / Antihypertensive,34.7,27.0,15.0,30.0,0.0,4.7,4.7,2.7,12.69,0,0,0,0.0,262,0,LOW
MED-013,Tablet,Endocrine (Thyroid Hormone),40.5,26.7,15.0,30.0,0.0,10.5,10.5,29.1,305.55,0,0,0,0.0,331,0,HIGH
MED-016,Inhalation Aerosol,Respiratory (Bronchodilator),10.1,47.3,15.0,25.0,4.9,0.0,4.9,4.3,21.07,0,1,0,0.0,229,0,MODERATE
MED-022,Tablet,Antiplatelet / Hematologic,38.1,66.3,15.0,30.0,0.0,8.1,8.1,47.0,380.7,0,0,0,0.0,305,0,HIGH
MED-008,Tablet,Antibiotic (Fluoroquinolone),26.6,37.0,20.0,25.0,0.0,1.6,1.6,4.8,7.68,0,0,0,0.0,106,0,LOW
MED-025,Tablet,Diuretic / Antihypertensive,29.5,51.9,15.0,30.0,0.0,0.0,0.0,2.6,0.0,0,0,0,0.0,530,0,LOW
MED-007,Tablet,Antibiotic (Macrolide),12.2,34.4,15.0,30.0,2.8,0.0,2.8,22.9,64.12,0,0,0,0.0,431,0,MODERATE
MED-003,Tablet,Antibiotic (Beta-lactamase inhibitor),20.9,57.7,15.0,25.0,0.0,0.0,0.0,1.5,0.0,0,0,0,0.0,659,0,LOW
MED-024,Tablet,Corticosteroid / Anti-inflammatory,29.3,25.5,20.0,25.0,0.0,4.3,4.3,7.8,33.54,0,0,0,0.0,302,0,MODERATE
MED-006,Delayed-Release Capsule,Gastrointestinal (PPI),32.2,62.1,15.0,30.0,0.0,2.2,2.2,15.9,34.98,0,0,0,0.0,366,0,MODERATE
MED-025,Tablet,Diuretic / Antihypertensive,30.6,50.8,15.0,30.0,0.0,0.6,0.6,7.6,4.56,0,0,0,0.0,451,0,LOW
MED-001,Tablet,Analgesic / Antipyretic,24.3,55.8,20.0,25.0,0.0,0.0,0.0,2.2,0.0,0,0,0,0.0,444,0,LOW
MED-010,Tablet,Antihistamine,21.0,28.6,20.0,25.0,0.0,0.0,0.0,22.4,0.0,0,0,0,0.0,310,0,LOW
MED-011,Tablet,Antihypertensive (ARB),31.4,66.3,15.0,30.0,0.0,1.4,1.4,2.5,3.5,0,0,0,0.0,595,0,LOW
MED-004,Tablet,Antidiabetic (Biguanide),25.2,54.3,20.0,25.0,0.0,0.2,0.2,5.4,1.08,0,0,0,0.0,194,0,LOW
MED-018,Capsule,Antibiotic (Tetracycline),36.3,78.3,20.0,25.0,0.0,11.3,11.3,69.6,786.48,0,0,0,0.0,251,0,HIGH
MED-017,Nasal Spray Suspension,Corticosteroid / Allergy,-0.6,30.6,4.0,30.0,4.6,0.0,4.6,2.3,10.58,0,1,0,0.0,404,0,HIGH
MED-008,Tablet,Antibiotic (Fluoroquinolone),47.2,30.7,20.0,25.0,0.0,22.2,22.2,15.4,341.88,0,0,0,0.0,232,0,HIGH
MED-022,Tablet,Antiplatelet / Hematologic,19.3,27.0,15.0,30.0,0.0,0.0,0.0,0.0,0.0,0,0,0,0.0,511,0,LOW
MED-018,Capsule,Antibiotic (Tetracycline),32.6,40.6,20.0,25.0,0.0,7.6,7.6,19.6,148.96,0,0,0,0.0,388,0,HIGH
MED-001,Tablet,Analgesic / Antipyretic,39.7,27.1,20.0,25.0,0.0,14.7,14.7,38.5,565.95,0,0,0,0.0,208,0,HIGH
MED-024,Tablet,Corticosteroid / Anti-inflammatory,21.6,40.8,20.0,25.0,0.0,0.0,0.0,13.8,0.0,0,0,0,0.0,361,0,LOW
MED-014,Subcutaneous Injection,Endocrine (Hormone),6.6,73.4,2.0,8.0,0.0,0.0,0.0,3.5,0.0,1,1,0,0.0,526,0,LOW
MED-017,Nasal Spray Suspension,Corticosteroid / Allergy,32.1,25.4,4.0,30.0,0.0,2.1,2.1,32.9,69.09,0,1,0,0.0,386,0,MODERATE
MED-018,Capsule,Antibiotic (Tetracycline),4.6,64.5,20.0,25.0,15.4,0.0,15.4,11.6,178.64,0,0,0,0.0,87,0,HIGH
MED-016,Inhalation Aerosol,Respiratory (Bronchodilator),3.8,71.4,15.0,25.0,11.2,0.0,11.2,11.3,126.56,0,1,0,0.0,242,0,HIGH
MED-016,Inhalation Aerosol,Respiratory (Bronchodilator),14.2,26.9,15.0,25.0,0.8,0.0,0.8,23.3,18.64,0,1,0,0.0,446,0,LOW
MED-007,Tablet,Antibiotic (Macrolide),17.0,57.1,15.0,30.0,0.0,0.0,0.0,3.7,0.0,0,0,0,0.0,582,0,LOW
MED-010,Tablet,Antihistamine,46.8,63.3,20.0,25.0,0.0,21.8,21.8,52.8,1151.04,0,0,0,0.0,192,0,HIGH
MED-018,Capsule,Antibiotic (Tetracycline),21.7,38.0,20.0,25.0,0.0,0.0,0.0,3.9,0.0,0,0,0,0.0,626,0,LOW
MED-024,Tablet,Corticosteroid / Anti-inflammatory,24.3,29.7,20.0,25.0,0.0,0.0,0.0,8.9,0.0,0,0,0,0.0,371,0,LOW
MED-003,Tablet,Antibiotic (Beta-lactamase inhibitor),31.3,61.2,15.0,25.0,0.0,6.3,6.3,7.7,48.51,0,0,0,0.0,228,0,MODERATE
MED-001,Tablet,Analgesic / Antipyretic,20.0,35.2,20.0,25.0,0.0,0.0,0.0,9.5,0.0,0,0,0,0.0,425,0,LOW
MED-017,Nasal Spray Suspension,Corticosteroid / Allergy,5.6,73.7,4.0,30.0,0.0,0.0,0.0,7.9,0.0,0,1,0,0.0,321,0,LOW
MED-022,Tablet,Antiplatelet / Hematologic,47.6,21.5,15.0,30.0,0.0,17.6,17.6,66.3,1166.88,0,0,0,0.0,100,0,HIGH
MED-022,Tablet,Antiplatelet / Hematologic,-2.5,62.6,15.0,30.0,17.5,0.0,17.5,9.3,162.75,0,0,0,0.0,244,0,HIGH
MED-012,Tablet,Antihypertensive (CCB),31.9,32.1,15.0,30.0,0.0,1.9,1.9,5.0,9.5,0,0,0,0.0,356,0,LOW
MED-024,Tablet,Corticosteroid / Anti-inflammatory,29.9,81.0,20.0,25.0,0.0,4.9,4.9,7.6,37.24,0,0,0,0.0,328,0,MODERATE
MED-016,Inhalation Aerosol,Respiratory (Bronchodilator),27.5,28.1,15.0,25.0,0.0,2.5,2.5,8.7,21.75,0,1,0,0.0,58,1,MODERATE
MED-018,Capsule,Antibiotic (Tetracycline),29.3,41.4,20.0,25.0,0.0,4.3,4.3,8.5,36.55,0,0,0,0.0,71,0,MODERATE
MED-011,Tablet,Antihypertensive (ARB),34.1,41.1,15.0,30.0,0.0,4.1,4.1,17.2,70.52,0,0,0,0.0,37,1,HIGH
MED-020,Tablet,Antidepressant (SSRI),23.2,82.7,20.0,25.0,0.0,0.0,0.0,1.6,0.0,0,0,0,0.0,474,0,LOW
MED-011,Tablet,Antihypertensive (ARB),43.7,39.9,15.0,30.0,0.0,13.7,13.7,30.3,415.11,0,0,0,0.0,170,0,HIGH
MED-017,Nasal Spray Suspension,Corticosteroid / Allergy,30.0,84.2,4.0,30.0,0.0,0.0,0.0,4.9,0.0,0,1,0,0.0,446,0,LOW
MED-006,Delayed-Release Capsule,Gastrointestinal (PPI),35.6,64.4,15.0,30.0,0.0,5.6,5.6,10.0,56.0,0,0,0,0.0,434,0,MODERATE
MED-015,Subcutaneous Injection,Endocrine (Hormone),1.0,32.1,2.0,8.0,1.0,0.0,1.0,20.1,20.1,1,1,0,0.0,544,0,MODERATE
MED-025,Tablet,Diuretic / Antihypertensive,33.2,63.1,15.0,30.0,0.0,3.2,3.2,23.5,75.2,0,0,0,0.0,260,0,MODERATE
MED-011,Tablet,Antihypertensive (ARB),-3.8,33.0,15.0,30.0,18.8,0.0,18.8,53.1,998.28,0,0,0,0.0,345,0,HIGH
MED-011,Tablet,Antihypertensive (ARB),20.4,62.4,15.0,30.0,0.0,0.0,0.0,0.6,0.0,0,0,0,0.0,448,0,LOW
MED-017,Nasal Spray Suspension,Corticosteroid / Allergy,34.8,21.6,4.0,30.0,0.0,4.8,4.8,3.4,16.32,0,1,0,0.0,429,0,LOW
MED-018,Capsule,Antibiotic (Tetracycline),-3.0,35.1,20.0,25.0,23.0,0.0,23.0,21.0,483.0,0,0,0,0.0,139,0,HIGH
MED-009,Tablet,Analgesic / NSAID,21.2,36.7,20.0,25.0,0.0,0.0,0.0,0.3,0.0,0,0,0,0.0,244,0,LOW
MED-017,Nasal Spray Suspension,Corticosteroid / Allergy,34.3,51.2,4.0,30.0,0.0,4.3,4.3,5.2,22.36,0,1,0,0.0,394,0,MODERATE
MED-014,Subcutaneous Injection,Endocrine (Hormone),2.9,69.0,2.0,8.0,0.0,0.0,0.0,1.5,0.0,1,1,0,0.0,448,0,LOW
MED-025,Tablet,Diuretic / Antihypertensive,34.2,67.4,15.0,30.0,0.0,4.2,4.2,14.8,62.16,0,0,0,0.0,308,0,MODERATE
MED-005,Tablet,Antihyperlipidemic (Statin),30.3,83.0,20.0,25.0,0.0,5.3,5.3,10.8,57.24,0,0,0,0.0,407,0,MODERATE
MED-014,Subcutaneous Injection,Endocrine (Hormone),-3.6,26.0,2.0,8.0,5.6,0.0,5.6,12.1,67.76,1,1,0,0.0,16,1,HIGH
MED-013,Tablet,Endocrine (Thyroid Hormone),32.2,82.1,15.0,30.0,0.0,2.2,2.2,10.5,23.1,0,0,0,0.0,362,0,MODERATE
MED-016,Inhalation Aerosol,Respiratory (Bronchodilator),37.3,56.5,15.0,25.0,0.0,12.3,12.3,14.5,178.35,0,1,0,0.0,178,0,HIGH
MED-015,Subcutaneous Injection,Endocrine (Hormone),9.6,78.4,2.0,8.0,0.0,1.6,1.6,6.1,9.76,1,1,0,0.0,162,0,LOW
MED-016,Inhalation Aerosol,Respiratory (Bronchodilator),29.5,61.9,15.0,25.0,0.0,4.5,4.5,9.1,40.95,0,1,0,0.0,225,0,MODERATE
MED-019,Delayed-Release Tablet,Gastrointestinal (PPI),35.5,58.8,20.0,25.0,0.0,10.5,10.5,27.2,285.6,0,0,0,0.0,19,1,HIGH
MED-001,Tablet,Analgesic / Antipyretic,21.2,45.0,20.0,25.0,0.0,0.0,0.0,3.7,0.0,0,0,0,0.0,165,0,LOW
MED-012,Tablet,Antihypertensive (CCB),32.4,63.6,15.0,30.0,0.0,2.4,2.4,16.9,40.56,0,0,0,0.0,263,0,MODERATE
MED-015,Subcutaneous Injection,Endocrine (Hormone),28.8,70.6,2.0,8.0,0.0,20.8,20.8,12.0,249.6,1,1,0,0.0,180,0,HIGH
MED-024,Tablet,Corticosteroid / Anti-inflammatory,34.6,76.4,20.0,25.0,0.0,9.6,9.6,45.9,440.64,0,0,0,0.0,348,0,HIGH
MED-004,Tablet,Antidiabetic (Biguanide),26.6,64.4,20.0,25.0,0.0,1.6,1.6,20.8,33.28,0,0,0,0.0,37,1,MODERATE
MED-010,Tablet,Antihistamine,26.6,53.8,20.0,25.0,0.0,1.6,1.6,4.3,6.88,0,0,0,0.0,325,0,LOW
MED-011,Tablet,Antihypertensive (ARB),42.1,49.7,15.0,30.0,0.0,12.1,12.1,9.8,118.58,0,0,0,0.0,55,1,HIGH
MED-010,Tablet,Antihistamine,22.0,62.3,20.0,25.0,0.0,0.0,0.0,22.9,0.0,0,0,0,0.0,63,0,LOW
MED-011,Tablet,Antihypertensive (ARB),31.8,38.4,15.0,30.0,0.0,1.8,1.8,3.1,5.58,0,0,0,0.0,475,0,LOW
MED-002,Capsule,Antibiotic (Penicillin),15.1,56.8,20.0,25.0,4.9,0.0,4.9,7.9,38.71,0,0,0,0.0,260,0,MODERATE
MED-022,Tablet,Antiplatelet / Hematologic,31.9,36.5,15.0,30.0,0.0,1.9,1.9,15.2,28.88,0,0,0,0.0,199,0,MODERATE
MED-018,Capsule,Antibiotic (Tetracycline),24.9,43.9,20.0,25.0,0.0,0.0,0.0,21.0,0.0,0,0,0,0.0,260,0,LOW
MED-019,Delayed-Release Tablet,Gastrointestinal (PPI),21.8,60.1,20.0,25.0,0.0,0.0,0.0,14.0,0.0,0,0,0,0.0,405,0,LOW
MED-012,Tablet,Antihypertensive (CCB),33.7,82.3,15.0,30.0,0.0,3.7,3.7,9.0,33.3,0,0,0,0.0,372,0,MODERATE
MED-005,Tablet,Antihyperlipidemic (Statin),30.2,25.5,20.0,25.0,0.0,5.2,5.2,10.4,54.08,0,0,0,0.0,270,0,MODERATE
MED-020,Tablet,Antidepressant (SSRI),24.0,31.5,20.0,25.0,0.0,0.0,0.0,1.4,0.0,0,0,0,0.0,236,0,LOW
MED-005,Tablet,Antihyperlipidemic (Statin),22.7,56.3,20.0,25.0,0.0,0.0,0.0,0.9,0.0,0,0,0,0.0,419,0,LOW
MED-017,Nasal Spray Suspension,Corticosteroid / Allergy,32.7,83.1,4.0,30.0,0.0,2.7,2.7,9.9,26.73,0,1,0,0.0,43,1,MODERATE
MED-024,Tablet,Corticosteroid / Anti-inflammatory,29.2,51.5,20.0,25.0,0.0,4.2,4.2,5.7,23.94,0,0,0,0.0,181,0,MODERATE
MED-003,Tablet,Antibiotic (Beta-lactamase inhibitor),26.4,29.6,15.0,25.0,0.0,1.4,1.4,3.8,5.32,0,0,0,0.0,70,0,LOW
MED-019,Delayed-Release Tablet,Gastrointestinal (PPI),20.8,67.9,20.0,25.0,0.0,0.0,0.0,4.3,0.0,0,0,0,0.0,65,0,LOW
MED-018,Capsule,Antibiotic (Tetracycline),17.4,33.7,20.0,25.0,2.6,0.0,2.6,9.1,23.66,0,0,0,0.0,408,0,MODERATE
MED-015,Subcutaneous Injection,Endocrine (Hormone),13.5,21.4,2.0,8.0,0.0,5.5,5.5,7.7,42.35,1,1,0,0.0,347,0,MODERATE
MED-009,Tablet,Analgesic / NSAID,38.1,84.7,20.0,25.0,0.0,13.1,13.1,25.5,334.05,0,0,0,0.0,234,0,HIGH
MED-021,Tablet,Respiratory (Leukotriene Antagonist),33.1,38.2,15.0,30.0,0.0,3.1,3.1,24.4,75.64,0,0,0,0.0,428,0,MODERATE
MED-016,Inhalation Aerosol,Respiratory (Bronchodilator),25.7,42.2,15.0,25.0,0.0,0.7,0.7,24.2,16.94,0,1,0,0.0,87,0,LOW
MED-009,Tablet,Analgesic / NSAID,35.5,28.2,20.0,25.0,0.0,10.5,10.5,62.9,660.45,0,0,0,0.0,273,0,HIGH
MED-021,Tablet,Respiratory (Leukotriene Antagonist),17.9,52.1,15.0,30.0,0.0,0.0,0.0,2.8,0.0,0,0,0,0.0,619,0,LOW
MED-017,Nasal Spray Suspension,Corticosteroid / Allergy,32.8,50.5,4.0,30.0,0.0,2.8,2.8,2.3,6.44,0,1,0,0.0,476,0,LOW
MED-001,Tablet,Analgesic / Antipyretic,23.9,28.2,20.0,25.0,0.0,0.0,0.0,1.0,0.0,0,0,0,0.0,81,0,LOW
MED-021,Tablet,Respiratory (Leukotriene Antagonist),45.5,84.0,15.0,30.0,0.0,15.5,15.5,23.4,362.7,0,0,0,0.0,53,1,HIGH
MED-024,Tablet,Corticosteroid / Anti-inflammatory,21.7,62.4,20.0,25.0,0.0,0.0,0.0,8.0,0.0,0,0,0,0.0,78,0,LOW
MED-011,Tablet,Antihypertensive (ARB),30.7,71.2,15.0,30.0,0.0,0.7,0.7,15.2,10.64,0,0,0,0.0,239,0,LOW
MED-021,Tablet,Respiratory (Leukotriene Antagonist),19.5,82.7,15.0,30.0,0.0,0.0,0.0,3.5,0.0,0,0,0,0.0,177,0,LOW
MED-002,Capsule,Antibiotic (Penicillin),23.9,68.7,20.0,25.0,0.0,0.0,0.0,0.7,0.0,0,0,0,0.0,436,0,LOW
MED-001,Tablet,Analgesic / Antipyretic,21.7,82.6,20.0,25.0,0.0,0.0,0.0,17.0,0.0,0,0,0,0.0,481,0,LOW
MED-009,Tablet,Analgesic / NSAID,30.9,70.2,20.0,25.0,0.0,5.9,5.9,8.5,50.15,0,0,0,0.0,564,0,MODERATE
MED-001,Tablet,Analgesic / Antipyretic,24.4,73.7,20.0,25.0,0.0,0.0,0.0,8.2,0.0,0,0,0,0.0,356,0,LOW
MED-013,Tablet,Endocrine (Thyroid Hormone),16.5,21.8,15.0,30.0,0.0,0.0,0.0,17.8,0.0,0,0,0,0.0,421,0,LOW
MED-024,Tablet,Corticosteroid / Anti-inflammatory,22.2,62.4,20.0,25.0,0.0,0.0,0.0,3.2,0.0,0,0,0,0.0,72,0,LOW
MED-024,Tablet,Corticosteroid / Anti-inflammatory,23.8,64.2,20.0,25.0,0.0,0.0,0.0,0.7,0.0,0,0,0,0.0,602,0,LOW
MED-014,Subcutaneous Injection,Endocrine (Hormone),2.8,32.1,2.0,8.0,0.0,0.0,0.0,1.5,0.0,1,1,0,0.0,640,0,LOW
MED-016,Inhalation Aerosol,Respiratory (Bronchodilator),42.4,37.2,15.0,25.0,0.0,17.4,17.4,66.2,1151.88,0,1,0,0.0,109,0,HIGH
MED-002,Capsule,Antibiotic (Penicillin),25.0,34.3,20.0,25.0,0.0,0.0,0.0,18.9,0.0,0,0,0,0.0,404,0,LOW
MED-021,Tablet,Respiratory (Leukotriene Antagonist),32.8,26.1,15.0,30.0,0.0,2.8,2.8,4.6,12.88,0,0,0,0.0,219,0,LOW
MED-018,Capsule,Antibiotic (Tetracycline),46.4,56.2,20.0,25.0,0.0,21.4,21.4,67.9,1453.06,0,0,0,0.0,183,0,HIGH
MED-008,Tablet,Antibiotic (Fluoroquinolone),44.5,49.6,20.0,25.0,0.0,19.5,19.5,31.2,608.4,0,0,0,0.0,173,0,HIGH
MED-004,Tablet,Antidiabetic (Biguanide),29.1,70.3,20.0,25.0,0.0,4.1,4.1,8.3,34.03,0,0,0,0.0,145,0,MODERATE
MED-017,Nasal Spray Suspension,Corticosteroid / Allergy,33.7,49.1,4.0,30.0,0.0,3.7,3.7,25.1,92.87,0,1,0,0.0,21,1,HIGH
MED-007,Tablet,Antibiotic (Macrolide),1.8,68.4,15.0,30.0,13.2,0.0,13.2,62.9,830.28,0,0,0,0.0,113,0,HIGH
MED-021,Tablet,Respiratory (Leukotriene Antagonist),33.1,45.1,15.0,30.0,0.0,3.1,3.1,29.9,92.69,0,0,0,0.0,67,0,MODERATE
MED-002,Capsule,Antibiotic (Penicillin),16.2,38.1,20.0,25.0,3.8,0.0,3.8,20.0,76.0,0,0,0,0.0,480,0,MODERATE
MED-007,Tablet,Antibiotic (Macrolide),4.6,29.5,15.0,30.0,10.4,0.0,10.4,23.7,246.48,0,0,0,0.0,242,0,HIGH
MED-025,Tablet,Diuretic / Antihypertensive,15.9,61.7,15.0,30.0,0.0,0.0,0.0,8.4,0.0,0,0,0,0.0,142,0,LOW
MED-024,Tablet,Corticosteroid / Anti-inflammatory,18.7,40.0,20.0,25.0,1.3,0.0,1.3,19.9,25.87,0,0,0,0.0,16,1,MODERATE
MED-020,Tablet,Antidepressant (SSRI),34.5,82.1,20.0,25.0,0.0,9.5,9.5,66.1,627.95,0,0,0,0.0,289,0,HIGH
MED-010,Tablet,Antihistamine,27.1,51.3,20.0,25.0,0.0,2.1,2.1,11.0,23.1,0,0,0,0.0,247,0,MODERATE
MED-001,Tablet,Analgesic / Antipyretic,29.2,59.4,20.0,25.0,0.0,4.2,4.2,4.4,18.48,0,0,0,0.0,372,0,LOW
MED-003,Tablet,Antibiotic (Beta-lactamase inhibitor),27.9,24.6,15.0,25.0,0.0,2.9,2.9,8.0,23.2,0,0,0,0.0,239,0,MODERATE
MED-008,Tablet,Antibiotic (Fluoroquinolone),22.8,41.9,20.0,25.0,0.0,0.0,0.0,3.8,0.0,0,0,0,0.0,541,0,LOW
MED-008,Tablet,Antibiotic (Fluoroquinolone),28.8,34.6,20.0,25.0,0.0,3.8,3.8,7.3,27.74,0,0,0,0.0,41,1,MODERATE
MED-001,Tablet,Analgesic / Antipyretic,32.9,38.2,20.0,25.0,0.0,7.9,7.9,33.1,261.49,0,0,0,0.0,585,0,HIGH
MED-005,Tablet,Antihyperlipidemic (Statin),20.9,69.8,20.0,25.0,0.0,0.0,0.0,3.5,0.0,0,0,0,0.0,312,0,LOW
MED-014,Subcutaneous Injection,Endocrine (Hormone),6.2,21.6,2.0,8.0,0.0,0.0,0.0,25.8,0.0,1,1,0,0.0,273,0,LOW
MED-002,Capsule,Antibiotic (Penicillin),17.2,72.0,20.0,25.0,2.8,0.0,2.8,14.1,39.48,0,0,0,0.0,380,0,MODERATE
MED-012,Tablet,Antihypertensive (CCB),14.2,78.3,15.0,30.0,0.8,0.0,0.8,17.9,14.32,0,0,0,0.0,192,0,LOW
MED-020,Tablet,Antidepressant (SSRI),25.5,65.2,20.0,25.0,0.0,0.5,0.5,5.6,2.8,0,0,0,0.0,253,0,LOW
MED-001,Tablet,Analgesic / Antipyretic,30.0,75.7,20.0,25.0,0.0,5.0,5.0,5.6,28.0,0,0,0,0.0,396,0,MODERATE
MED-007,Tablet,Antibiotic (Macrolide),46.3,62.1,15.0,30.0,0.0,16.3,16.3,19.7,321.11,0,0,0,0.0,311,0,HIGH
MED-015,Subcutaneous Injection,Endocrine (Hormone),7.9,82.6,2.0,8.0,0.0,0.0,0.0,0.3,0.0,1,1,0,0.0,211,0,LOW
MED-022,Tablet,Antiplatelet / Hematologic,15.4,49.3,15.0,30.0,0.0,0.0,0.0,2.4,0.0,0,0,0,0.0,588,0,LOW
MED-010,Tablet,Antihistamine,25.3,84.4,20.0,25.0,0.0,0.3,0.3,22.0,6.6,0,0,0,0.0,533,0,LOW
MED-009,Tablet,Analgesic / NSAID,17.9,44.4,20.0,25.0,2.1,0.0,2.1,11.3,23.73,0,0,0,0.0,432,0,MODERATE
MED-012,Tablet,Antihypertensive (CCB),17.9,63.0,15.0,30.0,0.0,0.0,0.0,0.3,0.0,0,0,0,0.0,621,0,LOW
MED-018,Capsule,Antibiotic (Tetracycline),31.9,35.4,20.0,25.0,0.0,6.9,6.9,26.1,180.09,0,0,0,0.0,383,0,HIGH
MED-018,Capsule,Antibiotic (Tetracycline),24.3,72.0,20.0,25.0,0.0,0.0,0.0,0.8,0.0,0,0,0,0.0,472,0,LOW
MED-022,Tablet,Antiplatelet / Hematologic,23.9,58.7,15.0,30.0,0.0,0.0,0.0,1.5,0.0,0,0,0,0.0,462,0,LOW
MED-025,Tablet,Diuretic / Antihypertensive,31.3,32.3,15.0,30.0,0.0,1.3,1.3,20.3,26.39,0,0,0,0.0,406,0,MODERATE
MED-006,Delayed-Release Capsule,Gastrointestinal (PPI),13.7,48.8,15.0,30.0,1.3,0.0,1.3,20.9,27.17,0,0,0,0.0,581,0,MODERATE
MED-003,Tablet,Antibiotic (Beta-lactamase inhibitor),16.7,68.7,15.0,25.0,0.0,0.0,0.0,1.2,0.0,0,0,0,0.0,91,0,LOW
MED-008,Tablet,Antibiotic (Fluoroquinolone),19.0,47.7,20.0,25.0,1.0,0.0,1.0,12.1,12.1,0,0,0,0.0,41,1,MODERATE
MED-014,Subcutaneous Injection,Endocrine (Hormone),11.9,49.3,2.0,8.0,0.0,3.9,3.9,1.0,3.9,1,1,0,0.0,149,0,LOW
MED-020,Tablet,Antidepressant (SSRI),19.4,78.9,20.0,25.0,0.6,0.0,0.6,7.0,4.2,0,0,0,0.0,114,0,LOW
MED-014,Subcutaneous Injection,Endocrine (Hormone),9.1,57.6,2.0,8.0,0.0,1.1,1.1,34.6,38.06,1,1,0,0.0,151,0,MODERATE
MED-009,Tablet,Analgesic / NSAID,20.3,63.4,20.0,25.0,0.0,0.0,0.0,3.0,0.0,0,0,0,0.0,607,0,LOW
MED-021,Tablet,Respiratory (Leukotriene Antagonist),32.3,63.1,15.0,30.0,0.0,2.3,2.3,13.2,30.36,0,0,0,0.0,358,0,MODERATE
MED-024,Tablet,Corticosteroid / Anti-inflammatory,18.8,34.5,20.0,25.0,1.2,0.0,1.2,17.9,21.48,0,0,0,0.0,59,1,MODERATE
MED-010,Tablet,Antihistamine,21.2,57.2,20.0,25.0,0.0,0.0,0.0,0.2,0.0,0,0,0,0.0,334,0,LOW
MED-005,Tablet,Antihyperlipidemic (Statin),24.3,76.7,20.0,25.0,0.0,0.0,0.0,2.0,0.0,0,0,0,0.0,683,0,LOW
MED-019,Delayed-Release Tablet,Gastrointestinal (PPI),32.9,28.4,20.0,25.0,0.0,7.9,7.9,18.4,145.36,0,0,0,0.0,180,0,HIGH
MED-012,Tablet,Antihypertensive (CCB),34.4,34.9,15.0,30.0,0.0,4.4,4.4,17.7,77.88,0,0,0,0.0,582,0,MODERATE
MED-001,Tablet,Analgesic / Antipyretic,28.1,47.0,20.0,25.0,0.0,3.1,3.1,15.3,47.43,0,0,0,0.0,50,1,HIGH
MED-021,Tablet,Respiratory (Leukotriene Antagonist),38.5,45.1,15.0,30.0,0.0,8.5,8.5,37.8,321.3,0,0,0,0.0,56,1,HIGH
MED-013,Tablet,Endocrine (Thyroid Hormone),35.8,37.6,15.0,30.0,0.0,5.8,5.8,6.0,34.8,0,0,0,0.0,28,1,MODERATE
MED-025,Tablet,Diuretic / Antihypertensive,40.1,81.9,15.0,30.0,0.0,10.1,10.1,48.8,492.88,0,0,0,0.0,212,0,HIGH
MED-012,Tablet,Antihypertensive (CCB),13.7,25.5,15.0,30.0,1.3,0.0,1.3,21.2,27.56,0,0,0,0.0,421,0,MODERATE
MED-013,Tablet,Endocrine (Thyroid Hormone),17.1,53.8,15.0,30.0,0.0,0.0,0.0,2.9,0.0,0,0,0,0.0,702,0,LOW
MED-015,Subcutaneous Injection,Endocrine (Hormone),11.8,25.5,2.0,8.0,0.0,3.8,3.8,22.0,83.6,1,1,0,0.0,572,0,HIGH
MED-001,Tablet,Analgesic / Antipyretic,29.6,52.4,20.0,25.0,0.0,4.6,4.6,15.3,70.38,0,0,0,0.0,65,0,MODERATE
MED-016,Inhalation Aerosol,Respiratory (Bronchodilator),18.4,72.0,15.0,25.0,0.0,0.0,0.0,1.2,0.0,0,1,0,0.0,252,0,LOW
MED-020,Tablet,Antidepressant (SSRI),29.3,63.9,20.0,25.0,0.0,4.3,4.3,17.4,74.82,0,0,0,0.0,199,0,MODERATE
MED-004,Tablet,Antidiabetic (Biguanide),19.1,45.0,20.0,25.0,0.9,0.0,0.9,19.2,17.28,0,0,0,0.0,410,0,LOW
MED-001,Tablet,Analgesic / Antipyretic,17.7,82.8,20.0,25.0,2.3,0.0,2.3,18.5,42.55,0,0,0,0.0,421,0,MODERATE
MED-007,Tablet,Antibiotic (Macrolide),14.6,35.7,15.0,30.0,0.4,0.0,0.4,21.7,8.68,0,0,0,0.0,390,0,LOW
MED-023,Capsule,Anticonvulsant / Neuropathic,16.5,61.9,15.0,30.0,0.0,0.0,0.0,1.2,0.0,0,0,0,0.0,509,0,LOW
MED-014,Subcutaneous Injection,Endocrine (Hormone),5.0,35.7,2.0,8.0,0.0,0.0,0.0,2.5,0.0,1,1,0,0.0,719,0,LOW
MED-011,Tablet,Antihypertensive (ARB),-3.8,84.6,15.0,30.0,18.8,0.0,18.8,56.6,1064.08,0,0,0,0.0,66,0,HIGH
MED-016,Inhalation Aerosol,Respiratory (Bronchodilator),16.1,37.7,15.0,25.0,0.0,0.0,0.0,4.1,0.0,0,1,0,0.0,599,0,LOW
MED-022,Tablet,Antiplatelet / Hematologic,31.0,46.5,15.0,30.0,0.0,1.0,1.0,20.8,20.8,0,0,0,0.0,541,0,MODERATE
MED-009,Tablet,Analgesic / NSAID,25.5,48.0,20.0,25.0,0.0,0.5,0.5,30.4,15.2,0,0,0,0.0,429,0,LOW
MED-005,Tablet,Antihyperlipidemic (Statin),37.2,40.8,20.0,25.0,0.0,12.2,12.2,29.3,357.46,0,0,0,0.0,81,0,HIGH
MED-021,Tablet,Respiratory (Leukotriene Antagonist),42.2,61.7,15.0,30.0,0.0,12.2,12.2,65.1,794.22,0,0,0,0.0,65,0,HIGH
MED-007,Tablet,Antibiotic (Macrolide),23.0,61.2,15.0,30.0,0.0,0.0,0.0,1.6,0.0,0,0,0,0.0,189,0,LOW
MED-017,Nasal Spray Suspension,Corticosteroid / Allergy,30.6,54.6,4.0,30.0,0.0,0.6,0.6,12.5,7.5,0,1,0,0.0,474,0,LOW
MED-011,Tablet,Antihypertensive (ARB),19.7,66.8,15.0,30.0,0.0,0.0,0.0,3.4,0.0,0,0,0,0.0,668,0,LOW
MED-012,Tablet,Antihypertensive (CCB),16.2,64.8,15.0,30.0,0.0,0.0,0.0,12.4,0.0,0,0,0,0.0,522,0,LOW
MED-006,Delayed-Release Capsule,Gastrointestinal (PPI),13.9,37.3,15.0,30.0,1.1,0.0,1.1,11.2,12.32,0,0,0,0.0,303,0,LOW
MED-002,Capsule,Antibiotic (Penicillin),34.1,54.2,20.0,25.0,0.0,9.1,9.1,15.9,144.69,0,0,0,0.0,44,1,HIGH
MED-005,Tablet,Antihyperlipidemic (Statin),42.7,84.1,20.0,25.0,0.0,17.7,17.7,32.6,577.02,0,0,0,0.0,13,1,HIGH
MED-021,Tablet,Respiratory (Leukotriene Antagonist),40.0,51.6,15.0,30.0,0.0,10.0,10.0,62.8,628.0,0,0,0,0.0,100,0,HIGH
MED-001,Tablet,Analgesic / Antipyretic,20.9,49.9,20.0,25.0,0.0,0.0,0.0,3.8,0.0,0,0,0,0.0,362,0,LOW
MED-020,Tablet,Antidepressant (SSRI),45.1,74.0,20.0,25.0,0.0,20.1,20.1,27.0,542.7,0,0,0,0.0,316,0,HIGH
MED-018,Capsule,Antibiotic (Tetracycline),19.8,60.8,20.0,25.0,0.2,0.0,0.2,22.6,4.52,0,0,0,0.0,128,0,LOW
MED-008,Tablet,Antibiotic (Fluoroquinolone),21.2,27.5,20.0,25.0,0.0,0.0,0.0,3.7,0.0,0,0,0,0.0,89,0,LOW
MED-012,Tablet,Antihypertensive (CCB),12.1,29.2,15.0,30.0,2.9,0.0,2.9,1.9,5.51,0,0,0,0.0,178,0,LOW
MED-011,Tablet,Antihypertensive (ARB),32.7,48.2,15.0,30.0,0.0,2.7,2.7,14.4,38.88,0,0,0,0.0,176,0,MODERATE
MED-019,Delayed-Release Tablet,Gastrointestinal (PPI),47.1,79.4,20.0,25.0,0.0,22.1,22.1,49.8,1100.58,0,0,0,0.0,325,0,HIGH
MED-025,Tablet,Diuretic / Antihypertensive,29.8,76.3,15.0,30.0,0.0,0.0,0.0,3.4,0.0,0,0,0,0.0,326,0,LOW
MED-021,Tablet,Respiratory (Leukotriene Antagonist),16.6,21.6,15.0,30.0,0.0,0.0,0.0,0.9,0.0,0,0,0,0.0,410,0,LOW
MED-004,Tablet,Antidiabetic (Biguanide),25.9,69.5,20.0,25.0,0.0,0.9,0.9,6.9,6.21,0,0,0,0.0,327,0,LOW
MED-012,Tablet,Antihypertensive (CCB),25.1,67.9,15.0,30.0,0.0,0.0,0.0,1.9,0.0,0,0,0,0.0,362,0,LOW
MED-022,Tablet,Antiplatelet / Hematologic,31.3,84.6,15.0,30.0,0.0,1.3,1.3,13.5,17.55,0,0,0,0.0,349,0,LOW
MED-017,Nasal Spray Suspension,Corticosteroid / Allergy,45.1,72.5,4.0,30.0,0.0,15.1,15.1,33.7,508.87,0,1,0,0.0,161,0,HIGH
MED-023,Capsule,Anticonvulsant / Neuropathic,28.2,76.8,15.0,30.0,0.0,0.0,0.0,1.2,0.0,0,0,0,0.0,165,0,LOW
MED-006,Delayed-Release Capsule,Gastrointestinal (PPI),3.4,34.5,15.0,30.0,11.6,0.0,11.6,59.7,692.52,0,0,0,0.0,102,0,HIGH
MED-024,Tablet,Corticosteroid / Anti-inflammatory,27.4,26.5,20.0,25.0,0.0,2.4,2.4,24.7,59.28,0,0,0,0.0,438,0,MODERATE
MED-017,Nasal Spray Suspension,Corticosteroid / Allergy,4.4,25.8,4.0,30.0,0.0,0.0,0.0,14.1,0.0,0,1,0,0.0,595,0,LOW
MED-013,Tablet,Endocrine (Thyroid Hormone),26.5,32.3,15.0,30.0,0.0,0.0,0.0,3.9,0.0,0,0,0,0.0,558,0,LOW
MED-005,Tablet,Antihyperlipidemic (Statin),23.1,57.2,20.0,25.0,0.0,0.0,0.0,14.8,0.0,0,0,0,0.0,317,0,LOW
MED-025,Tablet,Diuretic / Antihypertensive,15.4,84.5,15.0,30.0,0.0,0.0,0.0,1.1,0.0,0,0,0,0.0,364,0,LOW
MED-024,Tablet,Corticosteroid / Anti-inflammatory,18.3,58.9,20.0,25.0,1.7,0.0,1.7,18.9,32.13,0,0,0,0.0,13,1,MODERATE
MED-002,Capsule,Antibiotic (Penicillin),38.4,59.5,20.0,25.0,0.0,13.4,13.4,33.5,448.9,0,0,0,0.0,271,0,HIGH
MED-021,Tablet,Respiratory (Leukotriene Antagonist),32.5,61.1,15.0,30.0,0.0,2.5,2.5,3.4,8.5,0,0,0,0.0,367,0,LOW
MED-006,Delayed-Release Capsule,Gastrointestinal (PPI),41.7,63.2,15.0,30.0,0.0,11.7,11.7,8.9,104.13,0,0,0,0.0,305,0,MODERATE
MED-007,Tablet,Antibiotic (Macrolide),12.8,63.3,15.0,30.0,2.2,0.0,2.2,15.8,34.76,0,0,0,0.0,37,1,MODERATE
MED-025,Tablet,Diuretic / Antihypertensive,32.0,45.3,15.0,30.0,0.0,2.0,2.0,3.0,6.0,0,0,0,0.0,52,1,LOW
MED-005,Tablet,Antihyperlipidemic (Statin),21.4,31.2,20.0,25.0,0.0,0.0,0.0,12.0,0.0,0,0,0,0.0,530,0,LOW
MED-017,Nasal Spray Suspension,Corticosteroid / Allergy,28.3,21.1,4.0,30.0,0.0,0.0,0.0,33.4,0.0,0,1,0,0.0,256,0,LOW
MED-003,Tablet,Antibiotic (Beta-lactamase inhibitor),15.2,21.3,15.0,25.0,0.0,0.0,0.0,13.4,0.0,0,0,0,0.0,330,0,LOW
MED-005,Tablet,Antihyperlipidemic (Statin),28.3,70.6,20.0,25.0,0.0,3.3,3.3,8.5,28.05,0,0,0,0.0,146,0,MODERATE
MED-012,Tablet,Antihypertensive (CCB),32.4,64.4,15.0,30.0,0.0,2.4,2.4,22.9,54.96,0,0,0,0.0,428,0,MODERATE
MED-005,Tablet,Antihyperlipidemic (Statin),21.7,76.8,20.0,25.0,0.0,0.0,0.0,1.9,0.0,0,0,0,0.0,224,0,LOW
MED-020,Tablet,Antidepressant (SSRI),20.6,31.2,20.0,25.0,0.0,0.0,0.0,3.0,0.0,0,0,0,0.0,180,0,LOW
MED-025,Tablet,Diuretic / Antihypertensive,0.5,61.3,15.0,30.0,14.5,0.0,14.5,70.3,1019.35,0,0,0,0.0,277,0,HIGH
MED-020,Tablet,Antidepressant (SSRI),22.6,43.5,20.0,25.0,0.0,0.0,0.0,2.1,0.0,0,0,0,0.0,113,0,LOW
MED-022,Tablet,Antiplatelet / Hematologic,15.2,29.6,15.0,30.0,0.0,0.0,0.0,22.4,0.0,0,0,0,0.0,110,0,LOW
MED-001,Tablet,Analgesic / Antipyretic,15.1,83.5,20.0,25.0,4.9,0.0,4.9,4.9,24.01,0,0,0,0.0,150,0,MODERATE
MED-009,Tablet,Analgesic / NSAID,20.1,36.1,20.0,25.0,0.0,0.0,0.0,4.4,0.0,0,0,0,0.0,529,0,LOW
MED-011,Tablet,Antihypertensive (ARB),43.7,69.5,15.0,30.0,0.0,13.7,13.7,46.0,630.2,0,0,0,0.0,235,0,HIGH
MED-019,Delayed-Release Tablet,Gastrointestinal (PPI),43.9,49.0,20.0,25.0,0.0,18.9,18.9,19.5,368.55,0,0,0,0.0,260,0,HIGH
MED-008,Tablet,Antibiotic (Fluoroquinolone),27.5,76.4,20.0,25.0,0.0,2.5,2.5,17.6,44.0,0,0,0,0.0,484,0,MODERATE
MED-024,Tablet,Corticosteroid / Anti-inflammatory,29.4,36.3,20.0,25.0,0.0,4.4,4.4,6.6,29.04,0,0,0,0.0,549,0,MODERATE
MED-023,Capsule,Anticonvulsant / Neuropathic,35.5,31.8,15.0,30.0,0.0,5.5,5.5,7.5,41.25,0,0,0,0.0,126,0,MODERATE
MED-016,Inhalation Aerosol,Respiratory (Bronchodilator),12.7,24.9,15.0,25.0,2.3,0.0,2.3,5.3,12.19,0,1,0,0.0,313,0,LOW
MED-019,Delayed-Release Tablet,Gastrointestinal (PPI),23.3,47.9,20.0,25.0,0.0,0.0,0.0,0.3,0.0,0,0,0,0.0,607,0,LOW
MED-018,Capsule,Antibiotic (Tetracycline),29.8,48.4,20.0,25.0,0.0,4.8,4.8,17.4,83.52,0,0,0,0.0,367,0,MODERATE
MED-021,Tablet,Respiratory (Leukotriene Antagonist),11.8,78.9,15.0,30.0,3.2,0.0,3.2,3.4,10.88,0,0,0,0.0,418,0,LOW
MED-022,Tablet,Antiplatelet / Hematologic,13.3,57.7,15.0,30.0,1.7,0.0,1.7,22.7,38.59,0,0,0,0.0,25,1,HIGH
MED-003,Tablet,Antibiotic (Beta-lactamase inhibitor),12.4,75.4,15.0,25.0,2.6,0.0,2.6,2.2,5.72,0,0,0,0.0,66,0,LOW
MED-023,Capsule,Anticonvulsant / Neuropathic,11.4,60.9,15.0,30.0,3.6,0.0,3.6,14.9,53.64,0,0,0,0.0,326,0,MODERATE
MED-015,Subcutaneous Injection,Endocrine (Hormone),9.6,30.0,2.0,8.0,0.0,1.6,1.6,3.3,5.28,1,1,0,0.0,432,0,LOW
MED-001,Tablet,Analgesic / Antipyretic,20.3,84.8,20.0,25.0,0.0,0.0,0.0,7.7,0.0,0,0,0,0.0,118,0,LOW
MED-020,Tablet,Antidepressant (SSRI),18.9,70.1,20.0,25.0,1.1,0.0,1.1,16.0,17.6,0,0,0,0.0,434,0,LOW
MED-019,Delayed-Release Tablet,Gastrointestinal (PPI),18.0,52.7,20.0,25.0,2.0,0.0,2.0,18.8,37.6,0,0,0,0.0,106,0,MODERATE
MED-016,Inhalation Aerosol,Respiratory (Bronchodilator),28.8,58.2,15.0,25.0,0.0,3.8,3.8,17.0,64.6,0,1,0,0.0,96,0,MODERATE
MED-004,Tablet,Antidiabetic (Biguanide),20.4,33.9,20.0,25.0,0.0,0.0,0.0,21.4,0.0,0,0,0,0.0,318,0,LOW
MED-016,Inhalation Aerosol,Respiratory (Bronchodilator),44.5,58.2,15.0,25.0,0.0,19.5,19.5,35.1,684.45,0,1,0,0.0,201,0,HIGH
MED-025,Tablet,Diuretic / Antihypertensive,32.4,43.6,15.0,30.0,0.0,2.4,2.4,11.8,28.32,0,0,0,0.0,356,0,MODERATE
MED-008,Tablet,Antibiotic (Fluoroquinolone),35.8,72.4,20.0,25.0,0.0,10.8,10.8,56.8,613.44,0,0,0,0.0,24,1,HIGH
MED-021,Tablet,Respiratory (Leukotriene Antagonist),35.7,34.0,15.0,30.0,0.0,5.7,5.7,5.7,32.49,0,0,0,0.0,62,0,MODERATE
MED-010,Tablet,Antihistamine,31.1,33.5,20.0,25.0,0.0,6.1,6.1,1.8,10.98,0,0,0,0.0,255,0,MODERATE
MED-001,Tablet,Analgesic / Antipyretic,27.4,66.9,20.0,25.0,0.0,2.4,2.4,7.4,17.76,0,0,0,0.0,33,1,MODERATE
MED-019,Delayed-Release Tablet,Gastrointestinal (PPI),19.4,59.5,20.0,25.0,0.6,0.0,0.6,4.7,2.82,0,0,0,0.0,588,0,LOW
MED-003,Tablet,Antibiotic (Beta-lactamase inhibitor),27.6,28.5,15.0,25.0,0.0,2.6,2.6,13.9,36.14,0,0,0,0.0,307,0,MODERATE
MED-011,Tablet,Antihypertensive (ARB),46.3,32.3,15.0,30.0,0.0,16.3,16.3,19.5,317.85,0,0,0,0.0,247,0,HIGH
MED-004,Tablet,Antidiabetic (Biguanide),30.3,44.6,20.0,25.0,0.0,5.3,5.3,30.6,162.18,0,0,0,0.0,138,0,HIGH
MED-024,Tablet,Corticosteroid / Anti-inflammatory,43.6,29.0,20.0,25.0,0.0,18.6,18.6,60.3,1121.58,0,0,0,0.0,62,0,HIGH
MED-001,Tablet,Analgesic / Antipyretic,19.8,32.1,20.0,25.0,0.2,0.0,0.2,2.1,0.42,0,0,0,0.0,393,0,LOW
MED-007,Tablet,Antibiotic (Macrolide),21.2,50.3,15.0,30.0,0.0,0.0,0.0,1.3,0.0,0,0,0,0.0,95,0,LOW
MED-025,Tablet,Diuretic / Antihypertensive,42.4,31.6,15.0,30.0,0.0,12.4,12.4,30.8,381.92,0,0,0,0.0,23,1,HIGH
MED-024,Tablet,Corticosteroid / Anti-inflammatory,32.1,58.4,20.0,25.0,0.0,7.1,7.1,30.6,217.26,0,0,0,0.0,511,0,HIGH
MED-001,Tablet,Analgesic / Antipyretic,26.1,64.7,20.0,25.0,0.0,1.1,1.1,7.2,7.92,0,0,0,0.0,86,0,LOW
MED-017,Nasal Spray Suspension,Corticosteroid / Allergy,28.7,44.7,4.0,30.0,0.0,0.0,0.0,1.5,0.0,0,1,0,0.0,656,0,LOW
MED-014,Subcutaneous Injection,Endocrine (Hormone),27.7,54.3,2.0,8.0,0.0,19.7,19.7,6.1,120.17,1,1,0,0.0,223,0,HIGH
MED-017,Nasal Spray Suspension,Corticosteroid / Allergy,-0.3,32.5,4.0,30.0,4.3,0.0,4.3,23.6,101.48,0,1,0,0.0,224,0,HIGH
MED-018,Capsule,Antibiotic (Tetracycline),27.3,76.2,20.0,25.0,0.0,2.3,2.3,28.8,66.24,0,0,0,0.0,20,1,HIGH
MED-025,Tablet,Diuretic / Antihypertensive,-2.2,62.3,15.0,30.0,17.2,0.0,17.2,26.0,447.2,0,0,0,0.0,333,0,HIGH
MED-020,Tablet,Antidepressant (SSRI),43.8,80.2,20.0,25.0,0.0,18.8,18.8,50.3,945.64,0,0,0,0.0,21,1,HIGH
MED-022,Tablet,Antiplatelet / Hematologic,-2.0,29.4,15.0,30.0,17.0,0.0,17.0,43.4,737.8,0,0,0,0.0,304,0,HIGH
MED-017,Nasal Spray Suspension,Corticosteroid / Allergy,33.9,25.4,4.0,30.0,0.0,3.9,3.9,7.0,27.3,0,1,0,0.0,447,0,MODERATE
MED-015,Subcutaneous Injection,Endocrine (Hormone),8.6,22.4,2.0,8.0,0.0,0.6,0.6,1.1,0.66,1,1,0,0.0,251,0,LOW
MED-019,Delayed-Release Tablet,Gastrointestinal (PPI),20.3,52.9,20.0,25.0,0.0,0.0,0.0,2.2,0.0,0,0,0,0.0,144,0,LOW
MED-020,Tablet,Antidepressant (SSRI),17.9,28.4,20.0,25.0,2.1,0.0,2.1,14.5,30.45,0,0,0,0.0,551,0,MODERATE
MED-020,Tablet,Antidepressant (SSRI),20.2,63.4,20.0,25.0,0.0,0.0,0.0,5.9,0.0,0,0,0,0.0,294,0,LOW
MED-016,Inhalation Aerosol,Respiratory (Bronchodilator),42.6,78.0,15.0,25.0,0.0,17.6,17.6,31.6,556.16,0,1,0,0.0,293,0,HIGH
MED-011,Tablet,Antihypertensive (ARB),35.6,44.4,15.0,30.0,0.0,5.6,5.6,11.5,64.4,0,0,0,0.0,48,1,HIGH
MED-021,Tablet,Respiratory (Leukotriene Antagonist),16.3,79.6,15.0,30.0,0.0,0.0,0.0,2.3,0.0,0,0,0,0.0,690,0,LOW
MED-015,Subcutaneous Injection,Endocrine (Hormone),5.5,25.9,2.0,8.0,0.0,0.0,0.0,2.9,0.0,1,1,0,0.0,64,0,LOW
MED-009,Tablet,Analgesic / NSAID,18.3,63.1,20.0,25.0,1.7,0.0,1.7,20.1,34.17,0,0,0,0.0,310,0,MODERATE
MED-025,Tablet,Diuretic / Antihypertensive,30.7,80.1,15.0,30.0,0.0,0.7,0.7,13.8,9.66,0,0,0,0.0,247,0,LOW
MED-006,Delayed-Release Capsule,Gastrointestinal (PPI),33.7,23.5,15.0,30.0,0.0,3.7,3.7,15.5,57.35,0,0,0,0.0,122,0,MODERATE
MED-016,Inhalation Aerosol,Respiratory (Bronchodilator),26.8,85.0,15.0,25.0,0.0,1.8,1.8,10.9,19.62,0,1,0,0.0,170,0,LOW
MED-019,Delayed-Release Tablet,Gastrointestinal (PPI),43.7,36.6,20.0,25.0,0.0,18.7,18.7,37.0,691.9,0,0,0,0.0,98,0,HIGH
MED-004,Tablet,Antidiabetic (Biguanide),20.4,58.8,20.0,25.0,0.0,0.0,0.0,2.2,0.0,0,0,0,0.0,56,1,LOW
MED-010,Tablet,Antihistamine,32.5,69.2,20.0,25.0,0.0,7.5,7.5,10.1,75.75,0,0,0,0.0,360,0,MODERATE
MED-006,Delayed-Release Capsule,Gastrointestinal (PPI),15.9,84.7,15.0,30.0,0.0,0.0,0.0,2.8,0.0,0,0,0,0.0,531,0,LOW
MED-017,Nasal Spray Suspension,Corticosteroid / Allergy,30.8,45.8,4.0,30.0,0.0,0.8,0.8,12.7,10.16,0,1,0,0.0,498,0,LOW
MED-013,Tablet,Endocrine (Thyroid Hormone),35.8,31.2,15.0,30.0,0.0,5.8,5.8,12.9,74.82,0,0,0,0.0,151,0,MODERATE
MED-005,Tablet,Antihyperlipidemic (Statin),15.8,52.3,20.0,25.0,4.2,0.0,4.2,6.6,27.72,0,0,0,0.0,67,0,MODERATE
MED-015,Subcutaneous Injection,Endocrine (Hormone),1.6,63.8,2.0,8.0,0.4,0.0,0.4,20.7,8.28,1,1,0,0.0,445,0,MODERATE
MED-018,Capsule,Antibiotic (Tetracycline),19.3,37.0,20.0,25.0,0.7,0.0,0.7,17.9,12.53,0,0,0,0.0,252,0,LOW
MED-017,Nasal Spray Suspension,Corticosteroid / Allergy,-0.6,52.8,4.0,30.0,4.6,0.0,4.6,10.1,46.46,0,1,0,0.0,196,0,HIGH
MED-022,Tablet,Antiplatelet / Hematologic,11.7,79.9,15.0,30.0,3.3,0.0,3.3,16.3,53.79,0,0,0,0.0,384,0,MODERATE
MED-023,Capsule,Anticonvulsant / Neuropathic,33.4,81.9,15.0,30.0,0.0,3.4,3.4,2.7,9.18,0,0,0,0.0,71,0,LOW
MED-025,Tablet,Diuretic / Antihypertensive,35.5,52.1,15.0,30.0,0.0,5.5,5.5,3.0,16.5,0,0,0,0.0,354,0,MODERATE
MED-016,Inhalation Aerosol,Respiratory (Bronchodilator),46.9,76.8,15.0,25.0,0.0,21.9,21.9,18.0,394.2,0,1,0,0.0,242,0,HIGH
MED-005,Tablet,Antihyperlipidemic (Statin),29.9,52.4,20.0,25.0,0.0,4.9,4.9,23.1,113.19,0,0,0,0.0,165,0,MODERATE
MED-022,Tablet,Antiplatelet / Hematologic,17.0,67.0,15.0,30.0,0.0,0.0,0.0,4.2,0.0,0,0,0,0.0,108,0,LOW
MED-025,Tablet,Diuretic / Antihypertensive,33.2,80.2,15.0,30.0,0.0,3.2,3.2,13.8,44.16,0,0,0,0.0,496,0,MODERATE
MED-015,Subcutaneous Injection,Endocrine (Hormone),8.9,73.9,2.0,8.0,0.0,0.9,0.9,1.4,1.26,1,1,0,0.0,444,0,LOW
MED-014,Subcutaneous Injection,Endocrine (Hormone),-2.1,82.2,2.0,8.0,4.1,0.0,4.1,6.9,28.29,1,1,0,0.0,362,0,HIGH
MED-021,Tablet,Respiratory (Leukotriene Antagonist),13.5,22.3,15.0,30.0,1.5,0.0,1.5,4.8,7.2,0,0,0,0.0,98,0,LOW
MED-016,Inhalation Aerosol,Respiratory (Bronchodilator),27.7,62.9,15.0,25.0,0.0,2.7,2.7,17.8,48.06,0,1,0,0.0,387,0,MODERATE
MED-017,Nasal Spray Suspension,Corticosteroid / Allergy,2.1,83.5,4.0,30.0,1.9,0.0,1.9,16.1,30.59,0,1,0,0.0,246,0,MODERATE
MED-014,Subcutaneous Injection,Endocrine (Hormone),5.7,83.3,2.0,8.0,0.0,0.0,0.0,2.2,0.0,1,1,0,0.0,274,0,LOW
MED-013,Tablet,Endocrine (Thyroid Hormone),28.2,43.7,15.0,30.0,0.0,0.0,0.0,2.5,0.0,0,0,0,0.0,219,0,LOW
MED-002,Capsule,Antibiotic (Penicillin),18.9,20.1,20.0,25.0,1.1,0.0,1.1,9.1,10.01,0,0,0,0.0,85,0,LOW
MED-024,Tablet,Corticosteroid / Anti-inflammatory,21.6,63.7,20.0,25.0,0.0,0.0,0.0,2.4,0.0,0,0,0,0.0,619,0,LOW
MED-022,Tablet,Antiplatelet / Hematologic,29.2,69.6,15.0,30.0,0.0,0.0,0.0,1.5,0.0,0,0,0,0.0,490,0,LOW
MED-021,Tablet,Respiratory (Leukotriene Antagonist),46.6,27.1,15.0,30.0,0.0,16.6,16.6,44.7,742.02,0,0,0,0.0,46,1,HIGH
MED-004,Tablet,Antidiabetic (Biguanide),27.9,25.5,20.0,25.0,0.0,2.9,2.9,12.5,36.25,0,0,0,0.0,217,0,MODERATE
MED-005,Tablet,Antihyperlipidemic (Statin),29.5,83.4,20.0,25.0,0.0,4.5,4.5,12.1,54.45,0,0,0,0.0,249,0,MODERATE
MED-022,Tablet,Antiplatelet / Hematologic,24.0,21.7,15.0,30.0,0.0,0.0,0.0,0.8,0.0,0,0,0,0.0,670,0,LOW
MED-010,Tablet,Antihistamine,17.1,74.2,20.0,25.0,2.9,0.0,2.9,21.2,61.48,0,0,0,0.0,311,0,MODERATE
MED-012,Tablet,Antihypertensive (CCB),19.5,64.9,15.0,30.0,0.0,0.0,0.0,3.8,0.0,0,0,0,0.0,631,0,LOW
MED-016,Inhalation Aerosol,Respiratory (Bronchodilator),30.7,44.6,15.0,25.0,0.0,5.7,5.7,7.8,44.46,0,1,0,0.0,55,1,HIGH
MED-025,Tablet,Diuretic / Antihypertensive,34.2,39.8,15.0,30.0,0.0,4.2,4.2,28.9,121.38,0,0,0,0.0,92,0,HIGH
MED-012,Tablet,Antihypertensive (CCB),30.0,52.1,15.0,30.0,0.0,0.0,0.0,0.6,0.0,0,0,0,0.0,254,0,LOW
MED-024,Tablet,Corticosteroid / Anti-inflammatory,20.5,51.0,20.0,25.0,0.0,0.0,0.0,0.5,0.0,0,0,0,0.0,619,0,LOW
MED-022,Tablet,Antiplatelet / Hematologic,35.6,66.7,15.0,30.0,0.0,5.6,5.6,17.0,95.2,0,0,0,0.0,170,0,MODERATE
MED-013,Tablet,Endocrine (Thyroid Hormone),30.7,74.4,15.0,30.0,0.0,0.7,0.7,17.1,11.97,0,0,0,0.0,312,0,LOW
MED-002,Capsule,Antibiotic (Penicillin),3.8,84.9,20.0,25.0,16.2,0.0,16.2,17.5,283.5,0,0,0,0.0,45,1,HIGH
MED-019,Delayed-Release Tablet,Gastrointestinal (PPI),15.3,48.1,20.0,25.0,4.7,0.0,4.7,16.1,75.67,0,0,0,0.0,571,0,MODERATE
MED-010,Tablet,Antihistamine,29.3,50.9,20.0,25.0,0.0,4.3,4.3,14.7,63.21,0,0,0,0.0,228,0,MODERATE
MED-010,Tablet,Antihistamine,32.1,29.8,20.0,25.0,0.0,7.1,7.1,27.8,197.38,0,0,0,0.0,58,1,HIGH
MED-015,Subcutaneous Injection,Endocrine (Hormone),2.5,68.9,2.0,8.0,0.0,0.0,0.0,0.4,0.0,1,1,0,0.0,252,0,LOW
MED-023,Capsule,Anticonvulsant / Neuropathic,36.1,39.8,15.0,30.0,0.0,6.1,6.1,27.7,168.97,0,0,0,0.0,104,0,HIGH
MED-012,Tablet,Antihypertensive (CCB),33.8,45.0,15.0,30.0,0.0,3.8,3.8,23.6,89.68,0,0,0,0.0,40,1,HIGH
MED-011,Tablet,Antihypertensive (ARB),35.5,67.1,15.0,30.0,0.0,5.5,5.5,13.9,76.45,0,0,0,0.0,208,0,MODERATE
MED-021,Tablet,Respiratory (Leukotriene Antagonist),31.4,81.4,15.0,30.0,0.0,1.4,1.4,9.3,13.02,0,0,0,0.0,477,0,LOW
MED-012,Tablet,Antihypertensive (CCB),31.9,31.4,15.0,30.0,0.0,1.9,1.9,12.8,24.32,0,0,0,0.0,466,0,MODERATE
MED-014,Subcutaneous Injection,Endocrine (Hormone),1.7,38.2,2.0,8.0,0.3,0.0,0.3,21.3,6.39,1,1,0,0.0,209,0,MODERATE
MED-002,Capsule,Antibiotic (Penicillin),22.5,52.6,20.0,25.0,0.0,0.0,0.0,2.5,0.0,0,0,0,0.0,437,0,LOW
MED-025,Tablet,Diuretic / Antihypertensive,34.0,48.8,15.0,30.0,0.0,4.0,4.0,4.9,19.6,0,0,0,0.0,41,1,MODERATE
MED-016,Inhalation Aerosol,Respiratory (Bronchodilator),34.0,34.7,15.0,25.0,0.0,9.0,9.0,71.6,644.4,0,1,0,0.0,305,0,HIGH
MED-022,Tablet,Antiplatelet / Hematologic,19.3,59.0,15.0,30.0,0.0,0.0,0.0,0.1,0.0,0,0,0,0.0,560,0,LOW
MED-005,Tablet,Antihyperlipidemic (Statin),26.6,21.5,20.0,25.0,0.0,1.6,1.6,17.2,27.52,0,0,0,0.0,462,0,MODERATE
MED-007,Tablet,Antibiotic (Macrolide),10.4,71.6,15.0,30.0,4.6,0.0,4.6,6.3,28.98,0,0,0,0.0,336,0,MODERATE
MED-018,Capsule,Antibiotic (Tetracycline),25.2,27.2,20.0,25.0,0.0,0.2,0.2,8.7,1.74,0,0,0,0.0,239,0,LOW
MED-022,Tablet,Antiplatelet / Hematologic,44.0,49.7,15.0,30.0,0.0,14.0,14.0,17.4,243.6,0,0,0,0.0,169,0,HIGH
MED-025,Tablet,Diuretic / Antihypertensive,12.1,82.7,15.0,30.0,2.9,0.0,2.9,1.8,5.22,0,0,0,0.0,270,0,LOW
MED-019,Delayed-Release Tablet,Gastrointestinal (PPI),23.5,27.5,20.0,25.0,0.0,0.0,0.0,1.7,0.0,0,0,0,0.0,444,0,LOW
MED-002,Capsule,Antibiotic (Penicillin),24.2,30.2,20.0,25.0,0.0,0.0,0.0,9.1,0.0,0,0,0,0.0,230,0,LOW
MED-024,Tablet,Corticosteroid / Anti-inflammatory,32.9,24.2,20.0,25.0,0.0,7.9,7.9,34.6,273.34,0,0,0,0.0,66,0,HIGH
MED-018,Capsule,Antibiotic (Tetracycline),28.5,54.9,20.0,25.0,0.0,3.5,3.5,9.9,34.65,0,0,0,0.0,269,0,MODERATE
MED-013,Tablet,Endocrine (Thyroid Hormone),34.9,60.2,15.0,30.0,0.0,4.9,4.9,16.1,78.89,0,0,0,0.0,252,0,MODERATE
MED-024,Tablet,Corticosteroid / Anti-inflammatory,18.6,38.2,20.0,25.0,1.4,0.0,1.4,17.4,24.36,0,0,0,0.0,237,0,MODERATE
MED-001,Tablet,Analgesic / Antipyretic,26.6,57.2,20.0,25.0,0.0,1.6,1.6,3.3,5.28,0,0,0,0.0,215,0,LOW
MED-008,Tablet,Antibiotic (Fluoroquinolone),21.5,81.7,20.0,25.0,0.0,0.0,0.0,0.2,0.0,0,0,0,0.0,453,0,LOW
MED-005,Tablet,Antihyperlipidemic (Statin),22.2,25.1,20.0,25.0,0.0,0.0,0.0,0.0,0.0,0,0,0,0.0,510,0,LOW
MED-018,Capsule,Antibiotic (Tetracycline),25.7,27.5,20.0,25.0,0.0,0.7,0.7,7.2,5.04,0,0,0,0.0,384,0,LOW
MED-024,Tablet,Corticosteroid / Anti-inflammatory,24.4,43.3,20.0,25.0,0.0,0.0,0.0,1.9,0.0,0,0,0,0.0,369,0,LOW
MED-018,Capsule,Antibiotic (Tetracycline),43.3,53.0,20.0,25.0,0.0,18.3,18.3,35.8,655.14,0,0,0,0.0,31,1,HIGH
MED-020,Tablet,Antidepressant (SSRI),20.4,27.7,20.0,25.0,0.0,0.0,0.0,0.5,0.0,0,0,0,0.0,634,0,LOW
MED-023,Capsule,Anticonvulsant / Neuropathic,28.1,24.4,15.0,30.0,0.0,0.0,0.0,0.1,0.0,0,0,0,0.0,529,0,LOW
MED-024,Tablet,Corticosteroid / Anti-inflammatory,16.6,49.4,20.0,25.0,3.4,0.0,3.4,11.2,38.08,0,0,0,0.0,161,0,MODERATE
MED-011,Tablet,Antihypertensive (ARB),30.2,70.6,15.0,30.0,0.0,0.2,0.2,17.1,3.42,0,0,0,0.0,463,0,LOW
MED-009,Tablet,Analgesic / NSAID,39.5,41.2,20.0,25.0,0.0,14.5,14.5,34.3,497.35,0,0,0,0.0,290,0,HIGH
MED-024,Tablet,Corticosteroid / Anti-inflammatory,24.8,68.9,20.0,25.0,0.0,0.0,0.0,2.4,0.0,0,0,0,0.0,273,0,LOW
MED-006,Delayed-Release Capsule,Gastrointestinal (PPI),29.6,38.1,15.0,30.0,0.0,0.0,0.0,1.5,0.0,0,0,0,0.0,579,0,LOW
MED-022,Tablet,Antiplatelet / Hematologic,10.7,53.4,15.0,30.0,4.3,0.0,4.3,12.8,55.04,0,0,0,0.0,164,0,MODERATE
MED-011,Tablet,Antihypertensive (ARB),28.7,45.1,15.0,30.0,0.0,0.0,0.0,3.8,0.0,0,0,0,0.0,420,0,LOW
MED-025,Tablet,Diuretic / Antihypertensive,41.8,39.3,15.0,30.0,0.0,11.8,11.8,58.0,684.4,0,0,0,0.0,324,0,HIGH
MED-014,Subcutaneous Injection,Endocrine (Hormone),7.8,70.8,2.0,8.0,0.0,0.0,0.0,0.3,0.0,1,1,0,0.0,700,0,LOW
MED-013,Tablet,Endocrine (Thyroid Hormone),41.1,39.8,15.0,30.0,0.0,11.1,11.1,52.6,583.86,0,0,0,0.0,115,0,HIGH
MED-003,Tablet,Antibiotic (Beta-lactamase inhibitor),37.0,24.3,15.0,25.0,0.0,12.0,12.0,38.9,466.8,0,0,0,0.0,88,0,HIGH
MED-023,Capsule,Anticonvulsant / Neuropathic,16.1,40.3,15.0,30.0,0.0,0.0,0.0,14.2,0.0,0,0,0,0.0,98,0,LOW
MED-024,Tablet,Corticosteroid / Anti-inflammatory,19.5,28.8,20.0,25.0,0.5,0.0,0.5,4.3,2.15,0,0,0,0.0,252,0,LOW
MED-003,Tablet,Antibiotic (Beta-lactamase inhibitor),19.3,53.3,15.0,25.0,0.0,0.0,0.0,2.2,0.0,0,0,0,0.0,221,0,LOW
MED-010,Tablet,Antihistamine,29.6,51.5,20.0,25.0,0.0,4.6,4.6,2.4,11.04,0,0,0,0.0,429,0,LOW
MED-016,Inhalation Aerosol,Respiratory (Bronchodilator),27.6,75.0,15.0,25.0,0.0,2.6,2.6,7.8,20.28,0,1,0,0.0,222,0,MODERATE
MED-014,Subcutaneous Injection,Endocrine (Hormone),14.5,63.8,2.0,8.0,0.0,6.5,6.5,4.2,27.3,1,1,0,0.0,410,0,MODERATE
MED-009,Tablet,Analgesic / NSAID,20.6,27.8,20.0,25.0,0.0,0.0,0.0,0.8,0.0,0,0,0,0.0,266,0,LOW
MED-025,Tablet,Diuretic / Antihypertensive,12.0,73.5,15.0,30.0,3.0,0.0,3.0,18.2,54.6,0,0,0,0.0,75,0,MODERATE
MED-008,Tablet,Antibiotic (Fluoroquinolone),34.0,22.7,20.0,25.0,0.0,9.0,9.0,58.2,523.8,0,0,0,0.0,346,0,HIGH
MED-003,Tablet,Antibiotic (Beta-lactamase inhibitor),20.1,78.8,15.0,25.0,0.0,0.0,0.0,3.2,0.0,0,0,0,0.0,484,0,LOW
MED-003,Tablet,Antibiotic (Beta-lactamase inhibitor),45.3,31.0,15.0,25.0,0.0,20.3,20.3,20.3,412.09,0,0,0,0.0,25,1,HIGH
MED-020,Tablet,Antidepressant (SSRI),16.0,52.2,20.0,25.0,4.0,0.0,4.0,12.3,49.2,0,0,0,0.0,389,0,MODERATE
MED-006,Delayed-Release Capsule,Gastrointestinal (PPI),45.1,60.7,15.0,30.0,0.0,15.1,15.1,47.9,723.29,0,0,0,0.0,211,0,HIGH
MED-025,Tablet,Diuretic / Antihypertensive,35.3,36.1,15.0,30.0,0.0,5.3,5.3,17.9,94.87,0,0,0,0.0,73,0,MODERATE
MED-025,Tablet,Diuretic / Antihypertensive,31.5,65.7,15.0,30.0,0.0,1.5,1.5,2.3,3.45,0,0,0,0.0,295,0,LOW
MED-004,Tablet,Antidiabetic (Biguanide),19.7,70.3,20.0,25.0,0.3,0.0,0.3,15.1,4.53,0,0,0,0.0,113,0,LOW
MED-010,Tablet,Antihistamine,23.2,84.9,20.0,25.0,0.0,0.0,0.0,0.1,0.0,0,0,0,0.0,499,0,LOW
MED-002,Capsule,Antibiotic (Penicillin),23.5,54.1,20.0,25.0,0.0,0.0,0.0,4.0,0.0,0,0,0,0.0,283,0,LOW
MED-016,Inhalation Aerosol,Respiratory (Bronchodilator),26.3,28.1,15.0,25.0,0.0,1.3,1.3,10.1,13.13,0,1,0,0.0,424,0,LOW
MED-014,Subcutaneous Injection,Endocrine (Hormone),10.3,80.1,2.0,8.0,0.0,2.3,2.3,5.3,12.19,1,1,0,0.0,339,0,MODERATE
MED-008,Tablet,Antibiotic (Fluoroquinolone),20.4,66.3,20.0,25.0,0.0,0.0,0.0,0.6,0.0,0,0,0,0.0,105,0,LOW
MED-014,Subcutaneous Injection,Endocrine (Hormone),10.0,22.1,2.0,8.0,0.0,2.0,2.0,20.1,40.2,1,1,0,0.0,131,0,MODERATE
MED-002,Capsule,Antibiotic (Penicillin),20.7,79.6,20.0,25.0,0.0,0.0,0.0,7.2,0.0,0,0,0,0.0,315,0,LOW
MED-007,Tablet,Antibiotic (Macrolide),33.6,23.3,15.0,30.0,0.0,3.6,3.6,15.3,55.08,0,0,0,0.0,165,0,MODERATE
MED-024,Tablet,Corticosteroid / Anti-inflammatory,44.8,34.4,20.0,25.0,0.0,19.8,19.8,61.1,1209.78,0,0,0,0.0,299,0,HIGH
MED-018,Capsule,Antibiotic (Tetracycline),18.8,62.9,20.0,25.0,1.2,0.0,1.2,7.9,9.48,0,0,0,0.0,262,0,LOW
MED-005,Tablet,Antihyperlipidemic (Statin),22.1,31.6,20.0,25.0,0.0,0.0,0.0,1.8,0.0,0,0,0,0.0,432,0,LOW
MED-004,Tablet,Antidiabetic (Biguanide),32.7,49.7,20.0,25.0,0.0,7.7,7.7,33.0,254.1,0,0,0,0.0,61,1,HIGH
MED-005,Tablet,Antihyperlipidemic (Statin),29.2,26.9,20.0,25.0,0.0,4.2,4.2,11.5,48.3,0,0,0,0.0,281,0,MODERATE
MED-013,Tablet,Endocrine (Thyroid Hormone),31.6,54.7,15.0,30.0,0.0,1.6,1.6,8.3,13.28,0,0,0,0.0,210,0,LOW
MED-017,Nasal Spray Suspension,Corticosteroid / Allergy,45.1,83.2,4.0,30.0,0.0,15.1,15.1,62.0,936.2,0,1,0,0.0,195,0,HIGH
MED-020,Tablet,Antidepressant (SSRI),23.3,22.5,20.0,25.0,0.0,0.0,0.0,10.6,0.0,0,0,0,0.0,314,0,LOW
MED-005,Tablet,Antihyperlipidemic (Statin),17.5,76.0,20.0,25.0,2.5,0.0,2.5,22.3,55.75,0,0,0,0.0,182,0,MODERATE
MED-009,Tablet,Analgesic / NSAID,31.0,50.7,20.0,25.0,0.0,6.0,6.0,16.2,97.2,0,0,0,0.0,192,0,MODERATE
MED-002,Capsule,Antibiotic (Penicillin),16.0,57.9,20.0,25.0,4.0,0.0,4.0,11.1,44.4,0,0,0,0.0,193,0,MODERATE
MED-011,Tablet,Antihypertensive (ARB),10.1,68.0,15.0,30.0,4.9,0.0,4.9,19.9,97.51,0,0,0,0.0,600,0,MODERATE
MED-022,Tablet,Antiplatelet / Hematologic,21.1,57.0,15.0,30.0,0.0,0.0,0.0,3.8,0.0,0,0,0,0.0,270,0,LOW
MED-017,Nasal Spray Suspension,Corticosteroid / Allergy,38.7,74.1,4.0,30.0,0.0,8.7,8.7,9.4,81.78,0,1,0,0.0,232,0,MODERATE
MED-009,Tablet,Analgesic / NSAID,-4.0,35.8,20.0,25.0,24.0,0.0,24.0,59.6,1430.4,0,0,0,0.0,187,0,HIGH
MED-011,Tablet,Antihypertensive (ARB),32.9,79.9,15.0,30.0,0.0,2.9,2.9,12.2,35.38,0,0,0,0.0,321,0,MODERATE
MED-016,Inhalation Aerosol,Respiratory (Bronchodilator),27.8,64.0,15.0,25.0,0.0,2.8,2.8,9.5,26.6,0,1,0,0.0,498,0,MODERATE
MED-020,Tablet,Antidepressant (SSRI),21.6,82.9,20.0,25.0,0.0,0.0,0.0,0.3,0.0,0,0,0,0.0,274,0,LOW
MED-010,Tablet,Antihistamine,20.0,27.0,20.0,25.0,0.0,0.0,0.0,2.3,0.0,0,0,0,0.0,68,0,LOW
MED-016,Inhalation Aerosol,Respiratory (Bronchodilator),43.0,70.8,15.0,25.0,0.0,18.0,18.0,14.7,264.6,0,1,0,0.0,118,0,HIGH
MED-005,Tablet,Antihyperlipidemic (Statin),16.6,57.3,20.0,25.0,3.4,0.0,3.4,16.6,56.44,0,0,0,0.0,185,0,MODERATE
MED-010,Tablet,Antihistamine,39.5,21.5,20.0,25.0,0.0,14.5,14.5,13.3,192.85,0,0,0,0.0,325,0,HIGH
MED-007,Tablet,Antibiotic (Macrolide),40.3,32.9,15.0,30.0,0.0,10.3,10.3,31.2,321.36,0,0,0,0.0,99,0,HIGH
MED-008,Tablet,Antibiotic (Fluoroquinolone),40.0,80.8,20.0,25.0,0.0,15.0,15.0,9.6,144.0,0,0,0,0.0,199,0,HIGH
MED-001,Tablet,Analgesic / Antipyretic,34.2,37.5,20.0,25.0,0.0,9.2,9.2,57.5,529.0,0,0,0,0.0,105,0,HIGH
MED-011,Tablet,Antihypertensive (ARB),35.4,52.6,15.0,30.0,0.0,5.4,5.4,10.1,54.54,0,0,0,0.0,223,0,MODERATE
MED-008,Tablet,Antibiotic (Fluoroquinolone),26.4,74.5,20.0,25.0,0.0,1.4,1.4,23.0,32.2,0,0,0,0.0,293,0,MODERATE
MED-018,Capsule,Antibiotic (Tetracycline),29.5,59.7,20.0,25.0,0.0,4.5,4.5,8.5,38.25,0,0,0,0.0,150,0,MODERATE
MED-012,Tablet,Antihypertensive (CCB),32.8,38.8,15.0,30.0,0.0,2.8,2.8,18.9,52.92,0,0,0,0.0,417,0,MODERATE
MED-003,Tablet,Antibiotic (Beta-lactamase inhibitor),13.4,75.3,15.0,25.0,1.6,0.0,1.6,15.2,24.32,0,0,0,0.0,208,0,MODERATE
MED-025,Tablet,Diuretic / Antihypertensive,40.0,67.4,15.0,30.0,0.0,10.0,10.0,47.9,479.0,0,0,0,0.0,229,0,HIGH
MED-016,Inhalation Aerosol,Respiratory (Bronchodilator),29.2,35.0,15.0,25.0,0.0,4.2,4.2,7.2,30.24,0,1,0,0.0,493,0,MODERATE
MED-012,Tablet,Antihypertensive (CCB),40.9,34.5,15.0,30.0,0.0,10.9,10.9,39.1,426.19,0,0,0,0.0,150,0,HIGH
MED-012,Tablet,Antihypertensive (CCB),41.8,37.9,15.0,30.0,0.0,11.8,11.8,41.2,486.16,0,0,0,0.0,171,0,HIGH
MED-003,Tablet,Antibiotic (Beta-lactamase inhibitor),45.9,69.4,15.0,25.0,0.0,20.9,20.9,17.3,361.57,0,0,0,0.0,79,0,HIGH
MED-022,Tablet,Antiplatelet / Hematologic,29.7,72.3,15.0,30.0,0.0,0.0,0.0,3.9,0.0,0,0,0,0.0,720,0,LOW
MED-018,Capsule,Antibiotic (Tetracycline),27.6,35.7,20.0,25.0,0.0,2.6,2.6,21.3,55.38,0,0,0,0.0,10,1,HIGH
MED-010,Tablet,Antihistamine,28.4,51.9,20.0,25.0,0.0,3.4,3.4,4.2,14.28,0,0,0,0.0,352,0,LOW
MED-013,Tablet,Endocrine (Thyroid Hormone),34.9,42.4,15.0,30.0,0.0,4.9,4.9,3.8,18.62,0,0,0,0.0,242,0,LOW
MED-002,Capsule,Antibiotic (Penicillin),21.8,45.4,20.0,25.0,0.0,0.0,0.0,21.0,0.0,0,0,0,0.0,495,0,LOW
MED-020,Tablet,Antidepressant (SSRI),27.2,36.9,20.0,25.0,0.0,2.2,2.2,14.6,32.12,0,0,0,0.0,398,0,MODERATE
MED-015,Subcutaneous Injection,Endocrine (Hormone),13.0,23.4,2.0,8.0,0.0,5.0,5.0,3.5,17.5,1,1,0,0.0,464,0,MODERATE
MED-016,Inhalation Aerosol,Respiratory (Bronchodilator),29.1,22.5,15.0,25.0,0.0,4.1,4.1,2.0,8.2,0,1,0,0.0,91,0,LOW
MED-019,Delayed-Release Tablet,Gastrointestinal (PPI),21.8,40.7,20.0,25.0,0.0,0.0,0.0,3.1,0.0,0,0,0,0.0,593,0,LOW
MED-003,Tablet,Antibiotic (Beta-lactamase inhibitor),37.6,67.2,15.0,25.0,0.0,12.6,12.6,45.9,578.34,0,0,0,0.0,346,0,HIGH
MED-013,Tablet,Endocrine (Thyroid Hormone),43.7,53.6,15.0,30.0,0.0,13.7,13.7,70.9,971.33,0,0,0,0.0,85,0,HIGH
MED-020,Tablet,Antidepressant (SSRI),21.5,48.0,20.0,25.0,0.0,0.0,0.0,2.0,0.0,0,0,0,0.0,573,0,LOW
MED-017,Nasal Spray Suspension,Corticosteroid / Allergy,47.5,46.1,4.0,30.0,0.0,17.5,17.5,64.9,1135.75,0,1,0,0.0,359,0,HIGH
MED-014,Subcutaneous Injection,Endocrine (Hormone),-1.6,59.6,2.0,8.0,3.6,0.0,3.6,26.0,93.6,1,1,0,0.0,245,0,HIGH
MED-015,Subcutaneous Injection,Endocrine (Hormone),2.3,33.8,2.0,8.0,0.0,0.0,0.0,1.5,0.0,1,1,0,0.0,216,0,LOW
MED-024,Tablet,Corticosteroid / Anti-inflammatory,21.4,77.4,20.0,25.0,0.0,0.0,0.0,7.0,0.0,0,0,0,0.0,433,0,LOW
MED-012,Tablet,Antihypertensive (CCB),32.8,76.7,15.0,30.0,0.0,2.8,2.8,6.6,18.48,0,0,0,0.0,445,0,LOW
MED-006,Delayed-Release Capsule,Gastrointestinal (PPI),34.5,36.9,15.0,30.0,0.0,4.5,4.5,15.8,71.1,0,0,0,0.0,404,0,MODERATE
MED-001,Tablet,Analgesic / Antipyretic,23.8,21.2,20.0,25.0,0.0,0.0,0.0,2.1,0.0,0,0,0,0.0,359,0,LOW
MED-008,Tablet,Antibiotic (Fluoroquinolone),27.1,67.5,20.0,25.0,0.0,2.1,2.1,4.5,9.45,0,0,0,0.0,36,1,LOW
MED-003,Tablet,Antibiotic (Beta-lactamase inhibitor),26.5,76.1,15.0,25.0,0.0,1.5,1.5,5.0,7.5,0,0,0,0.0,268,0,LOW
MED-022,Tablet,Antiplatelet / Hematologic,33.4,35.5,15.0,30.0,0.0,3.4,3.4,9.1,30.94,0,0,0,0.0,539,0,MODERATE
MED-018,Capsule,Antibiotic (Tetracycline),18.7,35.6,20.0,25.0,1.3,0.0,1.3,20.3,26.39,0,0,0,0.0,43,1,MODERATE
MED-008,Tablet,Antibiotic (Fluoroquinolone),22.2,28.7,20.0,25.0,0.0,0.0,0.0,3.4,0.0,0,0,0,0.0,686,0,LOW
MED-021,Tablet,Respiratory (Leukotriene Antagonist),35.5,55.9,15.0,30.0,0.0,5.5,5.5,11.2,61.6,0,0,0,0.0,328,0,MODERATE
MED-010,Tablet,Antihistamine,21.1,50.6,20.0,25.0,0.0,0.0,0.0,2.4,0.0,0,0,0,0.0,117,0,LOW
MED-003,Tablet,Antibiotic (Beta-lactamase inhibitor),34.4,55.7,15.0,25.0,0.0,9.4,9.4,24.7,232.18,0,0,0,0.0,178,0,HIGH
MED-014,Subcutaneous Injection,Endocrine (Hormone),-0.2,58.6,2.0,8.0,2.2,0.0,2.2,14.2,31.24,1,1,0,0.0,518,0,HIGH
MED-008,Tablet,Antibiotic (Fluoroquinolone),28.9,45.5,20.0,25.0,0.0,3.9,3.9,13.5,52.65,0,0,0,0.0,466,0,MODERATE
MED-002,Capsule,Antibiotic (Penicillin),21.5,35.4,20.0,25.0,0.0,0.0,0.0,2.2,0.0,0,0,0,0.0,348,0,LOW
MED-006,Delayed-Release Capsule,Gastrointestinal (PPI),45.9,41.2,15.0,30.0,0.0,15.9,15.9,39.3,624.87,0,0,0,0.0,121,0,HIGH
MED-015,Subcutaneous Injection,Endocrine (Hormone),12.6,35.6,2.0,8.0,0.0,4.6,4.6,3.5,16.1,1,1,0,0.0,339,0,MODERATE
MED-008,Tablet,Antibiotic (Fluoroquinolone),-0.7,57.5,20.0,25.0,20.7,0.0,20.7,25.2,521.64,0,0,0,0.0,264,0,HIGH
MED-003,Tablet,Antibiotic (Beta-lactamase inhibitor),42.6,80.2,15.0,25.0,0.0,17.6,17.6,18.7,329.12,0,0,0,0.0,16,1,HIGH
MED-004,Tablet,Antidiabetic (Biguanide),28.6,30.9,20.0,25.0,0.0,3.6,3.6,10.1,36.36,0,0,0,0.0,436,0,MODERATE
MED-018,Capsule,Antibiotic (Tetracycline),20.9,84.2,20.0,25.0,0.0,0.0,0.0,1.9,0.0,0,0,0,0.0,729,0,LOW
MED-003,Tablet,Antibiotic (Beta-lactamase inhibitor),25.7,47.9,15.0,25.0,0.0,0.7,0.7,4.4,3.08,0,0,0,0.0,473,0,LOW
MED-020,Tablet,Antidepressant (SSRI),27.4,35.4,20.0,25.0,0.0,2.4,2.4,22.0,52.8,0,0,0,0.0,422,0,MODERATE
MED-022,Tablet,Antiplatelet / Hematologic,26.2,65.5,15.0,30.0,0.0,0.0,0.0,1.8,0.0,0,0,0,0.0,151,0,LOW
MED-022,Tablet,Antiplatelet / Hematologic,38.7,79.4,15.0,30.0,0.0,8.7,8.7,61.3,533.31,0,0,0,0.0,267,0,HIGH
MED-013,Tablet,Endocrine (Thyroid Hormone),29.6,52.3,15.0,30.0,0.0,0.0,0.0,2.0,0.0,0,0,0,0.0,377,0,LOW
MED-017,Nasal Spray Suspension,Corticosteroid / Allergy,21.2,60.2,4.0,30.0,0.0,0.0,0.0,3.5,0.0,0,1,0,0.0,68,0,LOW
MED-025,Tablet,Diuretic / Antihypertensive,32.0,54.0,15.0,30.0,0.0,2.0,2.0,10.3,20.6,0,0,0,0.0,413,0,MODERATE
MED-022,Tablet,Antiplatelet / Hematologic,15.5,70.6,15.0,30.0,0.0,0.0,0.0,0.3,0.0,0,0,0,0.0,478,0,LOW
MED-015,Subcutaneous Injection,Endocrine (Hormone),2.6,20.4,2.0,8.0,0.0,0.0,0.0,15.2,0.0,1,1,0,0.0,235,0,LOW
MED-018,Capsule,Antibiotic (Tetracycline),34.9,33.5,20.0,25.0,0.0,9.9,9.9,48.1,476.19,0,0,0,0.0,121,0,HIGH
MED-004,Tablet,Antidiabetic (Biguanide),43.8,35.6,20.0,25.0,0.0,18.8,18.8,26.2,492.56,0,0,0,0.0,177,0,HIGH
MED-021,Tablet,Respiratory (Leukotriene Antagonist),-2.8,34.4,15.0,30.0,17.8,0.0,17.8,53.4,950.52,0,0,0,0.0,167,0,HIGH
MED-007,Tablet,Antibiotic (Macrolide),41.6,60.7,15.0,30.0,0.0,11.6,11.6,11.5,133.4,0,0,0,0.0,308,0,HIGH
MED-023,Capsule,Anticonvulsant / Neuropathic,31.1,28.7,15.0,30.0,0.0,1.1,1.1,6.6,7.26,0,0,0,0.0,116,0,LOW
MED-017,Nasal Spray Suspension,Corticosteroid / Allergy,0.8,57.3,4.0,30.0,3.2,0.0,3.2,23.5,75.2,0,1,0,0.0,308,0,MODERATE
MED-023,Capsule,Anticonvulsant / Neuropathic,16.3,35.8,15.0,30.0,0.0,0.0,0.0,3.4,0.0,0,0,0,0.0,400,0,LOW
MED-004,Tablet,Antidiabetic (Biguanide),44.4,70.8,20.0,25.0,0.0,19.4,19.4,24.8,481.12,0,0,0,0.0,347,0,HIGH
MED-004,Tablet,Antidiabetic (Biguanide),24.5,44.5,20.0,25.0,0.0,0.0,0.0,30.5,0.0,0,0,0,0.0,395,0,LOW
MED-019,Delayed-Release Tablet,Gastrointestinal (PPI),47.1,66.5,20.0,25.0,0.0,22.1,22.1,12.3,271.83,0,0,0,0.0,125,0,HIGH
MED-001,Tablet,Analgesic / Antipyretic,30.1,55.1,20.0,25.0,0.0,5.1,5.1,15.6,79.56,0,0,0,0.0,362,0,MODERATE
MED-016,Inhalation Aerosol,Respiratory (Bronchodilator),20.2,66.8,15.0,25.0,0.0,0.0,0.0,3.1,0.0,0,1,0,0.0,385,0,LOW
MED-016,Inhalation Aerosol,Respiratory (Bronchodilator),15.0,81.2,15.0,25.0,0.0,0.0,0.0,18.6,0.0,0,1,0,0.0,343,0,LOW
MED-005,Tablet,Antihyperlipidemic (Statin),16.2,39.3,20.0,25.0,3.8,0.0,3.8,15.3,58.14,0,0,0,0.0,428,0,MODERATE
MED-007,Tablet,Antibiotic (Macrolide),33.2,47.5,15.0,30.0,0.0,3.2,3.2,16.1,51.52,0,0,0,0.0,384,0,MODERATE
MED-022,Tablet,Antiplatelet / Hematologic,34.7,43.4,15.0,30.0,0.0,4.7,4.7,4.1,19.27,0,0,0,0.0,297,0,LOW
MED-020,Tablet,Antidepressant (SSRI),24.7,55.8,20.0,25.0,0.0,0.0,0.0,3.6,0.0,0,0,0,0.0,483,0,LOW
MED-023,Capsule,Anticonvulsant / Neuropathic,21.4,36.9,15.0,30.0,0.0,0.0,0.0,3.4,0.0,0,0,0,0.0,324,0,LOW
MED-020,Tablet,Antidepressant (SSRI),26.9,71.7,20.0,25.0,0.0,1.9,1.9,32.9,62.51,0,0,0,0.0,30,1,HIGH
MED-024,Tablet,Corticosteroid / Anti-inflammatory,22.0,68.5,20.0,25.0,0.0,0.0,0.0,3.3,0.0,0,0,0,0.0,52,1,LOW
MED-007,Tablet,Antibiotic (Macrolide),33.8,61.7,15.0,30.0,0.0,3.8,3.8,7.7,29.26,0,0,0,0.0,238,0,MODERATE
MED-018,Capsule,Antibiotic (Tetracycline),28.4,27.4,20.0,25.0,0.0,3.4,3.4,14.2,48.28,0,0,0,0.0,233,0,MODERATE
MED-022,Tablet,Antiplatelet / Hematologic,35.3,57.7,15.0,30.0,0.0,5.3,5.3,4.4,23.32,0,0,0,0.0,460,0,MODERATE
MED-008,Tablet,Antibiotic (Fluoroquinolone),26.3,27.8,20.0,25.0,0.0,1.3,1.3,32.0,41.6,0,0,0,0.0,322,0,MODERATE
MED-018,Capsule,Antibiotic (Tetracycline),23.7,72.9,20.0,25.0,0.0,0.0,0.0,12.6,0.0,0,0,0,0.0,54,1,LOW
MED-016,Inhalation Aerosol,Respiratory (Bronchodilator),30.1,50.8,15.0,25.0,0.0,5.1,5.1,11.1,56.61,0,1,0,0.0,112,0,MODERATE
MED-010,Tablet,Antihistamine,22.8,45.9,20.0,25.0,0.0,0.0,0.0,2.3,0.0,0,0,0,0.0,286,0,LOW
MED-015,Subcutaneous Injection,Endocrine (Hormone),-0.3,36.3,2.0,8.0,2.3,0.0,2.3,4.0,9.2,1,1,0,0.0,169,0,HIGH
MED-014,Subcutaneous Injection,Endocrine (Hormone),33.6,63.6,2.0,8.0,0.0,25.6,25.6,16.2,414.72,1,1,0,0.0,145,0,HIGH
MED-021,Tablet,Respiratory (Leukotriene Antagonist),32.0,62.0,15.0,30.0,0.0,2.0,2.0,12.1,24.2,0,0,0,0.0,390,0,MODERATE
MED-014,Subcutaneous Injection,Endocrine (Hormone),10.0,84.9,2.0,8.0,0.0,2.0,2.0,9.7,19.4,1,1,0,0.0,465,0,MODERATE
MED-021,Tablet,Respiratory (Leukotriene Antagonist),32.1,41.7,15.0,30.0,0.0,2.1,2.1,9.0,18.9,0,0,0,0.0,201,0,LOW
MED-017,Nasal Spray Suspension,Corticosteroid / Allergy,34.3,48.8,4.0,30.0,0.0,4.3,4.3,17.1,73.53,0,1,0,0.0,421,0,MODERATE
MED-013,Tablet,Endocrine (Thyroid Hormone),1.1,26.3,15.0,30.0,13.9,0.0,13.9,62.4,867.36,0,0,0,0.0,280,0,HIGH
MED-024,Tablet,Corticosteroid / Anti-inflammatory,-3.5,44.6,20.0,25.0,23.5,0.0,23.5,30.6,719.1,0,0,0,0.0,314,0,HIGH
MED-016,Inhalation Aerosol,Respiratory (Bronchodilator),19.1,59.0,15.0,25.0,0.0,0.0,0.0,0.3,0.0,0,1,0,0.0,494,0,LOW
MED-015,Subcutaneous Injection,Endocrine (Hormone),13.6,28.6,2.0,8.0,0.0,5.6,5.6,11.6,64.96,1,1,0,0.0,430,0,HIGH
MED-010,Tablet,Antihistamine,28.7,33.1,20.0,25.0,0.0,3.7,3.7,17.5,64.75,0,0,0,0.0,161,0,MODERATE
MED-004,Tablet,Antidiabetic (Biguanide),27.6,26.9,20.0,25.0,0.0,2.6,2.6,16.9,43.94,0,0,0,0.0,216,0,MODERATE
MED-018,Capsule,Antibiotic (Tetracycline),31.6,46.3,20.0,25.0,0.0,6.6,6.6,27.6,182.16,0,0,0,0.0,271,0,HIGH
MED-023,Capsule,Anticonvulsant / Neuropathic,46.4,53.7,15.0,30.0,0.0,16.4,16.4,32.1,526.44,0,0,0,0.0,254,0,HIGH
MED-016,Inhalation Aerosol,Respiratory (Bronchodilator),13.9,52.2,15.0,25.0,1.1,0.0,1.1,11.7,12.87,0,1,0,0.0,419,0,LOW
MED-019,Delayed-Release Tablet,Gastrointestinal (PPI),28.7,48.1,20.0,25.0,0.0,3.7,3.7,18.1,66.97,0,0,0,0.0,286,0,MODERATE
MED-013,Tablet,Endocrine (Thyroid Hormone),40.8,69.6,15.0,30.0,0.0,10.8,10.8,16.7,180.36,0,0,0,0.0,284,0,HIGH
MED-013,Tablet,Endocrine (Thyroid Hormone),31.7,39.3,15.0,30.0,0.0,1.7,1.7,28.2,47.94,0,0,0,0.0,223,0,MODERATE
MED-024,Tablet,Corticosteroid / Anti-inflammatory,28.9,28.1,20.0,25.0,0.0,3.9,3.9,26.2,102.18,0,0,0,0.0,141,0,MODERATE
MED-017,Nasal Spray Suspension,Corticosteroid / Allergy,0.2,33.7,4.0,30.0,3.8,0.0,3.8,20.0,76.0,0,1,0,0.0,409,0,MODERATE
MED-020,Tablet,Antidepressant (SSRI),43.0,59.7,20.0,25.0,0.0,18.0,18.0,37.5,675.0,0,0,0,0.0,37,1,HIGH
MED-023,Capsule,Anticonvulsant / Neuropathic,35.6,62.1,15.0,30.0,0.0,5.6,5.6,10.4,58.24,0,0,0,0.0,94,0,MODERATE
MED-020,Tablet,Antidepressant (SSRI),26.5,72.0,20.0,25.0,0.0,1.5,1.5,10.9,16.35,0,0,0,0.0,370,0,LOW
MED-014,Subcutaneous Injection,Endocrine (Hormone),6.5,59.2,2.0,8.0,0.0,0.0,0.0,2.2,0.0,1,1,0,0.0,581,0,LOW
MED-005,Tablet,Antihyperlipidemic (Statin),29.8,80.0,20.0,25.0,0.0,4.8,4.8,12.5,60.0,0,0,0,0.0,157,0,MODERATE
MED-004,Tablet,Antidiabetic (Biguanide),42.1,30.0,20.0,25.0,0.0,17.1,17.1,44.5,760.95,0,0,0,0.0,355,0,HIGH
MED-004,Tablet,Antidiabetic (Biguanide),20.0,41.3,20.0,25.0,0.0,0.0,0.0,2.0,0.0,0,0,0,0.0,524,0,LOW
MED-018,Capsule,Antibiotic (Tetracycline),26.9,39.8,20.0,25.0,0.0,1.9,1.9,15.3,29.07,0,0,0,0.0,318,0,MODERATE
MED-022,Tablet,Antiplatelet / Hematologic,33.8,60.2,15.0,30.0,0.0,3.8,3.8,9.8,37.24,0,0,0,0.0,396,0,MODERATE
MED-023,Capsule,Anticonvulsant / Neuropathic,31.3,83.9,15.0,30.0,0.0,1.3,1.3,13.7,17.81,0,0,0,0.0,55,1,MODERATE
MED-013,Tablet,Endocrine (Thyroid Hormone),31.2,55.5,15.0,30.0,0.0,1.2,1.2,12.9,15.48,0,0,0,0.0,181,0,LOW
MED-021,Tablet,Respiratory (Leukotriene Antagonist),13.7,63.9,15.0,30.0,1.3,0.0,1.3,15.2,19.76,0,0,0,0.0,105,0,LOW
MED-016,Inhalation Aerosol,Respiratory (Bronchodilator),24.0,33.2,15.0,25.0,0.0,0.0,0.0,4.2,0.0,0,1,0,0.0,319,0,LOW
MED-019,Delayed-Release Tablet,Gastrointestinal (PPI),29.6,77.3,20.0,25.0,0.0,4.6,4.6,6.6,30.36,0,0,0,0.0,35,1,MODERATE
MED-018,Capsule,Antibiotic (Tetracycline),17.0,60.5,20.0,25.0,3.0,0.0,3.0,19.0,57.0,0,0,0,0.0,583,0,MODERATE
MED-020,Tablet,Antidepressant (SSRI),15.2,35.8,20.0,25.0,4.8,0.0,4.8,3.2,15.36,0,0,0,0.0,330,0,LOW
MED-015,Subcutaneous Injection,Endocrine (Hormone),1.7,39.1,2.0,8.0,0.3,0.0,0.3,21.6,6.48,1,1,0,0.0,564,0,MODERATE
MED-023,Capsule,Anticonvulsant / Neuropathic,31.7,56.9,15.0,30.0,0.0,1.7,1.7,6.7,11.39,0,0,0,0.0,360,0,LOW
MED-008,Tablet,Antibiotic (Fluoroquinolone),23.5,52.0,20.0,25.0,0.0,0.0,0.0,5.0,0.0,0,0,0,0.0,441,0,LOW
MED-005,Tablet,Antihyperlipidemic (Statin),26.6,44.6,20.0,25.0,0.0,1.6,1.6,14.0,22.4,0,0,0,0.0,492,0,MODERATE
MED-020,Tablet,Antidepressant (SSRI),23.4,62.8,20.0,25.0,0.0,0.0,0.0,2.9,0.0,0,0,0,0.0,286,0,LOW
MED-017,Nasal Spray Suspension,Corticosteroid / Allergy,30.7,72.4,4.0,30.0,0.0,0.7,0.7,7.7,5.39,0,1,0,0.0,202,0,LOW
MED-021,Tablet,Respiratory (Leukotriene Antagonist),46.6,30.5,15.0,30.0,0.0,16.6,16.6,62.4,1035.84,0,0,0,0.0,204,0,HIGH
MED-023,Capsule,Anticonvulsant / Neuropathic,31.0,31.3,15.0,30.0,0.0,1.0,1.0,9.7,9.7,0,0,0,0.0,398,0,LOW
MED-019,Delayed-Release Tablet,Gastrointestinal (PPI),32.5,32.6,20.0,25.0,0.0,7.5,7.5,2.1,15.75,0,0,0,0.0,400,0,MODERATE
MED-013,Tablet,Endocrine (Thyroid Hormone),18.4,28.5,15.0,30.0,0.0,0.0,0.0,2.9,0.0,0,0,0,0.0,49,1,LOW
MED-011,Tablet,Antihypertensive (ARB),42.2,51.3,15.0,30.0,0.0,12.2,12.2,29.8,363.56,0,0,0,0.0,358,0,HIGH
MED-023,Capsule,Anticonvulsant / Neuropathic,11.0,66.3,15.0,30.0,4.0,0.0,4.0,4.7,18.8,0,0,0,0.0,166,0,LOW
MED-023,Capsule,Anticonvulsant / Neuropathic,11.3,46.3,15.0,30.0,3.7,0.0,3.7,23.0,85.1,0,0,0,0.0,198,0,MODERATE
MED-006,Delayed-Release Capsule,Gastrointestinal (PPI),27.7,76.5,15.0,30.0,0.0,0.0,0.0,3.4,0.0,0,0,0,0.0,547,0,LOW
MED-002,Capsule,Antibiotic (Penicillin),29.9,35.8,20.0,25.0,0.0,4.9,4.9,30.2,147.98,0,0,0,0.0,327,0,HIGH
MED-016,Inhalation Aerosol,Respiratory (Bronchodilator),13.5,59.7,15.0,25.0,1.5,0.0,1.5,22.1,33.15,0,1,0,0.0,191,0,MODERATE
MED-009,Tablet,Analgesic / NSAID,23.4,76.8,20.0,25.0,0.0,0.0,0.0,2.4,0.0,0,0,0,0.0,416,0,LOW
MED-006,Delayed-Release Capsule,Gastrointestinal (PPI),33.0,22.7,15.0,30.0,0.0,3.0,3.0,14.6,43.8,0,0,0,0.0,68,0,MODERATE
MED-014,Subcutaneous Injection,Endocrine (Hormone),2.3,77.6,2.0,8.0,0.0,0.0,0.0,18.0,0.0,1,1,0,0.0,19,1,LOW
MED-006,Delayed-Release Capsule,Gastrointestinal (PPI),28.8,51.8,15.0,30.0,0.0,0.0,0.0,4.8,0.0,0,0,0,0.0,396,0,LOW
MED-024,Tablet,Corticosteroid / Anti-inflammatory,-0.6,32.9,20.0,25.0,20.6,0.0,20.6,25.6,527.36,0,0,0,0.0,141,0,HIGH
MED-015,Subcutaneous Injection,Endocrine (Hormone),13.1,39.3,2.0,8.0,0.0,5.1,5.1,6.0,30.6,1,1,0,0.0,192,0,MODERATE
MED-023,Capsule,Anticonvulsant / Neuropathic,47.7,28.4,15.0,30.0,0.0,17.7,17.7,56.1,992.97,0,0,0,0.0,273,0,HIGH
MED-025,Tablet,Diuretic / Antihypertensive,13.5,43.5,15.0,30.0,1.5,0.0,1.5,3.3,4.95,0,0,0,0.0,586,0,LOW
MED-006,Delayed-Release Capsule,Gastrointestinal (PPI),15.1,36.8,15.0,30.0,0.0,0.0,0.0,13.8,0.0,0,0,0,0.0,246,0,LOW
MED-012,Tablet,Antihypertensive (CCB),41.5,74.7,15.0,30.0,0.0,11.5,11.5,11.1,127.65,0,0,0,0.0,85,0,HIGH
MED-004,Tablet,Antidiabetic (Biguanide),21.6,28.9,20.0,25.0,0.0,0.0,0.0,3.5,0.0,0,0,0,0.0,135,0,LOW
MED-014,Subcutaneous Injection,Endocrine (Hormone),7.9,46.4,2.0,8.0,0.0,0.0,0.0,28.8,0.0,1,1,0,0.0,186,0,LOW
MED-025,Tablet,Diuretic / Antihypertensive,33.7,74.2,15.0,30.0,0.0,3.7,3.7,26.7,98.79,0,0,0,0.0,523,0,MODERATE
MED-019,Delayed-Release Tablet,Gastrointestinal (PPI),0.7,30.5,20.0,25.0,19.3,0.0,19.3,36.2,698.66,0,0,0,0.0,229,0,HIGH
MED-004,Tablet,Antidiabetic (Biguanide),32.1,72.7,20.0,25.0,0.0,7.1,7.1,11.5,81.65,0,0,0,0.0,327,0,MODERATE
MED-022,Tablet,Antiplatelet / Hematologic,31.1,20.5,15.0,30.0,0.0,1.1,1.1,5.0,5.5,0,0,0,0.0,411,0,LOW
MED-011,Tablet,Antihypertensive (ARB),32.0,69.4,15.0,30.0,0.0,2.0,2.0,12.3,24.6,0,0,0,0.0,83,0,MODERATE
MED-013,Tablet,Endocrine (Thyroid Hormone),14.9,80.7,15.0,30.0,0.1,0.0,0.1,4.9,0.49,0,0,0,0.0,469,0,LOW
MED-012,Tablet,Antihypertensive (CCB),10.5,44.7,15.0,30.0,4.5,0.0,4.5,5.9,26.55,0,0,0,0.0,21,1,MODERATE
MED-011,Tablet,Antihypertensive (ARB),39.5,52.4,15.0,30.0,0.0,9.5,9.5,62.7,595.65,0,0,0,0.0,182,0,HIGH
MED-019,Delayed-Release Tablet,Gastrointestinal (PPI),16.1,70.8,20.0,25.0,3.9,0.0,3.9,9.5,37.05,0,0,0,0.0,230,0,MODERATE
MED-005,Tablet,Antihyperlipidemic (Statin),-4.1,32.8,20.0,25.0,24.1,0.0,24.1,20.0,482.0,0,0,0,0.0,66,0,HIGH
MED-011,Tablet,Antihypertensive (ARB),38.4,56.2,15.0,30.0,0.0,8.4,8.4,24.3,204.12,0,0,0,0.0,100,0,HIGH
MED-020,Tablet,Antidepressant (SSRI),18.0,60.3,20.0,25.0,2.0,0.0,2.0,14.6,29.2,0,0,0,0.0,528,0,MODERATE
MED-012,Tablet,Antihypertensive (CCB),35.0,42.6,15.0,30.0,0.0,5.0,5.0,33.8,169.0,0,0,0,0.0,114,0,HIGH
MED-006,Delayed-Release Capsule,Gastrointestinal (PPI),14.8,42.2,15.0,30.0,0.2,0.0,0.2,10.5,2.1,0,0,0,0.0,35,1,LOW
MED-014,Subcutaneous Injection,Endocrine (Hormone),8.0,76.5,2.0,8.0,0.0,0.0,0.0,1.5,0.0,1,1,0,0.0,413,0,LOW
MED-016,Inhalation Aerosol,Respiratory (Bronchodilator),14.4,45.7,15.0,25.0,0.6,0.0,0.6,13.9,8.34,0,1,0,0.0,280,0,LOW
MED-025,Tablet,Diuretic / Antihypertensive,30.2,36.4,15.0,30.0,0.0,0.2,0.2,30.0,6.0,0,0,0,0.0,584,0,LOW
MED-023,Capsule,Anticonvulsant / Neuropathic,28.4,73.9,15.0,30.0,0.0,0.0,0.0,14.9,0.0,0,0,0,0.0,108,0,LOW
MED-013,Tablet,Endocrine (Thyroid Hormone),42.5,48.6,15.0,30.0,0.0,12.5,12.5,24.8,310.0,0,0,0,0.0,236,0,HIGH
MED-010,Tablet,Antihistamine,25.6,41.3,20.0,25.0,0.0,0.6,0.6,34.6,20.76,0,0,0,0.0,77,0,MODERATE
MED-025,Tablet,Diuretic / Antihypertensive,37.1,35.6,15.0,30.0,0.0,7.1,7.1,13.6,96.56,0,0,0,0.0,191,0,MODERATE
MED-009,Tablet,Analgesic / NSAID,25.2,80.9,20.0,25.0,0.0,0.2,0.2,31.0,6.2,0,0,0,0.0,37,1,LOW
MED-005,Tablet,Antihyperlipidemic (Statin),16.6,61.4,20.0,25.0,3.4,0.0,3.4,22.0,74.8,0,0,0,0.0,488,0,MODERATE
MED-022,Tablet,Antiplatelet / Hematologic,34.0,44.2,15.0,30.0,0.0,4.0,4.0,27.2,108.8,0,0,0,0.0,177,0,MODERATE
MED-001,Tablet,Analgesic / Antipyretic,17.8,33.9,20.0,25.0,2.2,0.0,2.2,20.4,44.88,0,0,0,0.0,403,0,MODERATE
MED-006,Delayed-Release Capsule,Gastrointestinal (PPI),45.0,26.4,15.0,30.0,0.0,15.0,15.0,66.3,994.5,0,0,0,0.0,265,0,HIGH
MED-007,Tablet,Antibiotic (Macrolide),33.2,62.1,15.0,30.0,0.0,3.2,3.2,13.7,43.84,0,0,0,0.0,306,0,MODERATE
MED-023,Capsule,Anticonvulsant / Neuropathic,33.6,26.8,15.0,30.0,0.0,3.6,3.6,4.5,16.2,0,0,0,0.0,435,0,LOW
MED-022,Tablet,Antiplatelet / Hematologic,18.4,74.9,15.0,30.0,0.0,0.0,0.0,0.4,0.0,0,0,0,0.0,523,0,LOW
MED-001,Tablet,Analgesic / Antipyretic,38.6,80.3,20.0,25.0,0.0,13.6,13.6,42.3,575.28,0,0,0,0.0,105,0,HIGH
MED-007,Tablet,Antibiotic (Macrolide),28.8,30.8,15.0,30.0,0.0,0.0,0.0,22.9,0.0,0,0,0,0.0,180,0,LOW
MED-009,Tablet,Analgesic / NSAID,21.0,26.5,20.0,25.0,0.0,0.0,0.0,19.5,0.0,0,0,0,0.0,260,0,LOW
MED-012,Tablet,Antihypertensive (CCB),45.2,60.9,15.0,30.0,0.0,15.2,15.2,43.2,656.64,0,0,0,0.0,77,0,HIGH
MED-014,Subcutaneous Injection,Endocrine (Hormone),-1.8,82.0,2.0,8.0,3.8,0.0,3.8,2.1,7.98,1,1,0,0.0,329,0,HIGH
MED-024,Tablet,Corticosteroid / Anti-inflammatory,36.0,81.8,20.0,25.0,0.0,11.0,11.0,64.1,705.1,0,0,0,0.0,259,0,HIGH
MED-001,Tablet,Analgesic / Antipyretic,30.2,73.0,20.0,25.0,0.0,5.2,5.2,7.1,36.92,0,0,0,0.0,290,0,MODERATE
MED-002,Capsule,Antibiotic (Penicillin),29.1,69.6,20.0,25.0,0.0,4.1,4.1,21.0,86.1,0,0,0,0.0,170,0,MODERATE
MED-012,Tablet,Antihypertensive (CCB),33.9,29.0,15.0,30.0,0.0,3.9,3.9,10.9,42.51,0,0,0,0.0,197,0,MODERATE
MED-015,Subcutaneous Injection,Endocrine (Hormone),19.4,54.4,2.0,8.0,0.0,11.4,11.4,14.8,168.72,1,1,0,0.0,17,1,HIGH
MED-024,Tablet,Corticosteroid / Anti-inflammatory,30.6,26.6,20.0,25.0,0.0,5.6,5.6,10.0,56.0,0,0,0,0.0,180,0,MODERATE
MED-003,Tablet,Antibiotic (Beta-lactamase inhibitor),23.4,40.4,15.0,25.0,0.0,0.0,0.0,6.4,0.0,0,0,0,0.0,330,0,LOW
MED-022,Tablet,Antiplatelet / Hematologic,26.4,80.3,15.0,30.0,0.0,0.0,0.0,0.3,0.0,0,0,0,0.0,237,0,LOW
MED-003,Tablet,Antibiotic (Beta-lactamase inhibitor),46.4,29.0,15.0,25.0,0.0,21.4,21.4,27.5,588.5,0,0,0,0.0,284,0,HIGH
MED-010,Tablet,Antihistamine,27.5,77.8,20.0,25.0,0.0,2.5,2.5,15.1,37.75,0,0,0,0.0,368,0,MODERATE
MED-011,Tablet,Antihypertensive (ARB),14.2,39.7,15.0,30.0,0.8,0.0,0.8,13.8,11.04,0,0,0,0.0,515,0,LOW
MED-022,Tablet,Antiplatelet / Hematologic,41.9,24.1,15.0,30.0,0.0,11.9,11.9,64.7,769.93,0,0,0,0.0,268,0,HIGH
MED-003,Tablet,Antibiotic (Beta-lactamase inhibitor),25.2,40.0,15.0,25.0,0.0,0.2,0.2,6.5,1.3,0,0,0,0.0,308,0,LOW
MED-007,Tablet,Antibiotic (Macrolide),18.6,43.5,15.0,30.0,0.0,0.0,0.0,2.0,0.0,0,0,0,0.0,172,0,LOW
MED-007,Tablet,Antibiotic (Macrolide),17.8,66.6,15.0,30.0,0.0,0.0,0.0,1.4,0.0,0,0,0,0.0,183,0,LOW
MED-001,Tablet,Analgesic / Antipyretic,30.6,64.3,20.0,25.0,0.0,5.6,5.6,4.4,24.64,0,0,0,0.0,270,0,MODERATE
MED-010,Tablet,Antihistamine,-2.6,25.9,20.0,25.0,22.6,0.0,22.6,21.0,474.6,0,0,0,0.0,162,0,HIGH
MED-016,Inhalation Aerosol,Respiratory (Bronchodilator),30.9,61.4,15.0,25.0,0.0,5.9,5.9,11.6,68.44,0,1,0,0.0,370,0,MODERATE
MED-018,Capsule,Antibiotic (Tetracycline),27.6,26.9,20.0,25.0,0.0,2.6,2.6,15.3,39.78,0,0,0,0.0,274,0,MODERATE
MED-021,Tablet,Respiratory (Leukotriene Antagonist),34.6,51.4,15.0,30.0,0.0,4.6,4.6,21.5,98.9,0,0,0,0.0,170,0,MODERATE
MED-002,Capsule,Antibiotic (Penicillin),20.7,80.6,20.0,25.0,0.0,0.0,0.0,19.7,0.0,0,0,0,0.0,375,0,LOW
MED-023,Capsule,Anticonvulsant / Neuropathic,46.3,67.6,15.0,30.0,0.0,16.3,16.3,61.4,1000.82,0,0,0,0.0,321,0,HIGH
MED-006,Delayed-Release Capsule,Gastrointestinal (PPI),35.5,41.5,15.0,30.0,0.0,5.5,5.5,7.6,41.8,0,0,0,0.0,150,0,MODERATE
MED-017,Nasal Spray Suspension,Corticosteroid / Allergy,45.1,80.1,4.0,30.0,0.0,15.1,15.1,28.1,424.31,0,1,0,0.0,349,0,HIGH
MED-011,Tablet,Antihypertensive (ARB),28.9,70.4,15.0,30.0,0.0,0.0,0.0,14.6,0.0,0,0,0,0.0,249,0,LOW
MED-002,Capsule,Antibiotic (Penicillin),28.3,43.3,20.0,25.0,0.0,3.3,3.3,33.8,111.54,0,0,0,0.0,319,0,MODERATE
MED-017,Nasal Spray Suspension,Corticosteroid / Allergy,4.9,26.4,4.0,30.0,0.0,0.0,0.0,19.0,0.0,0,1,0,0.0,406,0,LOW
MED-016,Inhalation Aerosol,Respiratory (Bronchodilator),30.1,62.8,15.0,25.0,0.0,5.1,5.1,4.6,23.46,0,1,0,0.0,558,0,MODERATE
MED-006,Delayed-Release Capsule,Gastrointestinal (PPI),34.5,61.7,15.0,30.0,0.0,4.5,4.5,16.6,74.7,0,0,0,0.0,364,0,MODERATE
MED-018,Capsule,Antibiotic (Tetracycline),29.5,77.9,20.0,25.0,0.0,4.5,4.5,34.0,153.0,0,0,0,0.0,83,0,HIGH
MED-011,Tablet,Antihypertensive (ARB),12.2,64.9,15.0,30.0,2.8,0.0,2.8,3.8,10.64,0,0,0,0.0,74,0,LOW
MED-002,Capsule,Antibiotic (Penicillin),26.3,34.0,20.0,25.0,0.0,1.3,1.3,15.7,20.41,0,0,0,0.0,111,0,MODERATE
MED-010,Tablet,Antihistamine,17.9,77.9,20.0,25.0,2.1,0.0,2.1,5.6,11.76,0,0,0,0.0,101,0,LOW
MED-009,Tablet,Analgesic / NSAID,24.4,33.8,20.0,25.0,0.0,0.0,0.0,1.7,0.0,0,0,0,0.0,570,0,LOW
MED-004,Tablet,Antidiabetic (Biguanide),26.1,26.4,20.0,25.0,0.0,1.1,1.1,6.2,6.82,0,0,0,0.0,568,0,LOW
MED-005,Tablet,Antihyperlipidemic (Statin),20.6,78.4,20.0,25.0,0.0,0.0,0.0,1.2,0.0,0,0,0,0.0,470,0,LOW
MED-023,Capsule,Anticonvulsant / Neuropathic,11.5,33.7,15.0,30.0,3.5,0.0,3.5,16.7,58.45,0,0,0,0.0,500,0,MODERATE
MED-011,Tablet,Antihypertensive (ARB),21.8,54.1,15.0,30.0,0.0,0.0,0.0,2.6,0.0,0,0,0,0.0,321,0,LOW
MED-009,Tablet,Analgesic / NSAID,30.9,48.6,20.0,25.0,0.0,5.9,5.9,12.5,73.75,0,0,0,0.0,70,0,MODERATE
MED-011,Tablet,Antihypertensive (ARB),46.3,64.7,15.0,30.0,0.0,16.3,16.3,11.9,193.97,0,0,0,0.0,73,0,HIGH
MED-021,Tablet,Respiratory (Leukotriene Antagonist),12.6,66.8,15.0,30.0,2.4,0.0,2.4,10.8,25.92,0,0,0,0.0,78,0,MODERATE
MED-012,Tablet,Antihypertensive (CCB),12.5,31.2,15.0,30.0,2.5,0.0,2.5,23.8,59.5,0,0,0,0.0,515,0,MODERATE
MED-016,Inhalation Aerosol,Respiratory (Bronchodilator),29.3,62.4,15.0,25.0,0.0,4.3,4.3,17.3,74.39,0,1,0,0.0,169,0,MODERATE
MED-006,Delayed-Release Capsule,Gastrointestinal (PPI),34.7,50.8,15.0,30.0,0.0,4.7,4.7,6.1,28.67,0,0,0,0.0,378,0,MODERATE
MED-016,Inhalation Aerosol,Respiratory (Bronchodilator),14.5,59.9,15.0,25.0,0.5,0.0,0.5,18.9,9.45,0,1,0,0.0,598,0,LOW
MED-018,Capsule,Antibiotic (Tetracycline),23.2,68.5,20.0,25.0,0.0,0.0,0.0,3.8,0.0,0,0,0,0.0,475,0,LOW
MED-007,Tablet,Antibiotic (Macrolide),37.2,35.7,15.0,30.0,0.0,7.2,7.2,29.1,209.52,0,0,0,0.0,441,0,HIGH
MED-015,Subcutaneous Injection,Endocrine (Hormone),1.2,20.2,2.0,8.0,0.8,0.0,0.8,15.1,12.08,1,1,0,0.0,255,0,MODERATE
MED-004,Tablet,Antidiabetic (Biguanide),4.8,25.9,20.0,25.0,15.2,0.0,15.2,23.4,355.68,0,0,0,0.0,283,0,HIGH
MED-005,Tablet,Antihyperlipidemic (Statin),17.5,77.1,20.0,25.0,2.5,0.0,2.5,8.6,21.5,0,0,0,0.0,24,1,MODERATE
MED-010,Tablet,Antihistamine,29.1,22.6,20.0,25.0,0.0,4.1,4.1,7.7,31.57,0,0,0,0.0,165,0,MODERATE
MED-020,Tablet,Antidepressant (SSRI),15.6,38.4,20.0,25.0,4.4,0.0,4.4,21.7,95.48,0,0,0,0.0,356,0,MODERATE
MED-004,Tablet,Antidiabetic (Biguanide),29.0,70.8,20.0,25.0,0.0,4.0,4.0,14.6,58.4,0,0,0,0.0,488,0,MODERATE
MED-020,Tablet,Antidepressant (SSRI),41.4,70.5,20.0,25.0,0.0,16.4,16.4,53.1,870.84,0,0,0,0.0,20,1,HIGH
MED-010,Tablet,Antihistamine,21.9,81.3,20.0,25.0,0.0,0.0,0.0,22.9,0.0,0,0,0,0.0,566,0,LOW
MED-014,Subcutaneous Injection,Endocrine (Hormone),6.7,35.4,2.0,8.0,0.0,0.0,0.0,2.2,0.0,1,1,0,0.0,610,0,LOW
MED-011,Tablet,Antihypertensive (ARB),47.7,56.1,15.0,30.0,0.0,17.7,17.7,58.4,1033.68,0,0,0,0.0,329,0,HIGH
MED-021,Tablet,Respiratory (Leukotriene Antagonist),35.5,72.0,15.0,30.0,0.0,5.5,5.5,15.5,85.25,0,0,0,0.0,551,0,MODERATE
MED-013,Tablet,Endocrine (Thyroid Hormone),11.1,25.6,15.0,30.0,3.9,0.0,3.9,3.5,13.65,0,0,0,0.0,570,0,LOW
MED-013,Tablet,Endocrine (Thyroid Hormone),12.8,68.6,15.0,30.0,2.2,0.0,2.2,22.2,48.84,0,0,0,0.0,297,0,MODERATE
MED-023,Capsule,Anticonvulsant / Neuropathic,16.5,60.0,15.0,30.0,0.0,0.0,0.0,20.4,0.0,0,0,0,0.0,175,0,LOW
MED-022,Tablet,Antiplatelet / Hematologic,34.6,30.3,15.0,30.0,0.0,4.6,4.6,31.5,144.9,0,0,0,0.0,557,0,HIGH
MED-008,Tablet,Antibiotic (Fluoroquinolone),16.0,61.7,20.0,25.0,4.0,0.0,4.0,17.4,69.6,0,0,0,0.0,518,0,MODERATE
MED-012,Tablet,Antihypertensive (CCB),35.9,38.5,15.0,30.0,0.0,5.9,5.9,5.2,30.68,0,0,0,0.0,37,1,MODERATE
MED-017,Nasal Spray Suspension,Corticosteroid / Allergy,34.1,26.7,4.0,30.0,0.0,4.1,4.1,12.6,51.66,0,1,0,0.0,343,0,MODERATE
MED-024,Tablet,Corticosteroid / Anti-inflammatory,23.5,56.5,20.0,25.0,0.0,0.0,0.0,2.1,0.0,0,0,0,0.0,93,0,LOW
MED-001,Tablet,Analgesic / Antipyretic,47.3,54.2,20.0,25.0,0.0,22.3,22.3,62.8,1400.44,0,0,0,0.0,324,0,HIGH
MED-011,Tablet,Antihypertensive (ARB),47.6,26.3,15.0,30.0,0.0,17.6,17.6,50.8,894.08,0,0,0,0.0,341,0,HIGH
MED-021,Tablet,Respiratory (Leukotriene Antagonist),36.4,47.9,15.0,30.0,0.0,6.4,6.4,11.8,75.52,0,0,0,0.0,126,0,MODERATE
MED-002,Capsule,Antibiotic (Penicillin),24.0,57.4,20.0,25.0,0.0,0.0,0.0,2.2,0.0,0,0,0,0.0,212,0,LOW
MED-004,Tablet,Antidiabetic (Biguanide),15.4,71.5,20.0,25.0,4.6,0.0,4.6,10.1,46.46,0,0,0,0.0,554,0,MODERATE
MED-021,Tablet,Respiratory (Leukotriene Antagonist),24.9,65.6,15.0,30.0,0.0,0.0,0.0,2.1,0.0,0,0,0,0.0,427,0,LOW
MED-007,Tablet,Antibiotic (Macrolide),30.4,41.8,15.0,30.0,0.0,0.4,0.4,21.9,8.76,0,0,0,0.0,172,0,LOW
MED-005,Tablet,Antihyperlipidemic (Statin),16.9,45.3,20.0,25.0,3.1,0.0,3.1,5.8,17.98,0,0,0,0.0,578,0,LOW
MED-022,Tablet,Antiplatelet / Hematologic,13.2,73.6,15.0,30.0,1.8,0.0,1.8,2.1,3.78,0,0,0,0.0,85,0,LOW
MED-006,Delayed-Release Capsule,Gastrointestinal (PPI),29.1,43.6,15.0,30.0,0.0,0.0,0.0,2.8,0.0,0,0,0,0.0,362,0,LOW
MED-013,Tablet,Endocrine (Thyroid Hormone),29.3,46.3,15.0,30.0,0.0,0.0,0.0,23.9,0.0,0,0,0,0.0,423,0,LOW
MED-023,Capsule,Anticonvulsant / Neuropathic,15.9,25.0,15.0,30.0,0.0,0.0,0.0,14.8,0.0,0,0,0,0.0,294,0,LOW
MED-025,Tablet,Diuretic / Antihypertensive,33.4,28.3,15.0,30.0,0.0,3.4,3.4,4.5,15.3,0,0,0,0.0,118,0,LOW
MED-012,Tablet,Antihypertensive (CCB),26.7,25.1,15.0,30.0,0.0,0.0,0.0,0.5,0.0,0,0,0,0.0,189,0,LOW
MED-010,Tablet,Antihistamine,20.4,48.4,20.0,25.0,0.0,0.0,0.0,3.1,0.0,0,0,0,0.0,651,0,LOW
MED-003,Tablet,Antibiotic (Beta-lactamase inhibitor),35.3,34.9,15.0,25.0,0.0,10.3,10.3,14.9,153.47,0,0,0,0.0,85,0,HIGH
MED-002,Capsule,Antibiotic (Penicillin),26.2,83.9,20.0,25.0,0.0,1.2,1.2,8.5,10.2,0,0,0,0.0,489,0,LOW
MED-017,Nasal Spray Suspension,Corticosteroid / Allergy,1.9,24.5,4.0,30.0,2.1,0.0,2.1,21.1,44.31,0,1,0,0.0,232,0,MODERATE
MED-007,Tablet,Antibiotic (Macrolide),33.4,45.2,15.0,30.0,0.0,3.4,3.4,35.7,121.38,0,0,0,0.0,129,0,HIGH
MED-010,Tablet,Antihistamine,30.9,20.1,20.0,25.0,0.0,5.9,5.9,15.1,89.09,0,0,0,0.0,18,1,HIGH
MED-007,Tablet,Antibiotic (Macrolide),34.8,29.0,15.0,30.0,0.0,4.8,4.8,10.4,49.92,0,0,0,0.0,273,0,MODERATE
MED-023,Capsule,Anticonvulsant / Neuropathic,31.9,42.4,15.0,30.0,0.0,1.9,1.9,26.5,50.35,0,0,0,0.0,270,0,MODERATE
MED-013,Tablet,Endocrine (Thyroid Hormone),16.2,59.1,15.0,30.0,0.0,0.0,0.0,2.4,0.0,0,0,0,0.0,127,0,LOW
MED-021,Tablet,Respiratory (Leukotriene Antagonist),14.0,77.7,15.0,30.0,1.0,0.0,1.0,16.6,16.6,0,0,0,0.0,238,0,LOW
MED-007,Tablet,Antibiotic (Macrolide),34.5,44.2,15.0,30.0,0.0,4.5,4.5,9.9,44.55,0,0,0,0.0,380,0,MODERATE
MED-013,Tablet,Endocrine (Thyroid Hormone),15.1,43.4,15.0,30.0,0.0,0.0,0.0,2.6,0.0,0,0,0,0.0,434,0,LOW
MED-018,Capsule,Antibiotic (Tetracycline),29.0,46.4,20.0,25.0,0.0,4.0,4.0,4.4,17.6,0,0,0,0.0,198,0,LOW
MED-018,Capsule,Antibiotic (Tetracycline),20.7,34.4,20.0,25.0,0.0,0.0,0.0,2.0,0.0,0,0,0,0.0,608,0,LOW
MED-016,Inhalation Aerosol,Respiratory (Bronchodilator),20.8,75.1,15.0,25.0,0.0,0.0,0.0,3.5,0.0,0,1,0,0.0,365,0,LOW
MED-007,Tablet,Antibiotic (Macrolide),37.3,39.4,15.0,30.0,0.0,7.3,7.3,30.8,224.84,0,0,0,0.0,414,0,HIGH
MED-006,Delayed-Release Capsule,Gastrointestinal (PPI),47.6,47.8,15.0,30.0,0.0,17.6,17.6,59.1,1040.16,0,0,0,0.0,82,0,HIGH
MED-008,Tablet,Antibiotic (Fluoroquinolone),20.0,38.3,20.0,25.0,0.0,0.0,0.0,23.1,0.0,0,0,0,0.0,147,0,LOW
MED-007,Tablet,Antibiotic (Macrolide),31.1,58.4,15.0,30.0,0.0,1.1,1.1,5.3,5.83,0,0,0,0.0,264,0,LOW
MED-025,Tablet,Diuretic / Antihypertensive,34.4,24.5,15.0,30.0,0.0,4.4,4.4,10.3,45.32,0,0,0,0.0,20,1,HIGH
MED-003,Tablet,Antibiotic (Beta-lactamase inhibitor),10.6,62.0,15.0,25.0,4.4,0.0,4.4,14.9,65.56,0,0,0,0.0,335,0,MODERATE
MED-022,Tablet,Antiplatelet / Hematologic,29.1,27.5,15.0,30.0,0.0,0.0,0.0,0.5,0.0,0,0,0,0.0,136,0,LOW
MED-023,Capsule,Anticonvulsant / Neuropathic,28.9,56.7,15.0,30.0,0.0,0.0,0.0,1.2,0.0,0,0,0,0.0,437,0,LOW
MED-025,Tablet,Diuretic / Antihypertensive,38.6,48.1,15.0,30.0,0.0,8.6,8.6,34.0,292.4,0,0,0,0.0,165,0,HIGH
MED-021,Tablet,Respiratory (Leukotriene Antagonist),30.8,61.4,15.0,30.0,0.0,0.8,0.8,21.0,16.8,0,0,0,0.0,258,0,LOW
MED-018,Capsule,Antibiotic (Tetracycline),32.3,37.1,20.0,25.0,0.0,7.3,7.3,14.0,102.2,0,0,0,0.0,202,0,MODERATE
MED-005,Tablet,Antihyperlipidemic (Statin),40.4,33.1,20.0,25.0,0.0,15.4,15.4,25.8,397.32,0,0,0,0.0,127,0,HIGH
MED-019,Delayed-Release Tablet,Gastrointestinal (PPI),26.0,40.8,20.0,25.0,0.0,1.0,1.0,10.5,10.5,0,0,0,0.0,242,0,LOW
MED-012,Tablet,Antihypertensive (CCB),32.6,45.1,15.0,30.0,0.0,2.6,2.6,11.6,30.16,0,0,0,0.0,431,0,MODERATE
MED-009,Tablet,Analgesic / NSAID,21.4,68.7,20.0,25.0,0.0,0.0,0.0,1.6,0.0,0,0,0,0.0,284,0,LOW
MED-023,Capsule,Anticonvulsant / Neuropathic,36.3,44.6,15.0,30.0,0.0,6.3,6.3,34.3,216.09,0,0,0,0.0,38,1,HIGH
MED-019,Delayed-Release Tablet,Gastrointestinal (PPI),28.2,34.6,20.0,25.0,0.0,3.2,3.2,13.8,44.16,0,0,0,0.0,170,0,MODERATE
MED-007,Tablet,Antibiotic (Macrolide),37.9,59.7,15.0,30.0,0.0,7.9,7.9,26.9,212.51,0,0,0,0.0,291,0,HIGH
MED-018,Capsule,Antibiotic (Tetracycline),37.0,79.7,20.0,25.0,0.0,12.0,12.0,66.5,798.0,0,0,0,0.0,103,0,HIGH
MED-006,Delayed-Release Capsule,Gastrointestinal (PPI),29.2,82.9,15.0,30.0,0.0,0.0,0.0,2.6,0.0,0,0,0,0.0,609,0,LOW
MED-002,Capsule,Antibiotic (Penicillin),22.1,49.7,20.0,25.0,0.0,0.0,0.0,3.2,0.0,0,0,0,0.0,274,0,LOW
MED-006,Delayed-Release Capsule,Gastrointestinal (PPI),12.7,51.9,15.0,30.0,2.3,0.0,2.3,3.3,7.59,0,0,0,0.0,214,0,LOW
MED-003,Tablet,Antibiotic (Beta-lactamase inhibitor),16.2,82.4,15.0,25.0,0.0,0.0,0.0,12.6,0.0,0,0,0,0.0,434,0,LOW
MED-018,Capsule,Antibiotic (Tetracycline),15.2,26.7,20.0,25.0,4.8,0.0,4.8,5.0,24.0,0,0,0,0.0,248,0,MODERATE
MED-010,Tablet,Antihistamine,1.0,53.3,20.0,25.0,19.0,0.0,19.0,49.7,944.3,0,0,0,0.0,236,0,HIGH
MED-007,Tablet,Antibiotic (Macrolide),16.7,20.2,15.0,30.0,0.0,0.0,0.0,3.9,0.0,0,0,0,0.0,574,0,LOW
MED-025,Tablet,Diuretic / Antihypertensive,16.3,26.1,15.0,30.0,0.0,0.0,0.0,16.0,0.0,0,0,0,0.0,155,0,LOW
MED-008,Tablet,Antibiotic (Fluoroquinolone),22.9,20.4,20.0,25.0,0.0,0.0,0.0,3.2,0.0,0,0,0,0.0,489,0,LOW
MED-020,Tablet,Antidepressant (SSRI),-2.5,68.5,20.0,25.0,22.5,0.0,22.5,46.3,1041.75,0,0,0,0.0,65,0,HIGH
MED-022,Tablet,Antiplatelet / Hematologic,15.6,41.5,15.0,30.0,0.0,0.0,0.0,3.6,0.0,0,0,0,0.0,441,0,LOW
MED-018,Capsule,Antibiotic (Tetracycline),27.8,40.6,20.0,25.0,0.0,2.8,2.8,30.4,85.12,0,0,0,0.0,521,0,MODERATE
MED-012,Tablet,Antihypertensive (CCB),30.1,80.2,15.0,30.0,0.0,0.1,0.1,11.6,1.16,0,0,0,0.0,421,0,LOW
MED-005,Tablet,Antihyperlipidemic (Statin),41.8,54.6,20.0,25.0,0.0,16.8,16.8,57.1,959.28,0,0,0,0.0,137,0,HIGH
MED-001,Tablet,Analgesic / Antipyretic,30.1,28.6,20.0,25.0,0.0,5.1,5.1,17.0,86.7,0,0,0,0.0,405,0,MODERATE
MED-002,Capsule,Antibiotic (Penicillin),18.0,20.2,20.0,25.0,2.0,0.0,2.0,12.6,25.2,0,0,0,0.0,336,0,MODERATE
MED-011,Tablet,Antihypertensive (ARB),34.8,51.3,15.0,30.0,0.0,4.8,4.8,32.9,157.92,0,0,0,0.0,437,0,HIGH
MED-017,Nasal Spray Suspension,Corticosteroid / Allergy,42.3,23.0,4.0,30.0,0.0,12.3,12.3,62.5,768.75,0,1,0,0.0,54,1,HIGH
MED-014,Subcutaneous Injection,Endocrine (Hormone),-2.9,25.9,2.0,8.0,4.9,0.0,4.9,22.5,110.25,1,1,0,0.0,288,0,HIGH
MED-021,Tablet,Respiratory (Leukotriene Antagonist),28.8,83.3,15.0,30.0,0.0,0.0,0.0,22.1,0.0,0,0,0,0.0,464,0,LOW
MED-016,Inhalation Aerosol,Respiratory (Bronchodilator),2.0,60.6,15.0,25.0,13.0,0.0,13.0,24.2,314.6,0,1,0,0.0,208,0,HIGH
MED-015,Subcutaneous Injection,Endocrine (Hormone),14.7,68.4,2.0,8.0,0.0,6.7,6.7,20.9,140.03,1,1,0,0.0,104,0,HIGH
MED-022,Tablet,Antiplatelet / Hematologic,34.5,44.8,15.0,30.0,0.0,4.5,4.5,11.7,52.65,0,0,0,0.0,371,0,MODERATE
MED-016,Inhalation Aerosol,Respiratory (Bronchodilator),32.0,34.1,15.0,25.0,0.0,7.0,7.0,25.1,175.7,0,1,0,0.0,155,0,HIGH
MED-011,Tablet,Antihypertensive (ARB),36.4,55.6,15.0,30.0,0.0,6.4,6.4,15.2,97.28,0,0,0,0.0,475,0,MODERATE
MED-015,Subcutaneous Injection,Endocrine (Hormone),7.0,24.8,2.0,8.0,0.0,0.0,0.0,33.6,0.0,1,1,0,0.0,550,0,LOW
MED-021,Tablet,Respiratory (Leukotriene Antagonist),31.2,48.1,15.0,30.0,0.0,1.2,1.2,9.9,11.88,0,0,0,0.0,93,0,LOW
MED-023,Capsule,Anticonvulsant / Neuropathic,33.0,41.6,15.0,30.0,0.0,3.0,3.0,2.7,8.1,0,0,0,0.0,151,0,LOW
MED-025,Tablet,Diuretic / Antihypertensive,21.9,38.9,15.0,30.0,0.0,0.0,0.0,2.2,0.0,0,0,0,0.0,592,0,LOW
MED-020,Tablet,Antidepressant (SSRI),20.4,79.4,20.0,25.0,0.0,0.0,0.0,1.8,0.0,0,0,0,0.0,691,0,LOW
MED-010,Tablet,Antihistamine,28.5,61.7,20.0,25.0,0.0,3.5,3.5,7.1,24.85,0,0,0,0.0,141,0,MODERATE
MED-009,Tablet,Analgesic / NSAID,30.6,34.7,20.0,25.0,0.0,5.6,5.6,3.8,21.28,0,0,0,0.0,44,1,MODERATE
MED-007,Tablet,Antibiotic (Macrolide),15.8,59.1,15.0,30.0,0.0,0.0,0.0,13.0,0.0,0,0,0,0.0,255,0,LOW
MED-010,Tablet,Antihistamine,15.6,67.1,20.0,25.0,4.4,0.0,4.4,21.7,95.48,0,0,0,0.0,561,0,MODERATE
MED-006,Delayed-Release Capsule,Gastrointestinal (PPI),-0.7,80.1,15.0,30.0,15.7,0.0,15.7,27.5,431.75,0,0,0,0.0,96,0,HIGH
MED-024,Tablet,Corticosteroid / Anti-inflammatory,15.0,53.8,20.0,25.0,5.0,0.0,5.0,3.0,15.0,0,0,0,0.0,296,0,MODERATE
MED-013,Tablet,Endocrine (Thyroid Hormone),39.5,43.7,15.0,30.0,0.0,9.5,9.5,58.7,557.65,0,0,0,0.0,270,0,HIGH
MED-018,Capsule,Antibiotic (Tetracycline),15.0,53.6,20.0,25.0,5.0,0.0,5.0,21.9,109.5,0,0,0,0.0,469,0,MODERATE
MED-014,Subcutaneous Injection,Endocrine (Hormone),-3.4,76.7,2.0,8.0,5.4,0.0,5.4,14.3,77.22,1,1,0,0.0,131,0,HIGH
MED-001,Tablet,Analgesic / Antipyretic,45.8,23.2,20.0,25.0,0.0,20.8,20.8,21.3,443.04,0,0,0,0.0,232,0,HIGH
MED-010,Tablet,Antihistamine,20.4,48.6,20.0,25.0,0.0,0.0,0.0,0.2,0.0,0,0,0,0.0,494,0,LOW
MED-013,Tablet,Endocrine (Thyroid Hormone),34.0,78.7,15.0,30.0,0.0,4.0,4.0,13.2,52.8,0,0,0,0.0,173,0,MODERATE
MED-007,Tablet,Antibiotic (Macrolide),33.8,80.2,15.0,30.0,0.0,3.8,3.8,25.1,95.38,0,0,0,0.0,584,0,MODERATE
MED-011,Tablet,Antihypertensive (ARB),46.0,50.9,15.0,30.0,0.0,16.0,16.0,20.1,321.6,0,0,0,0.0,129,0,HIGH
MED-002,Capsule,Antibiotic (Penicillin),28.7,83.8,20.0,25.0,0.0,3.7,3.7,18.4,68.08,0,0,0,0.0,119,0,MODERATE
MED-015,Subcutaneous Injection,Endocrine (Hormone),6.0,51.6,2.0,8.0,0.0,0.0,0.0,3.5,0.0,1,1,0,0.0,489,0,LOW
MED-019,Delayed-Release Tablet,Gastrointestinal (PPI),32.7,68.8,20.0,25.0,0.0,7.7,7.7,26.2,201.74,0,0,0,0.0,43,1,HIGH
MED-016,Inhalation Aerosol,Respiratory (Bronchodilator),36.3,81.2,15.0,25.0,0.0,11.3,11.3,16.3,184.19,0,1,0,0.0,297,0,HIGH
MED-024,Tablet,Corticosteroid / Anti-inflammatory,33.6,23.9,20.0,25.0,0.0,8.6,8.6,50.3,432.58,0,0,0,0.0,356,0,HIGH
MED-018,Capsule,Antibiotic (Tetracycline),27.9,61.3,20.0,25.0,0.0,2.9,2.9,2.8,8.12,0,0,0,0.0,125,0,LOW
MED-005,Tablet,Antihyperlipidemic (Statin),25.2,38.2,20.0,25.0,0.0,0.2,0.2,1.7,0.34,0,0,0,0.0,376,0,LOW
MED-006,Delayed-Release Capsule,Gastrointestinal (PPI),33.2,73.6,15.0,30.0,0.0,3.2,3.2,12.6,40.32,0,0,0,0.0,310,0,MODERATE
MED-015,Subcutaneous Injection,Endocrine (Hormone),2.9,73.2,2.0,8.0,0.0,0.0,0.0,0.2,0.0,1,1,0,0.0,668,0,LOW
MED-011,Tablet,Antihypertensive (ARB),41.1,72.1,15.0,30.0,0.0,11.1,11.1,57.0,632.7,0,0,0,0.0,32,1,HIGH
MED-021,Tablet,Respiratory (Leukotriene Antagonist),25.4,85.0,15.0,30.0,0.0,0.0,0.0,2.6,0.0,0,0,0,0.0,580,0,LOW
MED-014,Subcutaneous Injection,Endocrine (Hormone),-0.9,40.5,2.0,8.0,2.9,0.0,2.9,45.0,130.5,1,1,0,0.0,139,0,HIGH
MED-006,Delayed-Release Capsule,Gastrointestinal (PPI),13.6,37.3,15.0,30.0,1.4,0.0,1.4,17.9,25.06,0,0,0,0.0,212,0,MODERATE
MED-011,Tablet,Antihypertensive (ARB),15.2,57.8,15.0,30.0,0.0,0.0,0.0,0.8,0.0,0,0,0,0.0,38,1,LOW
MED-012,Tablet,Antihypertensive (CCB),14.0,40.9,15.0,30.0,1.0,0.0,1.0,9.7,9.7,0,0,0,0.0,150,0,LOW
MED-006,Delayed-Release Capsule,Gastrointestinal (PPI),32.3,62.1,15.0,30.0,0.0,2.3,2.3,12.7,29.21,0,0,0,0.0,524,0,MODERATE
MED-011,Tablet,Antihypertensive (ARB),19.0,62.0,15.0,30.0,0.0,0.0,0.0,0.5,0.0,0,0,0,0.0,274,0,LOW
MED-005,Tablet,Antihyperlipidemic (Statin),15.2,71.5,20.0,25.0,4.8,0.0,4.8,8.7,41.76,0,0,0,0.0,45,1,HIGH
MED-006,Delayed-Release Capsule,Gastrointestinal (PPI),15.4,70.5,15.0,30.0,0.0,0.0,0.0,21.8,0.0,0,0,0,0.0,200,0,LOW
MED-003,Tablet,Antibiotic (Beta-lactamase inhibitor),30.0,51.1,15.0,25.0,0.0,5.0,5.0,17.9,89.5,0,0,0,0.0,439,0,MODERATE
MED-020,Tablet,Antidepressant (SSRI),26.5,45.8,20.0,25.0,0.0,1.5,1.5,4.6,6.9,0,0,0,0.0,399,0,LOW
MED-019,Delayed-Release Tablet,Gastrointestinal (PPI),22.2,39.8,20.0,25.0,0.0,0.0,0.0,1.9,0.0,0,0,0,0.0,325,0,LOW
MED-023,Capsule,Anticonvulsant / Neuropathic,33.6,53.2,15.0,30.0,0.0,3.6,3.6,12.4,44.64,0,0,0,0.0,205,0,MODERATE
MED-017,Nasal Spray Suspension,Corticosteroid / Allergy,15.7,75.9,4.0,30.0,0.0,0.0,0.0,1.8,0.0,0,1,0,0.0,419,0,LOW
MED-016,Inhalation Aerosol,Respiratory (Bronchodilator),30.0,58.4,15.0,25.0,0.0,5.0,5.0,3.1,15.5,0,1,0,0.0,405,0,MODERATE
MED-001,Tablet,Analgesic / Antipyretic,17.0,32.0,20.0,25.0,3.0,0.0,3.0,5.6,16.8,0,0,0,0.0,43,1,MODERATE
MED-014,Subcutaneous Injection,Endocrine (Hormone),9.8,79.8,2.0,8.0,0.0,1.8,1.8,1.6,2.88,1,1,0,0.0,199,0,LOW
MED-018,Capsule,Antibiotic (Tetracycline),16.6,50.4,20.0,25.0,3.4,0.0,3.4,5.2,17.68,0,0,0,0.0,422,0,LOW
MED-016,Inhalation Aerosol,Respiratory (Bronchodilator),18.2,56.5,15.0,25.0,0.0,0.0,0.0,2.8,0.0,0,1,0,0.0,694,0,LOW
MED-011,Tablet,Antihypertensive (ARB),33.6,33.5,15.0,30.0,0.0,3.6,3.6,5.0,18.0,0,0,0,0.0,180,0,LOW
MED-015,Subcutaneous Injection,Endocrine (Hormone),3.8,33.0,2.0,8.0,0.0,0.0,0.0,0.2,0.0,1,1,0,0.0,67,0,LOW
MED-010,Tablet,Antihistamine,47.4,27.7,20.0,25.0,0.0,22.4,22.4,64.8,1451.52,0,0,0,0.0,6,1,HIGH
MED-018,Capsule,Antibiotic (Tetracycline),27.1,84.8,20.0,25.0,0.0,2.1,2.1,2.8,5.88,0,0,0,0.0,124,0,LOW
MED-015,Subcutaneous Injection,Endocrine (Hormone),1.7,37.9,2.0,8.0,0.3,0.0,0.3,23.1,6.93,1,1,0,0.0,565,0,MODERATE
MED-002,Capsule,Antibiotic (Penicillin),19.3,49.2,20.0,25.0,0.7,0.0,0.7,15.9,11.13,0,0,0,0.0,265,0,LOW
MED-010,Tablet,Antihistamine,17.6,74.7,20.0,25.0,2.4,0.0,2.4,6.2,14.88,0,0,0,0.0,558,0,LOW
MED-015,Subcutaneous Injection,Endocrine (Hormone),0.7,35.7,2.0,8.0,1.3,0.0,1.3,21.3,27.69,1,1,0,0.0,272,0,MODERATE
MED-022,Tablet,Antiplatelet / Hematologic,15.1,32.1,15.0,30.0,0.0,0.0,0.0,2.5,0.0,0,0,0,0.0,192,0,LOW
MED-006,Delayed-Release Capsule,Gastrointestinal (PPI),32.9,72.8,15.0,30.0,0.0,2.9,2.9,7.1,20.59,0,0,0,0.0,483,0,MODERATE
MED-013,Tablet,Endocrine (Thyroid Hormone),40.5,32.6,15.0,30.0,0.0,10.5,10.5,53.7,563.85,0,0,0,0.0,131,0,HIGH
MED-015,Subcutaneous Injection,Endocrine (Hormone),7.9,26.6,2.0,8.0,0.0,0.0,0.0,29.9,0.0,1,1,0,0.0,36,0,LOW
MED-004,Tablet,Antidiabetic (Biguanide),16.0,81.9,20.0,25.0,4.0,0.0,4.0,7.4,29.6,0,0,0,0.0,157,0,MODERATE
MED-001,Tablet,Analgesic / Antipyretic,44.1,22.1,20.0,25.0,0.0,19.1,19.1,31.3,597.83,0,0,0,0.0,273,0,HIGH
MED-025,Tablet,Diuretic / Antihypertensive,40.8,77.2,15.0,30.0,0.0,10.8,10.8,36.9,398.52,0,0,0,0.0,355,0,HIGH
MED-024,Tablet,Corticosteroid / Anti-inflammatory,30.4,27.2,20.0,25.0,0.0,5.4,5.4,5.7,30.78,0,0,0,0.0,361,0,MODERATE
MED-006,Delayed-Release Capsule,Gastrointestinal (PPI),46.7,49.7,15.0,30.0,0.0,16.7,16.7,57.4,958.58,0,0,0,0.0,135,0,HIGH
MED-025,Tablet,Diuretic / Antihypertensive,26.4,49.8,15.0,30.0,0.0,0.0,0.0,3.8,0.0,0,0,0,0.0,279,0,LOW
MED-017,Nasal Spray Suspension,Corticosteroid / Allergy,27.8,65.5,4.0,30.0,0.0,0.0,0.0,0.0,0.0,0,1,0,0.0,499,0,LOW
MED-018,Capsule,Antibiotic (Tetracycline),24.7,68.6,20.0,25.0,0.0,0.0,0.0,1.2,0.0,0,0,0,0.0,590,0,LOW
MED-013,Tablet,Endocrine (Thyroid Hormone),23.6,56.0,15.0,30.0,0.0,0.0,0.0,0.8,0.0,0,0,0,0.0,82,0,LOW
MED-006,Delayed-Release Capsule,Gastrointestinal (PPI),43.6,29.6,15.0,30.0,0.0,13.6,13.6,22.9,311.44,0,0,0,0.0,303,0,HIGH
MED-021,Tablet,Respiratory (Leukotriene Antagonist),28.6,47.1,15.0,30.0,0.0,0.0,0.0,33.1,0.0,0,0,0,0.0,533,0,LOW
MED-023,Capsule,Anticonvulsant / Neuropathic,35.1,24.0,15.0,30.0,0.0,5.1,5.1,3.3,16.83,0,0,0,0.0,232,0,MODERATE
MED-011,Tablet,Antihypertensive (ARB),29.3,52.1,15.0,30.0,0.0,0.0,0.0,26.6,0.0,0,0,0,0.0,236,0,LOW
MED-022,Tablet,Antiplatelet / Hematologic,43.3,54.6,15.0,30.0,0.0,13.3,13.3,44.8,595.84,0,0,0,0.0,340,0,HIGH
MED-001,Tablet,Analgesic / Antipyretic,27.6,29.9,20.0,25.0,0.0,2.6,2.6,12.9,33.54,0,0,0,0.0,106,0,MODERATE
MED-005,Tablet,Antihyperlipidemic (Statin),47.0,79.5,20.0,25.0,0.0,22.0,22.0,21.0,462.0,0,0,0,0.0,165,0,HIGH
MED-007,Tablet,Antibiotic (Macrolide),12.0,25.7,15.0,30.0,3.0,0.0,3.0,9.8,29.4,0,0,0,0.0,309,0,MODERATE
MED-002,Capsule,Antibiotic (Penicillin),0.4,32.6,20.0,25.0,19.6,0.0,19.6,70.9,1389.64,0,0,0,0.0,165,0,HIGH
MED-012,Tablet,Antihypertensive (CCB),35.2,29.0,15.0,30.0,0.0,5.2,5.2,3.5,18.2,0,0,0,0.0,334,0,MODERATE
MED-023,Capsule,Anticonvulsant / Neuropathic,25.6,35.6,15.0,30.0,0.0,0.0,0.0,1.6,0.0,0,0,0,0.0,648,0,LOW
MED-002,Capsule,Antibiotic (Penicillin),30.4,23.1,20.0,25.0,0.0,5.4,5.4,2.7,14.58,0,0,0,0.0,147,0,MODERATE
MED-017,Nasal Spray Suspension,Corticosteroid / Allergy,4.7,77.1,4.0,30.0,0.0,0.0,0.0,24.8,0.0,0,1,0,0.0,8,1,MODERATE
MED-025,Tablet,Diuretic / Antihypertensive,35.3,37.9,15.0,30.0,0.0,5.3,5.3,12.4,65.72,0,0,0,0.0,252,0,MODERATE
MED-007,Tablet,Antibiotic (Macrolide),44.1,50.9,15.0,30.0,0.0,14.1,14.1,17.2,242.52,0,0,0,0.0,51,1,HIGH
MED-017,Nasal Spray Suspension,Corticosteroid / Allergy,34.7,52.9,4.0,30.0,0.0,4.7,4.7,31.5,148.05,0,1,0,0.0,213,0,HIGH
MED-003,Tablet,Antibiotic (Beta-lactamase inhibitor),11.8,42.9,15.0,25.0,3.2,0.0,3.2,2.0,6.4,0,0,0,0.0,46,1,LOW
MED-010,Tablet,Antihistamine,32.6,71.2,20.0,25.0,0.0,7.6,7.6,11.6,88.16,0,0,0,0.0,399,0,MODERATE
MED-003,Tablet,Antibiotic (Beta-lactamase inhibitor),29.8,82.6,15.0,25.0,0.0,4.8,4.8,35.6,170.88,0,0,0,0.0,500,0,HIGH
MED-013,Tablet,Endocrine (Thyroid Hormone),35.1,67.7,15.0,30.0,0.0,5.1,5.1,12.8,65.28,0,0,0,0.0,228,0,MODERATE
MED-003,Tablet,Antibiotic (Beta-lactamase inhibitor),16.7,84.3,15.0,25.0,0.0,0.0,0.0,8.0,0.0,0,0,0,0.0,253,0,LOW
MED-004,Tablet,Antidiabetic (Biguanide),16.3,20.1,20.0,25.0,3.7,0.0,3.7,13.9,51.43,0,0,0,0.0,48,1,HIGH
MED-019,Delayed-Release Tablet,Gastrointestinal (PPI),44.7,71.9,20.0,25.0,0.0,19.7,19.7,42.0,827.4,0,0,0,0.0,52,1,HIGH
MED-025,Tablet,Diuretic / Antihypertensive,23.7,57.9,15.0,30.0,0.0,0.0,0.0,2.9,0.0,0,0,0,0.0,622,0,LOW
MED-015,Subcutaneous Injection,Endocrine (Hormone),2.5,21.1,2.0,8.0,0.0,0.0,0.0,7.4,0.0,1,1,0,0.0,386,0,LOW
MED-009,Tablet,Analgesic / NSAID,30.6,41.8,20.0,25.0,0.0,5.6,5.6,1.6,8.96,0,0,0,0.0,341,0,MODERATE
MED-012,Tablet,Antihypertensive (CCB),19.5,83.6,15.0,30.0,0.0,0.0,0.0,4.0,0.0,0,0,0,0.0,670,0,LOW
MED-025,Tablet,Diuretic / Antihypertensive,35.3,69.0,15.0,30.0,0.0,5.3,5.3,13.2,69.96,0,0,0,0.0,312,0,MODERATE
MED-019,Delayed-Release Tablet,Gastrointestinal (PPI),31.2,39.4,20.0,25.0,0.0,6.2,6.2,26.1,161.82,0,0,0,0.0,378,0,HIGH
MED-021,Tablet,Respiratory (Leukotriene Antagonist),31.3,46.1,15.0,30.0,0.0,1.3,1.3,3.9,5.07,0,0,0,0.0,339,0,LOW
MED-017,Nasal Spray Suspension,Corticosteroid / Allergy,28.0,36.1,4.0,30.0,0.0,0.0,0.0,34.0,0.0,0,1,0,0.0,470,0,LOW
MED-005,Tablet,Antihyperlipidemic (Statin),30.2,31.1,20.0,25.0,0.0,5.2,5.2,9.3,48.36,0,0,0,0.0,71,0,MODERATE
MED-014,Subcutaneous Injection,Endocrine (Hormone),25.5,32.9,2.0,8.0,0.0,17.5,17.5,17.8,311.5,1,1,0,0.0,200,0,HIGH
MED-008,Tablet,Antibiotic (Fluoroquinolone),42.7,32.6,20.0,25.0,0.0,17.7,17.7,33.0,584.1,0,0,0,0.0,205,0,HIGH
MED-021,Tablet,Respiratory (Leukotriene Antagonist),34.4,70.3,15.0,30.0,0.0,4.4,4.4,11.0,48.4,0,0,0,0.0,301,0,MODERATE
MED-014,Subcutaneous Injection,Endocrine (Hormone),-2.3,83.4,2.0,8.0,4.3,0.0,4.3,8.2,35.26,1,1,0,0.0,333,0,HIGH
MED-020,Tablet,Antidepressant (SSRI),24.0,32.3,20.0,25.0,0.0,0.0,0.0,2.2,0.0,0,0,0,0.0,266,0,LOW
MED-016,Inhalation Aerosol,Respiratory (Bronchodilator),27.1,37.3,15.0,25.0,0.0,2.1,2.1,4.7,9.87,0,1,0,0.0,189,0,LOW
MED-018,Capsule,Antibiotic (Tetracycline),23.3,42.2,20.0,25.0,0.0,0.0,0.0,1.8,0.0,0,0,0,0.0,241,0,LOW
MED-001,Tablet,Analgesic / Antipyretic,35.3,79.1,20.0,25.0,0.0,10.3,10.3,69.1,711.73,0,0,0,0.0,171,0,HIGH
MED-006,Delayed-Release Capsule,Gastrointestinal (PPI),35.2,27.3,15.0,30.0,0.0,5.2,5.2,35.4,184.08,0,0,0,0.0,11,1,HIGH
MED-022,Tablet,Antiplatelet / Hematologic,36.5,33.6,15.0,30.0,0.0,6.5,6.5,14.3,92.95,0,0,0,0.0,524,0,MODERATE
MED-020,Tablet,Antidepressant (SSRI),42.9,83.4,20.0,25.0,0.0,17.9,17.9,42.7,764.33,0,0,0,0.0,359,0,HIGH
MED-007,Tablet,Antibiotic (Macrolide),33.1,37.8,15.0,30.0,0.0,3.1,3.1,27.8,86.18,0,0,0,0.0,318,0,MODERATE
MED-007,Tablet,Antibiotic (Macrolide),36.2,44.4,15.0,30.0,0.0,6.2,6.2,30.6,189.72,0,0,0,0.0,583,0,HIGH
MED-019,Delayed-Release Tablet,Gastrointestinal (PPI),22.3,32.0,20.0,25.0,0.0,0.0,0.0,1.8,0.0,0,0,0,0.0,321,0,LOW
MED-016,Inhalation Aerosol,Respiratory (Bronchodilator),38.0,49.8,15.0,25.0,0.0,13.0,13.0,52.4,681.2,0,1,0,0.0,112,0,HIGH
MED-015,Subcutaneous Injection,Endocrine (Hormone),4.5,84.7,2.0,8.0,0.0,0.0,0.0,3.8,0.0,1,1,0,0.0,322,0,LOW
MED-002,Capsule,Antibiotic (Penicillin),2.7,38.3,20.0,25.0,17.3,0.0,17.3,26.0,449.8,0,0,0,0.0,341,0,HIGH
MED-023,Capsule,Anticonvulsant / Neuropathic,15.9,51.0,15.0,30.0,0.0,0.0,0.0,3.3,0.0,0,0,0,0.0,197,0,LOW
MED-002,Capsule,Antibiotic (Penicillin),21.8,47.7,20.0,25.0,0.0,0.0,0.0,2.7,0.0,0,0,0,0.0,327,0,LOW
MED-017,Nasal Spray Suspension,Corticosteroid / Allergy,47.3,45.0,4.0,30.0,0.0,17.3,17.3,26.3,454.99,0,1,0,0.0,301,0,HIGH
MED-011,Tablet,Antihypertensive (ARB),28.2,80.5,15.0,30.0,0.0,0.0,0.0,1.7,0.0,0,0,0,0.0,386,0,LOW
MED-024,Tablet,Corticosteroid / Anti-inflammatory,23.7,68.0,20.0,25.0,0.0,0.0,0.0,13.1,0.0,0,0,0,0.0,391,0,LOW
MED-017,Nasal Spray Suspension,Corticosteroid / Allergy,19.6,27.3,4.0,30.0,0.0,0.0,0.0,2.0,0.0,0,1,0,0.0,30,1,LOW
MED-015,Subcutaneous Injection,Endocrine (Hormone),-2.9,60.3,2.0,8.0,4.9,0.0,4.9,3.0,14.7,1,1,0,0.0,27,1,HIGH
MED-018,Capsule,Antibiotic (Tetracycline),29.3,75.0,20.0,25.0,0.0,4.3,4.3,17.2,73.96,0,0,0,0.0,329,0,MODERATE
MED-008,Tablet,Antibiotic (Fluoroquinolone),30.7,35.0,20.0,25.0,0.0,5.7,5.7,13.9,79.23,0,0,0,0.0,213,0,MODERATE
MED-023,Capsule,Anticonvulsant / Neuropathic,43.0,59.9,15.0,30.0,0.0,13.0,13.0,27.5,357.5,0,0,0,0.0,319,0,HIGH
MED-005,Tablet,Antihyperlipidemic (Statin),20.8,56.6,20.0,25.0,0.0,0.0,0.0,19.9,0.0,0,0,0,0.0,400,0,LOW
MED-020,Tablet,Antidepressant (SSRI),21.7,26.7,20.0,25.0,0.0,0.0,0.0,3.6,0.0,0,0,0,0.0,119,0,LOW
MED-018,Capsule,Antibiotic (Tetracycline),33.3,70.7,20.0,25.0,0.0,8.3,8.3,32.3,268.09,0,0,0,0.0,15,1,HIGH
MED-022,Tablet,Antiplatelet / Hematologic,-1.6,80.9,15.0,30.0,16.6,0.0,16.6,71.3,1183.58,0,0,0,0.0,192,0,HIGH
MED-010,Tablet,Antihistamine,18.6,33.4,20.0,25.0,1.4,0.0,1.4,15.5,21.7,0,0,0,0.0,479,0,MODERATE
MED-004,Tablet,Antidiabetic (Biguanide),21.0,37.1,20.0,25.0,0.0,0.0,0.0,0.8,0.0,0,0,0,0.0,539,0,LOW
MED-011,Tablet,Antihypertensive (ARB),37.9,72.2,15.0,30.0,0.0,7.9,7.9,1.3,10.27,0,0,0,0.0,436,0,MODERATE
MED-021,Tablet,Respiratory (Leukotriene Antagonist),40.4,20.8,15.0,30.0,0.0,10.4,10.4,33.4,347.36,0,0,0,0.0,22,1,HIGH
MED-004,Tablet,Antidiabetic (Biguanide),22.3,52.8,20.0,25.0,0.0,0.0,0.0,2.4,0.0,0,0,0,0.0,491,0,LOW
MED-014,Subcutaneous Injection,Endocrine (Hormone),2.6,46.5,2.0,8.0,0.0,0.0,0.0,2.0,0.0,1,1,0,0.0,700,0,LOW
MED-005,Tablet,Antihyperlipidemic (Statin),16.7,74.9,20.0,25.0,3.3,0.0,3.3,8.3,27.39,0,0,0,0.0,310,0,MODERATE
MED-002,Capsule,Antibiotic (Penicillin),-0.2,83.2,20.0,25.0,20.2,0.0,20.2,18.3,369.66,0,0,0,0.0,215,0,HIGH
MED-004,Tablet,Antidiabetic (Biguanide),27.6,64.1,20.0,25.0,0.0,2.6,2.6,13.5,35.1,0,0,0,0.0,298,0,MODERATE
MED-002,Capsule,Antibiotic (Penicillin),26.8,34.8,20.0,25.0,0.0,1.8,1.8,11.4,20.52,0,0,0,0.0,136,0,MODERATE
MED-010,Tablet,Antihistamine,19.9,76.4,20.0,25.0,0.1,0.0,0.1,17.0,1.7,0,0,0,0.0,183,0,LOW
MED-016,Inhalation Aerosol,Respiratory (Bronchodilator),26.7,22.4,15.0,25.0,0.0,1.7,1.7,27.8,47.26,0,1,0,0.0,300,0,MODERATE
MED-011,Tablet,Antihypertensive (ARB),35.9,77.6,15.0,30.0,0.0,5.9,5.9,19.7,116.23,0,0,0,0.0,153,0,MODERATE
MED-012,Tablet,Antihypertensive (CCB),28.5,36.1,15.0,30.0,0.0,0.0,0.0,1.8,0.0,0,0,0,0.0,478,0,LOW
MED-023,Capsule,Anticonvulsant / Neuropathic,15.5,34.7,15.0,30.0,0.0,0.0,0.0,6.2,0.0,0,0,0,0.0,237,0,LOW
MED-014,Subcutaneous Injection,Endocrine (Hormone),1.2,47.3,2.0,8.0,0.8,0.0,0.8,1.5,1.2,1,1,0,0.0,571,0,MODERATE
MED-008,Tablet,Antibiotic (Fluoroquinolone),27.1,37.2,20.0,25.0,0.0,2.1,2.1,16.1,33.81,0,0,0,0.0,274,0,MODERATE
MED-015,Subcutaneous Injection,Endocrine (Hormone),30.1,71.9,2.0,8.0,0.0,22.1,22.1,44.8,990.08,1,1,0,0.0,147,0,HIGH
MED-017,Nasal Spray Suspension,Corticosteroid / Allergy,42.0,38.6,4.0,30.0,0.0,12.0,12.0,38.3,459.6,0,1,0,0.0,40,1,HIGH
MED-013,Tablet,Endocrine (Thyroid Hormone),21.9,66.6,15.0,30.0,0.0,0.0,0.0,3.1,0.0,0,0,0,0.0,250,0,LOW
MED-014,Subcutaneous Injection,Endocrine (Hormone),25.1,65.2,2.0,8.0,0.0,17.1,17.1,23.9,408.69,1,1,0,0.0,361,0,HIGH
MED-014,Subcutaneous Injection,Endocrine (Hormone),5.4,82.4,2.0,8.0,0.0,0.0,0.0,0.2,0.0,1,1,0,0.0,342,0,LOW
MED-022,Tablet,Antiplatelet / Hematologic,25.7,24.8,15.0,30.0,0.0,0.0,0.0,3.2,0.0,0,0,0,0.0,187,0,LOW
MED-025,Tablet,Diuretic / Antihypertensive,33.3,83.1,15.0,30.0,0.0,3.3,3.3,11.6,38.28,0,0,0,0.0,207,0,MODERATE
MED-011,Tablet,Antihypertensive (ARB),33.7,33.0,15.0,30.0,0.0,3.7,3.7,12.9,47.73,0,0,0,0.0,426,0,MODERATE
MED-004,Tablet,Antidiabetic (Biguanide),39.5,63.3,20.0,25.0,0.0,14.5,14.5,40.9,593.05,0,0,0,0.0,229,0,HIGH
MED-001,Tablet,Analgesic / Antipyretic,30.1,69.8,20.0,25.0,0.0,5.1,5.1,8.7,44.37,0,0,0,0.0,306,0,MODERATE
MED-013,Tablet,Endocrine (Thyroid Hormone),21.8,30.6,15.0,30.0,0.0,0.0,0.0,3.3,0.0,0,0,0,0.0,314,0,LOW
MED-008,Tablet,Antibiotic (Fluoroquinolone),28.4,32.5,20.0,25.0,0.0,3.4,3.4,14.5,49.3,0,0,0,0.0,466,0,MODERATE
MED-025,Tablet,Diuretic / Antihypertensive,34.8,68.5,15.0,30.0,0.0,4.8,4.8,3.7,17.76,0,0,0,0.0,495,0,LOW
MED-014,Subcutaneous Injection,Endocrine (Hormone),7.2,37.3,2.0,8.0,0.0,0.0,0.0,3.2,0.0,1,1,0,0.0,715,0,LOW
MED-019,Delayed-Release Tablet,Gastrointestinal (PPI),46.9,61.1,20.0,25.0,0.0,21.9,21.9,71.8,1572.42,0,0,0,0.0,20,1,HIGH
MED-008,Tablet,Antibiotic (Fluoroquinolone),27.4,58.3,20.0,25.0,0.0,2.4,2.4,20.6,49.44,0,0,0,0.0,325,0,MODERATE
MED-007,Tablet,Antibiotic (Macrolide),12.1,75.5,15.0,30.0,2.9,0.0,2.9,23.7,68.73,0,0,0,0.0,446,0,MODERATE
MED-015,Subcutaneous Injection,Endocrine (Hormone),-1.7,72.7,2.0,8.0,3.7,0.0,3.7,17.8,65.86,1,1,0,0.0,51,0,HIGH
MED-007,Tablet,Antibiotic (Macrolide),43.8,57.7,15.0,30.0,0.0,13.8,13.8,60.1,829.38,0,0,0,0.0,134,0,HIGH
MED-002,Capsule,Antibiotic (Penicillin),24.8,42.2,20.0,25.0,0.0,0.0,0.0,21.4,0.0,0,0,0,0.0,32,1,LOW
MED-008,Tablet,Antibiotic (Fluoroquinolone),47.6,80.6,20.0,25.0,0.0,22.6,22.6,31.9,720.94,0,0,0,0.0,297,0,HIGH
MED-001,Tablet,Analgesic / Antipyretic,34.5,69.6,20.0,25.0,0.0,9.5,9.5,33.5,318.25,0,0,0,0.0,216,0,HIGH
MED-025,Tablet,Diuretic / Antihypertensive,22.8,50.7,15.0,30.0,0.0,0.0,0.0,3.9,0.0,0,0,0,0.0,126,0,LOW
MED-018,Capsule,Antibiotic (Tetracycline),30.7,33.9,20.0,25.0,0.0,5.7,5.7,3.9,22.23,0,0,0,0.0,217,0,MODERATE
MED-004,Tablet,Antidiabetic (Biguanide),1.0,66.9,20.0,25.0,19.0,0.0,19.0,41.7,792.3,0,0,0,0.0,51,1,HIGH
MED-022,Tablet,Antiplatelet / Hematologic,36.9,46.6,15.0,30.0,0.0,6.9,6.9,26.4,182.16,0,0,0,0.0,156,0,HIGH
MED-023,Capsule,Anticonvulsant / Neuropathic,44.6,82.2,15.0,30.0,0.0,14.6,14.6,69.9,1020.54,0,0,0,0.0,116,0,HIGH
MED-016,Inhalation Aerosol,Respiratory (Bronchodilator),21.0,54.5,15.0,25.0,0.0,0.0,0.0,3.5,0.0,0,1,0,0.0,659,0,LOW
MED-001,Tablet,Analgesic / Antipyretic,24.9,81.3,20.0,25.0,0.0,0.0,0.0,34.9,0.0,0,0,0,0.0,331,0,LOW
MED-015,Subcutaneous Injection,Endocrine (Hormone),4.5,47.7,2.0,8.0,0.0,0.0,0.0,0.4,0.0,1,1,0,0.0,438,0,LOW
MED-006,Delayed-Release Capsule,Gastrointestinal (PPI),15.6,33.6,15.0,30.0,0.0,0.0,0.0,1.6,0.0,0,0,0,0.0,93,0,LOW
MED-013,Tablet,Endocrine (Thyroid Hormone),23.0,59.4,15.0,30.0,0.0,0.0,0.0,0.7,0.0,0,0,0,0.0,671,0,LOW
MED-009,Tablet,Analgesic / NSAID,15.0,64.5,20.0,25.0,5.0,0.0,5.0,2.7,13.5,0,0,0,0.0,26,1,MODERATE
MED-010,Tablet,Antihistamine,44.0,64.3,20.0,25.0,0.0,19.0,19.0,70.5,1339.5,0,0,0,0.0,280,0,HIGH
MED-017,Nasal Spray Suspension,Corticosteroid / Allergy,20.0,43.4,4.0,30.0,0.0,0.0,0.0,2.7,0.0,0,1,0,0.0,267,0,LOW
MED-013,Tablet,Endocrine (Thyroid Hormone),13.3,59.0,15.0,30.0,1.7,0.0,1.7,23.5,39.95,0,0,0,0.0,323,0,MODERATE
MED-001,Tablet,Analgesic / Antipyretic,28.1,63.7,20.0,25.0,0.0,3.1,3.1,16.4,50.84,0,0,0,0.0,326,0,MODERATE
MED-002,Capsule,Antibiotic (Penicillin),46.5,78.1,20.0,25.0,0.0,21.5,21.5,70.2,1509.3,0,0,0,0.0,210,0,HIGH
MED-008,Tablet,Antibiotic (Fluoroquinolone),21.5,53.3,20.0,25.0,0.0,0.0,0.0,2.9,0.0,0,0,0,0.0,413,0,LOW
MED-014,Subcutaneous Injection,Endocrine (Hormone),9.2,44.2,2.0,8.0,0.0,1.2,1.2,1.4,1.68,1,1,0,0.0,273,0,LOW
MED-023,Capsule,Anticonvulsant / Neuropathic,33.1,78.9,15.0,30.0,0.0,3.1,3.1,6.9,21.39,0,0,0,0.0,333,0,MODERATE
MED-008,Tablet,Antibiotic (Fluoroquinolone),30.0,47.2,20.0,25.0,0.0,5.0,5.0,33.3,166.5,0,0,0,0.0,474,0,HIGH
MED-010,Tablet,Antihistamine,20.7,73.4,20.0,25.0,0.0,0.0,0.0,3.5,0.0,0,0,0,0.0,365,0,LOW
MED-011,Tablet,Antihypertensive (ARB),32.8,39.7,15.0,30.0,0.0,2.8,2.8,13.7,38.36,0,0,0,0.0,47,1,HIGH
MED-019,Delayed-Release Tablet,Gastrointestinal (PPI),29.1,40.9,20.0,25.0,0.0,4.1,4.1,17.6,72.16,0,0,0,0.0,259,0,MODERATE
MED-004,Tablet,Antidiabetic (Biguanide),27.6,31.6,20.0,25.0,0.0,2.6,2.6,27.5,71.5,0,0,0,0.0,395,0,MODERATE
MED-006,Delayed-Release Capsule,Gastrointestinal (PPI),31.5,59.3,15.0,30.0,0.0,1.5,1.5,14.0,21.0,0,0,0,0.0,123,0,MODERATE
MED-013,Tablet,Endocrine (Thyroid Hormone),32.8,46.4,15.0,30.0,0.0,2.8,2.8,12.8,35.84,0,0,0,0.0,380,0,MODERATE
MED-015,Subcutaneous Injection,Endocrine (Hormone),3.5,81.3,2.0,8.0,0.0,0.0,0.0,2.2,0.0,1,1,0,0.0,571,0,LOW
MED-022,Tablet,Antiplatelet / Hematologic,35.7,63.3,15.0,30.0,0.0,5.7,5.7,12.7,72.39,0,0,0,0.0,258,0,MODERATE
MED-012,Tablet,Antihypertensive (CCB),14.8,59.3,15.0,30.0,0.2,0.0,0.2,22.7,4.54,0,0,0,0.0,36,1,LOW
MED-023,Capsule,Anticonvulsant / Neuropathic,32.6,78.0,15.0,30.0,0.0,2.6,2.6,23.3,60.58,0,0,0,0.0,120,0,MODERATE
MED-004,Tablet,Antidiabetic (Biguanide),28.5,59.9,20.0,25.0,0.0,3.5,3.5,8.9,31.15,0,0,0,0.0,88,1,MODERATE
MED-012,Tablet,Antihypertensive (CCB),20.8,34.6,15.0,30.0,0.0,0.0,0.0,0.3,0.0,0,0,0,0.0,271,0,LOW
MED-010,Tablet,Antihistamine,44.4,81.1,20.0,25.0,0.0,19.4,19.4,8.4,162.96,0,0,0,0.0,222,0,HIGH
MED-022,Tablet,Antiplatelet / Hematologic,33.4,20.9,15.0,30.0,0.0,3.4,3.4,4.0,13.6,0,0,0,0.0,469,0,LOW
MED-009,Tablet,Analgesic / NSAID,24.4,36.7,20.0,25.0,0.0,0.0,0.0,1.0,0.0,0,0,0,0.0,405,0,LOW
MED-015,Subcutaneous Injection,Endocrine (Hormone),7.6,70.6,2.0,8.0,0.0,0.0,0.0,1.1,0.0,1,1,0,0.0,682,0,LOW
MED-019,Delayed-Release Tablet,Gastrointestinal (PPI),15.6,58.6,20.0,25.0,4.4,0.0,4.4,14.6,64.24,0,0,0,0.0,200,0,MODERATE
MED-010,Tablet,Antihistamine,21.5,46.2,20.0,25.0,0.0,0.0,0.0,1.6,0.0,0,0,0,0.0,549,0,LOW
MED-024,Tablet,Corticosteroid / Anti-inflammatory,42.2,20.3,20.0,25.0,0.0,17.2,17.2,20.6,354.32,0,0,0,0.0,266,0,HIGH
MED-010,Tablet,Antihistamine,27.4,20.5,20.0,25.0,0.0,2.4,2.4,7.9,18.96,0,0,0,0.0,323,0,LOW
MED-023,Capsule,Anticonvulsant / Neuropathic,18.5,78.0,15.0,30.0,0.0,0.0,0.0,1.3,0.0,0,0,0,0.0,322,0,LOW
MED-016,Inhalation Aerosol,Respiratory (Bronchodilator),18.0,43.9,15.0,25.0,0.0,0.0,0.0,3.3,0.0,0,1,0,0.0,606,0,LOW
MED-009,Tablet,Analgesic / NSAID,32.4,63.6,20.0,25.0,0.0,7.4,7.4,10.1,74.74,0,0,0,0.0,518,0,MODERATE
MED-021,Tablet,Respiratory (Leukotriene Antagonist),36.1,31.4,15.0,30.0,0.0,6.1,6.1,32.9,200.69,0,0,0,0.0,421,0,HIGH
MED-015,Subcutaneous Injection,Endocrine (Hormone),12.1,75.6,2.0,8.0,0.0,4.1,4.1,3.0,12.3,1,1,0,0.0,130,0,MODERATE
MED-004,Tablet,Antidiabetic (Biguanide),45.5,30.8,20.0,25.0,0.0,20.5,20.5,9.4,192.7,0,0,0,0.0,210,0,HIGH
MED-011,Tablet,Antihypertensive (ARB),32.1,66.1,15.0,30.0,0.0,2.1,2.1,16.1,33.81,0,0,0,0.0,81,0,MODERATE
MED-019,Delayed-Release Tablet,Gastrointestinal (PPI),20.5,30.1,20.0,25.0,0.0,0.0,0.0,1.8,0.0,0,0,0,0.0,188,0,LOW
MED-006,Delayed-Release Capsule,Gastrointestinal (PPI),30.4,41.1,15.0,30.0,0.0,0.4,0.4,13.1,5.24,0,0,0,0.0,66,0,LOW
MED-007,Tablet,Antibiotic (Macrolide),30.6,32.2,15.0,30.0,0.0,0.6,0.6,16.6,9.96,0,0,0,0.0,320,0,LOW
MED-001,Tablet,Analgesic / Antipyretic,20.4,22.7,20.0,25.0,0.0,0.0,0.0,12.1,0.0,0,0,0,0.0,319,0,LOW
MED-014,Subcutaneous Injection,Endocrine (Hormone),6.9,28.3,2.0,8.0,0.0,0.0,0.0,5.4,0.0,1,1,0,0.0,116,0,LOW
MED-010,Tablet,Antihistamine,39.0,55.2,20.0,25.0,0.0,14.0,14.0,24.3,340.2,0,0,0,0.0,193,0,HIGH
MED-023,Capsule,Anticonvulsant / Neuropathic,37.3,37.5,15.0,30.0,0.0,7.3,7.3,25.5,186.15,0,0,0,0.0,67,0,HIGH
MED-021,Tablet,Respiratory (Leukotriene Antagonist),29.6,37.9,15.0,30.0,0.0,0.0,0.0,0.3,0.0,0,0,0,0.0,30,1,LOW
MED-023,Capsule,Anticonvulsant / Neuropathic,12.7,67.6,15.0,30.0,2.3,0.0,2.3,13.5,31.05,0,0,0,0.0,55,1,MODERATE
MED-010,Tablet,Antihistamine,21.1,23.6,20.0,25.0,0.0,0.0,0.0,3.9,0.0,0,0,0,0.0,76,0,LOW
MED-016,Inhalation Aerosol,Respiratory (Bronchodilator),18.6,35.1,15.0,25.0,0.0,0.0,0.0,2.3,0.0,0,1,0,0.0,572,0,LOW
MED-001,Tablet,Analgesic / Antipyretic,38.5,47.2,20.0,25.0,0.0,13.5,13.5,42.8,577.8,0,0,0,0.0,273,0,HIGH
MED-013,Tablet,Endocrine (Thyroid Hormone),16.1,23.5,15.0,30.0,0.0,0.0,0.0,2.5,0.0,0,0,0,0.0,533,0,LOW
MED-021,Tablet,Respiratory (Leukotriene Antagonist),24.9,47.6,15.0,30.0,0.0,0.0,0.0,3.7,0.0,0,0,0,0.0,633,0,LOW
MED-017,Nasal Spray Suspension,Corticosteroid / Allergy,36.9,80.7,4.0,30.0,0.0,6.9,6.9,9.6,66.24,0,1,0,0.0,110,0,MODERATE
MED-021,Tablet,Respiratory (Leukotriene Antagonist),32.7,40.4,15.0,30.0,0.0,2.7,2.7,22.7,61.29,0,0,0,0.0,393,0,MODERATE
MED-022,Tablet,Antiplatelet / Hematologic,22.6,74.6,15.0,30.0,0.0,0.0,0.0,3.4,0.0,0,0,0,0.0,397,0,LOW
MED-024,Tablet,Corticosteroid / Anti-inflammatory,34.1,79.2,20.0,25.0,0.0,9.1,9.1,70.7,643.37,0,0,0,0.0,317,0,HIGH
MED-023,Capsule,Anticonvulsant / Neuropathic,45.8,34.5,15.0,30.0,0.0,15.8,15.8,38.3,605.14,0,0,0,0.0,78,0,HIGH
MED-016,Inhalation Aerosol,Respiratory (Bronchodilator),3.0,63.0,15.0,25.0,12.0,0.0,12.0,63.4,760.8,0,1,0,0.0,24,1,HIGH
MED-025,Tablet,Diuretic / Antihypertensive,28.1,29.5,15.0,30.0,0.0,0.0,0.0,32.8,0.0,0,0,0,0.0,72,0,LOW
MED-006,Delayed-Release Capsule,Gastrointestinal (PPI),32.5,35.8,15.0,30.0,0.0,2.5,2.5,4.6,11.5,0,0,0,0.0,371,0,LOW
MED-021,Tablet,Respiratory (Leukotriene Antagonist),21.5,59.9,15.0,30.0,0.0,0.0,0.0,0.1,0.0,0,0,0,0.0,703,0,LOW
MED-006,Delayed-Release Capsule,Gastrointestinal (PPI),45.2,69.2,15.0,30.0,0.0,15.2,15.2,15.8,240.16,0,0,0,0.0,264,0,HIGH
MED-003,Tablet,Antibiotic (Beta-lactamase inhibitor),39.2,38.9,15.0,25.0,0.0,14.2,14.2,25.9,367.78,0,0,0,0.0,245,0,HIGH
MED-018,Capsule,Antibiotic (Tetracycline),28.2,72.6,20.0,25.0,0.0,3.2,3.2,26.4,84.48,0,0,0,0.0,464,0,MODERATE
MED-021,Tablet,Respiratory (Leukotriene Antagonist),31.9,67.1,15.0,30.0,0.0,1.9,1.9,8.7,16.53,0,0,0,0.0,275,0,LOW
MED-025,Tablet,Diuretic / Antihypertensive,43.5,67.4,15.0,30.0,0.0,13.5,13.5,69.2,934.2,0,0,0,0.0,284,0,HIGH
MED-015,Subcutaneous Injection,Endocrine (Hormone),15.9,56.0,2.0,8.0,0.0,7.9,7.9,5.3,41.87,1,1,0,0.0,254,0,MODERATE
MED-010,Tablet,Antihistamine,26.8,38.7,20.0,25.0,0.0,1.8,1.8,16.4,29.52,0,0,0,0.0,349,0,MODERATE
MED-025,Tablet,Diuretic / Antihypertensive,10.2,20.6,15.0,30.0,4.8,0.0,4.8,7.7,36.96,0,0,0,0.0,556,0,MODERATE
MED-008,Tablet,Antibiotic (Fluoroquinolone),27.8,76.0,20.0,25.0,0.0,2.8,2.8,10.3,28.84,0,0,0,0.0,59,1,MODERATE
MED-017,Nasal Spray Suspension,Corticosteroid / Allergy,34.7,55.8,4.0,30.0,0.0,4.7,4.7,21.5,101.05,0,1,0,0.0,47,1,HIGH
MED-013,Tablet,Endocrine (Thyroid Hormone),32.5,74.1,15.0,30.0,0.0,2.5,2.5,22.3,55.75,0,0,0,0.0,12,1,HIGH
MED-025,Tablet,Diuretic / Antihypertensive,41.1,51.3,15.0,30.0,0.0,11.1,11.1,71.1,789.21,0,0,0,0.0,358,0,HIGH
MED-020,Tablet,Antidepressant (SSRI),20.8,39.0,20.0,25.0,0.0,0.0,0.0,3.9,0.0,0,0,0,0.0,581,0,LOW
MED-016,Inhalation Aerosol,Respiratory (Bronchodilator),25.5,50.1,15.0,25.0,0.0,0.5,0.5,7.7,3.85,0,1,0,0.0,141,0,LOW
MED-016,Inhalation Aerosol,Respiratory (Bronchodilator),30.6,42.7,15.0,25.0,0.0,5.6,5.6,3.0,16.8,0,1,0,0.0,83,0,MODERATE
MED-010,Tablet,Antihistamine,15.0,29.1,20.0,25.0,5.0,0.0,5.0,2.1,10.5,0,0,0,0.0,501,0,MODERATE
MED-013,Tablet,Endocrine (Thyroid Hormone),37.8,45.1,15.0,30.0,0.0,7.8,7.8,8.5,66.3,0,0,0,0.0,423,0,MODERATE
MED-014,Subcutaneous Injection,Endocrine (Hormone),3.9,49.0,2.0,8.0,0.0,0.0,0.0,3.1,0.0,1,1,0,0.0,345,0,LOW
MED-011,Tablet,Antihypertensive (ARB),39.1,24.8,15.0,30.0,0.0,9.1,9.1,54.2,493.22,0,0,0,0.0,307,0,HIGH
MED-001,Tablet,Analgesic / Antipyretic,16.0,57.7,20.0,25.0,4.0,0.0,4.0,12.7,50.8,0,0,0,0.0,478,0,MODERATE
MED-022,Tablet,Antiplatelet / Hematologic,28.0,51.5,15.0,30.0,0.0,0.0,0.0,1.8,0.0,0,0,0,0.0,531,0,LOW
MED-004,Tablet,Antidiabetic (Biguanide),21.9,60.0,20.0,25.0,0.0,0.0,0.0,8.7,0.0,0,0,0,0.0,236,0,LOW
MED-005,Tablet,Antihyperlipidemic (Statin),31.8,31.7,20.0,25.0,0.0,6.8,6.8,25.9,176.12,0,0,0,0.0,468,0,HIGH
MED-015,Subcutaneous Injection,Endocrine (Hormone),7.0,75.1,2.0,8.0,0.0,0.0,0.0,0.3,0.0,1,1,0,0.0,328,0,LOW
MED-002,Capsule,Antibiotic (Penicillin),20.4,58.7,20.0,25.0,0.0,0.0,0.0,0.7,0.0,0,0,0,0.0,550,0,LOW
MED-019,Delayed-Release Tablet,Gastrointestinal (PPI),22.1,59.3,20.0,25.0,0.0,0.0,0.0,1.2,0.0,0,0,0,0.0,186,0,LOW
MED-025,Tablet,Diuretic / Antihypertensive,15.8,36.8,15.0,30.0,0.0,0.0,0.0,22.7,0.0,0,0,0,0.0,258,0,LOW
MED-025,Tablet,Diuretic / Antihypertensive,27.9,30.4,15.0,30.0,0.0,0.0,0.0,0.6,0.0,0,0,0,0.0,78,0,LOW
MED-004,Tablet,Antidiabetic (Biguanide),29.4,76.0,20.0,25.0,0.0,4.4,4.4,5.0,22.0,0,0,0,0.0,129,0,MODERATE
MED-012,Tablet,Antihypertensive (CCB),32.1,65.2,15.0,30.0,0.0,2.1,2.1,4.7,9.87,0,0,0,0.0,423,0,LOW
MED-008,Tablet,Antibiotic (Fluoroquinolone),33.1,72.5,20.0,25.0,0.0,8.1,8.1,8.9,72.09,0,0,0,0.0,49,1,HIGH
MED-022,Tablet,Antiplatelet / Hematologic,15.3,80.1,15.0,30.0,0.0,0.0,0.0,10.3,0.0,0,0,0,0.0,407,0,LOW
MED-009,Tablet,Analgesic / NSAID,31.0,39.2,20.0,25.0,0.0,6.0,6.0,14.3,85.8,0,0,0,0.0,58,1,HIGH
MED-019,Delayed-Release Tablet,Gastrointestinal (PPI),37.7,45.0,20.0,25.0,0.0,12.7,12.7,64.4,817.88,0,0,0,0.0,245,0,HIGH
MED-006,Delayed-Release Capsule,Gastrointestinal (PPI),44.7,71.4,15.0,30.0,0.0,14.7,14.7,45.8,673.26,0,0,0,0.0,266,0,HIGH
MED-005,Tablet,Antihyperlipidemic (Statin),32.6,40.9,20.0,25.0,0.0,7.6,7.6,11.2,85.12,0,0,0,0.0,393,0,MODERATE
MED-011,Tablet,Antihypertensive (ARB),34.0,83.0,15.0,30.0,0.0,4.0,4.0,16.0,64.0,0,0,0,0.0,23,1,HIGH
MED-016,Inhalation Aerosol,Respiratory (Bronchodilator),12.0,68.6,15.0,25.0,3.0,0.0,3.0,3.1,9.3,0,1,0,0.0,477,0,LOW
MED-020,Tablet,Antidepressant (SSRI),25.4,62.3,20.0,25.0,0.0,0.4,0.4,28.1,11.24,0,0,0,0.0,307,0,LOW
MED-019,Delayed-Release Tablet,Gastrointestinal (PPI),25.6,32.5,20.0,25.0,0.0,0.6,0.6,5.5,3.3,0,0,0,0.0,405,0,LOW
MED-003,Tablet,Antibiotic (Beta-lactamase inhibitor),18.5,61.4,15.0,25.0,0.0,0.0,0.0,1.3,0.0,0,0,0,0.0,273,0,LOW
MED-015,Subcutaneous Injection,Endocrine (Hormone),11.1,46.5,2.0,8.0,0.0,3.1,3.1,4.4,13.64,1,1,0,0.0,298,0,MODERATE
MED-007,Tablet,Antibiotic (Macrolide),14.3,57.6,15.0,30.0,0.7,0.0,0.7,20.9,14.63,0,0,0,0.0,125,0,LOW
MED-021,Tablet,Respiratory (Leukotriene Antagonist),16.2,84.2,15.0,30.0,0.0,0.0,0.0,4.6,0.0,0,0,0,0.0,407,0,LOW
MED-005,Tablet,Antihyperlipidemic (Statin),31.5,63.2,20.0,25.0,0.0,6.5,6.5,6.0,39.0,0,0,0,0.0,22,1,HIGH
MED-020,Tablet,Antidepressant (SSRI),29.5,61.5,20.0,25.0,0.0,4.5,4.5,25.8,116.1,0,0,0,0.0,279,0,MODERATE
MED-010,Tablet,Antihistamine,17.2,24.7,20.0,25.0,2.8,0.0,2.8,6.9,19.32,0,0,0,0.0,236,0,LOW
MED-019,Delayed-Release Tablet,Gastrointestinal (PPI),20.9,54.0,20.0,25.0,0.0,0.0,0.0,2.7,0.0,0,0,0,0.0,456,0,LOW
MED-014,Subcutaneous Injection,Endocrine (Hormone),3.5,58.5,2.0,8.0,0.0,0.0,0.0,0.5,0.0,1,1,0,0.0,52,0,LOW
MED-004,Tablet,Antidiabetic (Biguanide),28.8,33.0,20.0,25.0,0.0,3.8,3.8,11.4,43.32,0,0,0,0.0,486,0,MODERATE
MED-001,Tablet,Analgesic / Antipyretic,30.2,35.7,20.0,25.0,0.0,5.2,5.2,7.3,37.96,0,0,0,0.0,132,0,MODERATE
MED-021,Tablet,Respiratory (Leukotriene Antagonist),16.1,75.6,15.0,30.0,0.0,0.0,0.0,6.6,0.0,0,0,0,0.0,500,0,LOW
MED-019,Delayed-Release Tablet,Gastrointestinal (PPI),21.5,81.3,20.0,25.0,0.0,0.0,0.0,18.7,0.0,0,0,0,0.0,551,0,LOW
MED-004,Tablet,Antidiabetic (Biguanide),21.6,33.6,20.0,25.0,0.0,0.0,0.0,1.7,0.0,0,0,0,0.0,311,0,LOW
MED-003,Tablet,Antibiotic (Beta-lactamase inhibitor),14.8,40.9,15.0,25.0,0.2,0.0,0.2,11.8,2.36,0,0,0,0.0,15,1,LOW
MED-025,Tablet,Diuretic / Antihypertensive,33.7,49.0,15.0,30.0,0.0,3.7,3.7,25.4,93.98,0,0,0,0.0,210,0,MODERATE
MED-005,Tablet,Antihyperlipidemic (Statin),30.7,44.9,20.0,25.0,0.0,5.7,5.7,16.7,95.19,0,0,0,0.0,425,0,MODERATE
MED-022,Tablet,Antiplatelet / Hematologic,28.2,23.2,15.0,30.0,0.0,0.0,0.0,14.7,0.0,0,0,0,0.0,154,0,LOW
MED-008,Tablet,Antibiotic (Fluoroquinolone),27.5,59.5,20.0,25.0,0.0,2.5,2.5,7.2,18.0,0,0,0,0.0,243,0,LOW
MED-006,Delayed-Release Capsule,Gastrointestinal (PPI),11.9,72.6,15.0,30.0,3.1,0.0,3.1,16.0,49.6,0,0,0,0.0,266,0,MODERATE
MED-022,Tablet,Antiplatelet / Hematologic,16.4,77.7,15.0,30.0,0.0,0.0,0.0,3.3,0.0,0,0,0,0.0,92,0,LOW
MED-009,Tablet,Analgesic / NSAID,28.3,41.9,20.0,25.0,0.0,3.3,3.3,30.0,99.0,0,0,0,0.0,269,0,MODERATE
MED-020,Tablet,Antidepressant (SSRI),15.6,22.2,20.0,25.0,4.4,0.0,4.4,18.3,80.52,0,0,0,0.0,482,0,MODERATE
MED-003,Tablet,Antibiotic (Beta-lactamase inhibitor),19.4,59.5,15.0,25.0,0.0,0.0,0.0,1.7,0.0,0,0,0,0.0,308,0,LOW
MED-008,Tablet,Antibiotic (Fluoroquinolone),29.5,78.6,20.0,25.0,0.0,4.5,4.5,7.9,35.55,0,0,0,0.0,388,0,MODERATE
MED-025,Tablet,Diuretic / Antihypertensive,43.4,45.8,15.0,30.0,0.0,13.4,13.4,22.5,301.5,0,0,0,0.0,299,0,HIGH
MED-010,Tablet,Antihistamine,46.8,58.6,20.0,25.0,0.0,21.8,21.8,48.7,1061.66,0,0,0,0.0,224,0,HIGH
MED-003,Tablet,Antibiotic (Beta-lactamase inhibitor),24.7,63.4,15.0,25.0,0.0,0.0,0.0,3.9,0.0,0,0,0,0.0,728,0,LOW
MED-014,Subcutaneous Injection,Endocrine (Hormone),2.6,45.3,2.0,8.0,0.0,0.0,0.0,12.5,0.0,1,1,0,0.0,353,0,LOW
MED-014,Subcutaneous Injection,Endocrine (Hormone),7.0,68.7,2.0,8.0,0.0,0.0,0.0,1.9,0.0,1,1,0,0.0,288,0,LOW
MED-018,Capsule,Antibiotic (Tetracycline),21.6,43.0,20.0,25.0,0.0,0.0,0.0,0.5,0.0,0,0,0,0.0,605,0,LOW
MED-008,Tablet,Antibiotic (Fluoroquinolone),25.9,48.5,20.0,25.0,0.0,0.9,0.9,11.6,10.44,0,0,0,0.0,498,0,LOW
MED-025,Tablet,Diuretic / Antihypertensive,34.3,50.1,15.0,30.0,0.0,4.3,4.3,2.1,9.03,0,0,0,0.0,430,0,LOW
MED-004,Tablet,Antidiabetic (Biguanide),26.1,34.4,20.0,25.0,0.0,1.1,1.1,35.0,38.5,0,0,0,0.0,86,1,HIGH
MED-021,Tablet,Respiratory (Leukotriene Antagonist),31.8,32.0,15.0,30.0,0.0,1.8,1.8,12.5,22.5,0,0,0,0.0,40,1,MODERATE
MED-016,Inhalation Aerosol,Respiratory (Bronchodilator),11.1,55.3,15.0,25.0,3.9,0.0,3.9,15.6,60.84,0,1,0,0.0,339,0,MODERATE
MED-016,Inhalation Aerosol,Respiratory (Bronchodilator),34.1,60.8,15.0,25.0,0.0,9.1,9.1,18.5,168.35,0,1,0,0.0,267,0,HIGH
MED-007,Tablet,Antibiotic (Macrolide),33.1,20.9,15.0,30.0,0.0,3.1,3.1,9.4,29.14,0,0,0,0.0,317,0,MODERATE
MED-008,Tablet,Antibiotic (Fluoroquinolone),22.6,30.4,20.0,25.0,0.0,0.0,0.0,3.1,0.0,0,0,0,0.0,218,0,LOW
MED-021,Tablet,Respiratory (Leukotriene Antagonist),28.8,22.6,15.0,30.0,0.0,0.0,0.0,1.0,0.0,0,0,0,0.0,658,0,LOW
MED-008,Tablet,Antibiotic (Fluoroquinolone),44.6,33.5,20.0,25.0,0.0,19.6,19.6,59.7,1170.12,0,0,0,0.0,310,0,HIGH
MED-015,Subcutaneous Injection,Endocrine (Hormone),-2.2,39.6,2.0,8.0,4.2,0.0,4.2,1.6,6.72,1,1,0,0.0,209,0,HIGH
MED-020,Tablet,Antidepressant (SSRI),26.2,24.3,20.0,25.0,0.0,1.2,1.2,31.8,38.16,0,0,0,0.0,198,0,MODERATE
MED-025,Tablet,Diuretic / Antihypertensive,46.2,60.4,15.0,30.0,0.0,16.2,16.2,26.5,429.3,0,0,0,0.0,44,1,HIGH
MED-006,Delayed-Release Capsule,Gastrointestinal (PPI),-1.4,25.3,15.0,30.0,16.4,0.0,16.4,30.9,506.76,0,0,0,0.0,125,0,HIGH
MED-017,Nasal Spray Suspension,Corticosteroid / Allergy,32.8,43.9,4.0,30.0,0.0,2.8,2.8,10.7,29.96,0,1,0,0.0,152,0,MODERATE
MED-020,Tablet,Antidepressant (SSRI),44.7,29.5,20.0,25.0,0.0,19.7,19.7,36.7,722.99,0,0,0,0.0,263,0,HIGH
MED-006,Delayed-Release Capsule,Gastrointestinal (PPI),10.3,41.6,15.0,30.0,4.7,0.0,4.7,13.9,65.33,0,0,0,0.0,402,0,MODERATE
MED-009,Tablet,Analgesic / NSAID,25.7,62.1,20.0,25.0,0.0,0.7,0.7,6.3,4.41,0,0,0,0.0,63,0,LOW
MED-023,Capsule,Anticonvulsant / Neuropathic,31.0,22.8,15.0,30.0,0.0,1.0,1.0,13.2,13.2,0,0,0,0.0,306,0,LOW
MED-008,Tablet,Antibiotic (Fluoroquinolone),23.3,68.8,20.0,25.0,0.0,0.0,0.0,0.0,0.0,0,0,0,0.0,181,0,LOW
MED-022,Tablet,Antiplatelet / Hematologic,13.3,59.5,15.0,30.0,1.7,0.0,1.7,9.7,16.49,0,0,0,0.0,85,0,LOW
